latency,area,power,energy,DSE index,layers,"HW (tiles, bw)",restraint
196969606.1847773,2473063101.0817647,1298.883411829428,444698396.9821209,0,55,16 64,pass
144113597.75881407,494743694.0779528,234.46517382173792,170180847.61973774,1,28,4 48,pass
144312090.84972313,494743694.0779528,234.46517382173792,170180847.61973774,2,28,4 44,pass
144550282.5588141,494743694.0779528,234.46517382173792,170180847.61973774,3,28,4 40,pass
144841405.75881407,494743694.0779528,234.46517382173792,170180847.61973774,4,28,4 36,pass
145205309.75881407,494743694.0779528,234.46517382173792,170180847.61973774,5,28,4 32,pass
145673186.33024257,494743694.0779528,234.46517382173792,170180847.61973774,6,28,4 28,pass
146297021.75881407,494743694.0779528,234.46517382173792,170180847.61973774,7,28,4 24,pass
147170391.35881406,494743694.0779528,234.46517382173792,170180847.61973774,8,28,4 20,pass
148480445.75881407,494743694.0779528,234.46517382173792,170180847.61973774,9,28,4 16,pass
150663869.75881407,494743694.0779528,234.46517382173792,170180847.61973774,10,28,4 12,pass
155030717.75881407,494743694.0779528,234.46517382173792,170180847.61973774,11,28,4 8,pass
142024885.95902687,711876311.9198346,350.0923896864019,166878257.36659303,12,27,5 48,pass
142201141.95902687,711876311.9198346,350.0923896864019,166878257.36659303,13,27,5 44,pass
142412649.1590269,711876311.9198346,350.0923896864019,166878257.36659303,14,27,5 40,pass
142671157.95902687,711876311.9198346,350.0923896864019,166878257.36659303,15,27,5 36,pass
142994293.95902687,711876311.9198346,350.0923896864019,166878257.36659303,16,27,5 32,pass
143409754.53045538,711876311.9198346,350.0923896864019,166878257.36659303,17,27,5 28,pass
143963701.95902687,711876311.9198346,350.0923896864019,166878257.36659303,18,27,5 24,pass
144739228.35902688,711876311.9198346,350.0923896864019,166878257.36659303,19,27,5 20,pass
145902517.95902687,711876311.9198346,350.0923896864019,166878257.36659303,20,27,5 16,pass
147841333.95902687,711876311.9198346,350.0923896864019,166878257.36659303,21,27,5 12,pass
151718965.95902687,711876311.9198346,350.0923896864019,166878257.36659303,22,27,5 8,pass
97128015.93561746,941071852.9751544,480.956634250722,89530382.02787259,23,24,6 48,pass
97319666.84470838,941071852.9751544,480.956634250722,89530382.02787259,24,24,6 44,pass
97549647.93561748,941071852.9751544,480.956634250722,89530382.02787259,25,24,6 40,pass
97830735.93561746,941071852.9751544,480.956634250722,89530382.02787259,26,24,6 36,pass
98182095.93561746,941071852.9751544,480.956634250722,89530382.02787259,27,24,6 32,pass
98633844.50704604,941071852.9751544,480.956634250722,89530382.02787259,28,24,6 28,pass
99236175.93561746,941071852.9751544,480.956634250722,89530382.02787259,29,24,6 24,pass
100079439.93561746,941071852.9751544,480.956634250722,89530382.02787259,30,24,6 20,pass
101344335.93561746,941071852.9751544,480.956634250722,89530382.02787259,31,24,6 16,pass
103452495.93561746,941071852.9751544,480.956634250722,89530382.02787259,32,24,6 12,pass
107668815.93561746,941071852.9751544,480.956634250722,89530382.02787259,33,24,6 8,pass
40458814.10178029,1218519086.8842251,650.6492354508481,69537703.54538374,34,15,7 48,pass
40601714.46541664,1218519086.8842251,650.6492354508481,69537703.54538374,35,15,7 44,pass
40773194.90178031,1218519086.8842251,650.6492354508481,69537703.54538374,36,15,7 40,pass
40982782.10178029,1218519086.8842251,650.6492354508481,69537703.54538374,37,15,7 36,pass
41244766.10178029,1218519086.8842251,650.6492354508481,69537703.54538374,38,15,7 32,pass
41581602.673208825,1218519086.8842251,650.6492354508481,69537703.54538374,39,15,7 28,pass
42030718.10178029,1218519086.8842251,650.6492354508481,69537703.54538374,40,15,7 24,pass
42659479.70178029,1218519086.8842251,650.6492354508481,69537703.54538374,41,15,7 20,pass
43602622.10178029,1218519086.8842251,650.6492354508481,69537703.54538374,42,15,7 16,pass
45174526.10178029,1218519086.8842251,650.6492354508481,69537703.54538374,43,15,7 12,pass
48318334.10178028,1218519086.8842251,650.6492354508481,69537703.54538374,44,15,7 8,pass
152241380.16349596,1664847245.7814262,868.3541882952829,238234245.9304681,45,34,8 48,pass
152433031.07258683,1664847245.7814262,868.3541882952829,238234245.9304681,46,34,8 44,pass
152663012.16349596,1664847245.7814262,868.3541882952829,238234245.9304681,47,34,8 40,pass
152944100.16349596,1664847245.7814262,868.3541882952829,238234245.9304681,48,34,8 36,pass
153295460.16349596,1664847245.7814262,868.3541882952829,238234245.9304681,49,34,8 32,pass
153747208.73492447,1664847245.7814262,868.3541882952829,238234245.9304681,50,34,8 28,pass
154349540.16349596,1664847245.7814262,868.3541882952829,238234245.9304681,51,34,8 24,pass
155192804.163496,1664847245.7814262,868.3541882952829,238234245.9304681,52,34,8 20,pass
156457700.16349596,1664847245.7814262,868.3541882952829,238234245.9304681,53,34,8 16,pass
158565860.16349596,1664847245.7814262,868.3541882952829,238234245.9304681,54,34,8 12,pass
162782180.16349596,1664847245.7814262,868.3541882952829,238234245.9304681,55,34,8 8,pass
175271050.97285977,2135301251.105503,1120.1111875541642,366285418.51755375,56,45,9 48,pass
175482408.06376883,2135301251.105503,1120.1111875541642,366285418.51755375,57,45,9 44,pass
175736036.5728598,2135301251.105503,1120.1111875541642,366285418.51755375,58,45,9 40,pass
176046026.97285977,2135301251.105503,1120.1111875541642,366285418.51755375,59,45,9 36,pass
176433514.97285977,2135301251.105503,1120.1111875541642,366285418.51755375,60,45,9 32,pass
176931713.8300026,2135301251.105503,1120.1111875541642,366285418.51755375,61,45,9 28,pass
177595978.97285977,2135301251.105503,1120.1111875541642,366285418.51755375,62,45,9 24,pass
178525950.1728598,2135301251.105503,1120.1111875541642,366285418.51755375,63,45,9 20,pass
179920906.97285977,2135301251.105503,1120.1111875541642,366285418.51755375,64,45,9 16,pass
182245834.97285977,2135301251.105503,1120.1111875541642,366285418.51755375,65,45,9 12,pass
186895690.97285977,2135301251.105503,1120.1111875541642,366285418.51755375,66,45,9 8,fail
197289084.1847773,2461000177.8683267,1298.8746488843303,444698127.60385126,67,52,10 48,fail
197496130.0029592,2461000177.8683267,1298.8746488843303,444698127.60385126,68,52,10 44,fail
197744584.9847774,2461000177.8683267,1298.8746488843303,444698127.60385126,69,52,10 40,fail
198048252.1847773,2461000177.8683267,1298.8746488843303,444698127.60385126,70,52,10 36,fail
198427836.1847773,2461000177.8683267,1298.8746488843303,444698127.60385126,71,52,10 32,fail
198915872.7562059,2461000177.8683267,1298.8746488843303,444698127.60385126,72,52,10 28,fail
199566588.1847773,2461000177.8683267,1298.8746488843303,444698127.60385126,73,52,10 24,fail
200477589.7847773,2461000177.8683267,1298.8746488843303,444698127.60385126,74,52,10 20,fail
201844092.1847773,2461000177.8683267,1298.8746488843303,444698127.60385126,75,52,10 16,fail
204121596.1847773,2461000177.8683267,1298.8746488843303,444698127.60385126,76,52,10 12,fail
208676604.1847773,2461000177.8683267,1298.8746488843303,444698127.60385126,77,52,10 8,fail
197289084.1847773,2461000177.8683267,1298.8746488843303,444698127.60385126,78,52,11 48,fail
197496130.0029592,2461000177.8683267,1298.8746488843303,444698127.60385126,79,52,11 44,fail
197744584.9847774,2461000177.8683267,1298.8746488843303,444698127.60385126,80,52,11 40,fail
198048252.1847773,2461000177.8683267,1298.8746488843303,444698127.60385126,81,52,11 36,fail
198427836.1847773,2461000177.8683267,1298.8746488843303,444698127.60385126,82,52,11 32,fail
198915872.7562059,2461000177.8683267,1298.8746488843303,444698127.60385126,83,52,11 28,fail
199566588.1847773,2461000177.8683267,1298.8746488843303,444698127.60385126,84,52,11 24,fail
200477589.7847773,2461000177.8683267,1298.8746488843303,444698127.60385126,85,52,11 20,fail
201844092.1847773,2461000177.8683267,1298.8746488843303,444698127.60385126,86,52,11 16,fail
204121596.1847773,2461000177.8683267,1298.8746488843303,444698127.60385126,87,52,11 12,fail
208676604.1847773,2461000177.8683267,1298.8746488843303,444698127.60385126,88,52,11 8,fail
197289084.1847773,2461000177.8683267,1298.8746488843303,444698127.60385126,89,52,12 48,fail
197496130.0029592,2461000177.8683267,1298.8746488843303,444698127.60385126,90,52,12 44,fail
197744584.9847774,2461000177.8683267,1298.8746488843303,444698127.60385126,91,52,12 40,fail
198048252.1847773,2461000177.8683267,1298.8746488843303,444698127.60385126,92,52,12 36,fail
198427836.1847773,2461000177.8683267,1298.8746488843303,444698127.60385126,93,52,12 32,fail
198915872.7562059,2461000177.8683267,1298.8746488843303,444698127.60385126,94,52,12 28,fail
199566588.1847773,2461000177.8683267,1298.8746488843303,444698127.60385126,95,52,12 24,fail
200477589.7847773,2461000177.8683267,1298.8746488843303,444698127.60385126,96,52,12 20,fail
201844092.1847773,2461000177.8683267,1298.8746488843303,444698127.60385126,97,52,12 16,fail
204121596.1847773,2461000177.8683267,1298.8746488843303,444698127.60385126,98,52,12 12,fail
208676604.1847773,2461000177.8683267,1298.8746488843303,444698127.60385126,99,52,12 8,fail
197289084.1847773,2461000177.8683267,1298.8746488843303,444698127.60385126,100,52,13 48,fail
197496130.0029592,2461000177.8683267,1298.8746488843303,444698127.60385126,101,52,13 44,fail
197744584.9847774,2461000177.8683267,1298.8746488843303,444698127.60385126,102,52,13 40,fail
198048252.1847773,2461000177.8683267,1298.8746488843303,444698127.60385126,103,52,13 36,fail
198427836.1847773,2461000177.8683267,1298.8746488843303,444698127.60385126,104,52,13 32,fail
198915872.7562059,2461000177.8683267,1298.8746488843303,444698127.60385126,105,52,13 28,fail
199566588.1847773,2461000177.8683267,1298.8746488843303,444698127.60385126,106,52,13 24,fail
200477589.7847773,2461000177.8683267,1298.8746488843303,444698127.60385126,107,52,13 20,fail
201844092.1847773,2461000177.8683267,1298.8746488843303,444698127.60385126,108,52,13 16,fail
204121596.1847773,2461000177.8683267,1298.8746488843303,444698127.60385126,109,52,13 12,fail
208676604.1847773,2461000177.8683267,1298.8746488843303,444698127.60385126,110,52,13 8,fail
197289084.1847773,2461000177.8683267,1298.8746488843303,444698127.60385126,111,52,14 48,fail
197496130.0029592,2461000177.8683267,1298.8746488843303,444698127.60385126,112,52,14 44,fail
197744584.9847774,2461000177.8683267,1298.8746488843303,444698127.60385126,113,52,14 40,fail
198048252.1847773,2461000177.8683267,1298.8746488843303,444698127.60385126,114,52,14 36,fail
198427836.1847773,2461000177.8683267,1298.8746488843303,444698127.60385126,115,52,14 32,fail
198915872.7562059,2461000177.8683267,1298.8746488843303,444698127.60385126,116,52,14 28,fail
199566588.1847773,2461000177.8683267,1298.8746488843303,444698127.60385126,117,52,14 24,fail
200477589.7847773,2461000177.8683267,1298.8746488843303,444698127.60385126,118,52,14 20,fail
201844092.1847773,2461000177.8683267,1298.8746488843303,444698127.60385126,119,52,14 16,fail
204121596.1847773,2461000177.8683267,1298.8746488843303,444698127.60385126,120,52,14 12,fail
208676604.1847773,2461000177.8683267,1298.8746488843303,444698127.60385126,121,52,14 8,fail
197289084.1847773,2461000177.8683267,1298.8746488843303,444698127.60385126,122,52,15 48,fail
197496130.0029592,2461000177.8683267,1298.8746488843303,444698127.60385126,123,52,15 44,fail
197744584.9847774,2461000177.8683267,1298.8746488843303,444698127.60385126,124,52,15 40,fail
198048252.1847773,2461000177.8683267,1298.8746488843303,444698127.60385126,125,52,15 36,fail
198427836.1847773,2461000177.8683267,1298.8746488843303,444698127.60385126,126,52,15 32,fail
198915872.7562059,2461000177.8683267,1298.8746488843303,444698127.60385126,127,52,15 28,fail
199566588.1847773,2461000177.8683267,1298.8746488843303,444698127.60385126,128,52,15 24,fail
200477589.7847773,2461000177.8683267,1298.8746488843303,444698127.60385126,129,52,15 20,fail
201844092.1847773,2461000177.8683267,1298.8746488843303,444698127.60385126,130,52,15 16,fail
204121596.1847773,2461000177.8683267,1298.8746488843303,444698127.60385126,131,52,15 12,fail
208676604.1847773,2461000177.8683267,1298.8746488843303,444698127.60385126,132,52,15 8,fail
197289084.1847773,2461000177.8683267,1298.8746488843303,444698127.60385126,133,52,16 48,fail
197496130.0029592,2461000177.8683267,1298.8746488843303,444698127.60385126,134,52,16 44,fail
197744584.9847774,2461000177.8683267,1298.8746488843303,444698127.60385126,135,52,16 40,fail
198048252.1847773,2461000177.8683267,1298.8746488843303,444698127.60385126,136,52,16 36,fail
198427836.1847773,2461000177.8683267,1298.8746488843303,444698127.60385126,137,52,16 32,fail
198915872.7562059,2461000177.8683267,1298.8746488843303,444698127.60385126,138,52,16 28,fail
199566588.1847773,2461000177.8683267,1298.8746488843303,444698127.60385126,139,52,16 24,fail
200477589.7847773,2461000177.8683267,1298.8746488843303,444698127.60385126,140,52,16 20,fail
201844092.1847773,2461000177.8683267,1298.8746488843303,444698127.60385126,141,52,16 16,fail
204121596.1847773,2461000177.8683267,1298.8746488843303,444698127.60385126,142,52,16 12,fail
208676604.1847773,2461000177.8683267,1298.8746488843303,444698127.60385126,143,52,16 8,fail
91372347.7247641,470617847.6510771,243.9121276818527,166077410.6701162,144,20,4 48,pass
91534919.36112772,470617847.6510771,243.9121276818527,166077410.6701162,145,20,4 44,pass
91730005.32476416,470617847.6510771,243.9121276818527,166077410.6701162,146,20,4 40,pass
91968443.7247641,470617847.6510771,243.9121276818527,166077410.6701162,147,20,4 36,pass
92266491.7247641,470617847.6510771,243.9121276818527,166077410.6701162,148,20,4 32,pass
92649696.29619265,470617847.6510771,243.9121276818527,166077410.6701162,149,20,4 28,pass
93160635.7247641,470617847.6510771,243.9121276818527,166077410.6701162,150,20,4 24,pass
93875950.9247641,470617847.6510771,243.9121276818527,166077410.6701162,151,20,4 20,pass
94948923.7247641,470617847.6510771,243.9121276818527,166077410.6701162,152,20,4 16,pass
96737211.7247641,470617847.6510771,243.9121276818527,166077410.6701162,153,20,4 12,pass
100313787.7247641,470617847.6510771,243.9121276818527,166077410.6701162,154,20,4 8,pass
98106287.5351919,699813388.7063968,361.0348684773776,172903750.58402812,155,12,5 48,pass
98109778.4442828,699813388.7063968,361.0348684773776,172903750.58402812,156,12,5 44,pass
98113967.53519192,699813388.7063968,361.0348684773776,172903750.58402812,157,12,5 40,pass
98119087.5351919,699813388.7063968,361.0348684773776,172903750.58402812,158,12,5 36,pass
98125487.5351919,699813388.7063968,361.0348684773776,172903750.58402812,159,12,5 32,pass
98133716.10662048,699813388.7063968,361.0348684773776,172903750.58402812,160,12,5 28,pass
98144687.5351919,699813388.7063968,361.0348684773776,172903750.58402812,161,12,5 24,pass
98160047.53519188,699813388.7063968,361.0348684773776,172903750.58402812,162,12,5 20,pass
98183087.5351919,699813388.7063968,361.0348684773776,172903750.58402812,163,12,5 16,pass
98221487.5351919,699813388.7063968,361.0348684773776,172903750.58402812,164,12,5 12,pass
98298287.5351919,699813388.7063968,361.0348684773776,172903750.58402812,165,12,5 8,pass
71452063.9185925,929008929.7617164,485.6801111807794,87478663.5530618,166,22,6 48,pass
71643714.82768342,929008929.7617164,485.6801111807794,87478663.5530618,167,22,6 44,pass
71873695.91859254,929008929.7617164,485.6801111807794,87478663.5530618,168,22,6 40,pass
72154783.9185925,929008929.7617164,485.6801111807794,87478663.5530618,169,22,6 36,pass
72506143.9185925,929008929.7617164,485.6801111807794,87478663.5530618,170,22,6 32,pass
72957892.49002105,929008929.7617164,485.6801111807794,87478663.5530618,171,22,6 28,pass
73560223.9185925,929008929.7617164,485.6801111807794,87478663.5530618,172,22,6 24,pass
74403487.91859251,929008929.7617164,485.6801111807794,87478663.5530618,173,22,6 20,pass
75668383.9185925,929008929.7617164,485.6801111807794,87478663.5530618,174,22,6 16,pass
77776543.9185925,929008929.7617164,485.6801111807794,87478663.5530618,175,22,6 12,pass
81992863.9185925,929008929.7617164,485.6801111807794,87478663.5530618,176,22,6 8,pass
42416070.10178027,1218519086.884225,650.649235450848,69537703.54538374,177,20,7 48,pass
42607721.01087119,1218519086.884225,650.649235450848,69537703.54538374,178,20,7 44,pass
42837702.10178031,1218519086.884225,650.649235450848,69537703.54538374,179,20,7 40,pass
43118790.10178027,1218519086.884225,650.649235450848,69537703.54538374,180,20,7 36,pass
43470150.10178027,1218519086.884225,650.649235450848,69537703.54538374,181,20,7 32,pass
43921898.673208825,1218519086.884225,650.649235450848,69537703.54538374,182,20,7 28,pass
44524230.10178027,1218519086.884225,650.649235450848,69537703.54538374,183,20,7 24,pass
45367494.10178028,1218519086.884225,650.649235450848,69537703.54538374,184,20,7 20,pass
46632390.10178027,1218519086.884225,650.649235450848,69537703.54538374,185,20,7 16,pass
48740550.10178027,1218519086.884225,650.649235450848,69537703.54538374,186,20,7 12,pass
52956870.10178027,1218519086.884225,650.649235450848,69537703.54538374,187,20,7 8,pass
161551679.36690095,1701036015.4217398,890.4927669975367,274848026.7255062,188,35,8 48,pass
161743330.27599186,1701036015.4217398,890.4927669975367,274848026.7255062,189,35,8 44,pass
161973311.36690095,1701036015.4217398,890.4927669975367,274848026.7255062,190,35,8 40,pass
162254399.36690095,1701036015.4217398,890.4927669975367,274848026.7255062,191,35,8 36,pass
162605759.36690095,1701036015.4217398,890.4927669975367,274848026.7255062,192,35,8 32,pass
163057507.93832946,1701036015.4217398,890.4927669975367,274848026.7255062,193,35,8 28,pass
163659839.36690095,1701036015.4217398,890.4927669975367,274848026.7255062,194,35,8 24,pass
164503103.36690098,1701036015.4217398,890.4927669975367,274848026.7255062,195,35,8 20,pass
165767999.36690095,1701036015.4217398,890.4927669975367,274848026.7255062,196,35,8 16,pass
167876159.36690095,1701036015.4217398,890.4927669975367,274848026.7255062,197,35,8 12,pass
172092479.36690095,1701036015.4217398,890.4927669975367,274848026.7255062,198,35,8 8,pass
175271050.97285977,2135301251.105503,1120.1111875541642,366285418.51755375,199,45,9 48,pass
175482408.06376883,2135301251.105503,1120.1111875541642,366285418.51755375,200,45,9 44,pass
175736036.5728598,2135301251.105503,1120.1111875541642,366285418.51755375,201,45,9 40,pass
176046026.97285977,2135301251.105503,1120.1111875541642,366285418.51755375,202,45,9 36,pass
176433514.97285977,2135301251.105503,1120.1111875541642,366285418.51755375,203,45,9 32,pass
176931713.8300026,2135301251.105503,1120.1111875541642,366285418.51755375,204,45,9 28,pass
177595978.97285977,2135301251.105503,1120.1111875541642,366285418.51755375,205,45,9 24,pass
178525950.1728598,2135301251.105503,1120.1111875541642,366285418.51755375,206,45,9 20,pass
179920906.97285977,2135301251.105503,1120.1111875541642,366285418.51755375,207,45,9 16,pass
182245834.97285977,2135301251.105503,1120.1111875541642,366285418.51755375,208,45,9 12,pass
186895690.97285977,2135301251.105503,1120.1111875541642,366285418.51755375,209,45,9 8,fail
197289084.1847773,2461000177.8683267,1298.8746488843303,444698127.60385126,210,52,10 48,fail
197496130.0029592,2461000177.8683267,1298.8746488843303,444698127.60385126,211,52,10 44,fail
197744584.9847774,2461000177.8683267,1298.8746488843303,444698127.60385126,212,52,10 40,fail
198048252.1847773,2461000177.8683267,1298.8746488843303,444698127.60385126,213,52,10 36,fail
198427836.1847773,2461000177.8683267,1298.8746488843303,444698127.60385126,214,52,10 32,fail
198915872.7562059,2461000177.8683267,1298.8746488843303,444698127.60385126,215,52,10 28,fail
199566588.1847773,2461000177.8683267,1298.8746488843303,444698127.60385126,216,52,10 24,fail
200477589.7847773,2461000177.8683267,1298.8746488843303,444698127.60385126,217,52,10 20,fail
201844092.1847773,2461000177.8683267,1298.8746488843303,444698127.60385126,218,52,10 16,fail
204121596.1847773,2461000177.8683267,1298.8746488843303,444698127.60385126,219,52,10 12,fail
208676604.1847773,2461000177.8683267,1298.8746488843303,444698127.60385126,220,52,10 8,fail
197289084.1847773,2461000177.8683267,1298.8746488843303,444698127.60385126,221,52,11 48,fail
197496130.0029592,2461000177.8683267,1298.8746488843303,444698127.60385126,222,52,11 44,fail
197744584.9847774,2461000177.8683267,1298.8746488843303,444698127.60385126,223,52,11 40,fail
198048252.1847773,2461000177.8683267,1298.8746488843303,444698127.60385126,224,52,11 36,fail
198427836.1847773,2461000177.8683267,1298.8746488843303,444698127.60385126,225,52,11 32,fail
198915872.7562059,2461000177.8683267,1298.8746488843303,444698127.60385126,226,52,11 28,fail
199566588.1847773,2461000177.8683267,1298.8746488843303,444698127.60385126,227,52,11 24,fail
200477589.7847773,2461000177.8683267,1298.8746488843303,444698127.60385126,228,52,11 20,fail
201844092.1847773,2461000177.8683267,1298.8746488843303,444698127.60385126,229,52,11 16,fail
204121596.1847773,2461000177.8683267,1298.8746488843303,444698127.60385126,230,52,11 12,fail
208676604.1847773,2461000177.8683267,1298.8746488843303,444698127.60385126,231,52,11 8,fail
197289084.1847773,2461000177.8683267,1298.8746488843303,444698127.60385126,232,52,12 48,fail
197496130.0029592,2461000177.8683267,1298.8746488843303,444698127.60385126,233,52,12 44,fail
197744584.9847774,2461000177.8683267,1298.8746488843303,444698127.60385126,234,52,12 40,fail
198048252.1847773,2461000177.8683267,1298.8746488843303,444698127.60385126,235,52,12 36,fail
198427836.1847773,2461000177.8683267,1298.8746488843303,444698127.60385126,236,52,12 32,fail
198915872.7562059,2461000177.8683267,1298.8746488843303,444698127.60385126,237,52,12 28,fail
199566588.1847773,2461000177.8683267,1298.8746488843303,444698127.60385126,238,52,12 24,fail
200477589.7847773,2461000177.8683267,1298.8746488843303,444698127.60385126,239,52,12 20,fail
201844092.1847773,2461000177.8683267,1298.8746488843303,444698127.60385126,240,52,12 16,fail
204121596.1847773,2461000177.8683267,1298.8746488843303,444698127.60385126,241,52,12 12,fail
208676604.1847773,2461000177.8683267,1298.8746488843303,444698127.60385126,242,52,12 8,fail
197289084.1847773,2461000177.8683267,1298.8746488843303,444698127.60385126,243,52,13 48,fail
197496130.0029592,2461000177.8683267,1298.8746488843303,444698127.60385126,244,52,13 44,fail
197744584.9847774,2461000177.8683267,1298.8746488843303,444698127.60385126,245,52,13 40,fail
198048252.1847773,2461000177.8683267,1298.8746488843303,444698127.60385126,246,52,13 36,fail
198427836.1847773,2461000177.8683267,1298.8746488843303,444698127.60385126,247,52,13 32,fail
198915872.7562059,2461000177.8683267,1298.8746488843303,444698127.60385126,248,52,13 28,fail
199566588.1847773,2461000177.8683267,1298.8746488843303,444698127.60385126,249,52,13 24,fail
200477589.7847773,2461000177.8683267,1298.8746488843303,444698127.60385126,250,52,13 20,fail
201844092.1847773,2461000177.8683267,1298.8746488843303,444698127.60385126,251,52,13 16,fail
204121596.1847773,2461000177.8683267,1298.8746488843303,444698127.60385126,252,52,13 12,fail
208676604.1847773,2461000177.8683267,1298.8746488843303,444698127.60385126,253,52,13 8,fail
197289084.1847773,2461000177.8683267,1298.8746488843303,444698127.60385126,254,52,14 48,fail
197496130.0029592,2461000177.8683267,1298.8746488843303,444698127.60385126,255,52,14 44,fail
197744584.9847774,2461000177.8683267,1298.8746488843303,444698127.60385126,256,52,14 40,fail
198048252.1847773,2461000177.8683267,1298.8746488843303,444698127.60385126,257,52,14 36,fail
198427836.1847773,2461000177.8683267,1298.8746488843303,444698127.60385126,258,52,14 32,fail
198915872.7562059,2461000177.8683267,1298.8746488843303,444698127.60385126,259,52,14 28,fail
199566588.1847773,2461000177.8683267,1298.8746488843303,444698127.60385126,260,52,14 24,fail
200477589.7847773,2461000177.8683267,1298.8746488843303,444698127.60385126,261,52,14 20,fail
201844092.1847773,2461000177.8683267,1298.8746488843303,444698127.60385126,262,52,14 16,fail
204121596.1847773,2461000177.8683267,1298.8746488843303,444698127.60385126,263,52,14 12,fail
208676604.1847773,2461000177.8683267,1298.8746488843303,444698127.60385126,264,52,14 8,fail
197289084.1847773,2461000177.8683267,1298.8746488843303,444698127.60385126,265,52,15 48,fail
197496130.0029592,2461000177.8683267,1298.8746488843303,444698127.60385126,266,52,15 44,fail
197744584.9847774,2461000177.8683267,1298.8746488843303,444698127.60385126,267,52,15 40,fail
198048252.1847773,2461000177.8683267,1298.8746488843303,444698127.60385126,268,52,15 36,fail
198427836.1847773,2461000177.8683267,1298.8746488843303,444698127.60385126,269,52,15 32,fail
198915872.7562059,2461000177.8683267,1298.8746488843303,444698127.60385126,270,52,15 28,fail
199566588.1847773,2461000177.8683267,1298.8746488843303,444698127.60385126,271,52,15 24,fail
200477589.7847773,2461000177.8683267,1298.8746488843303,444698127.60385126,272,52,15 20,fail
201844092.1847773,2461000177.8683267,1298.8746488843303,444698127.60385126,273,52,15 16,fail
204121596.1847773,2461000177.8683267,1298.8746488843303,444698127.60385126,274,52,15 12,fail
208676604.1847773,2461000177.8683267,1298.8746488843303,444698127.60385126,275,52,15 8,fail
197289084.1847773,2461000177.8683267,1298.8746488843303,444698127.60385126,276,52,16 48,fail
197496130.0029592,2461000177.8683267,1298.8746488843303,444698127.60385126,277,52,16 44,fail
197744584.9847774,2461000177.8683267,1298.8746488843303,444698127.60385126,278,52,16 40,fail
198048252.1847773,2461000177.8683267,1298.8746488843303,444698127.60385126,279,52,16 36,fail
198427836.1847773,2461000177.8683267,1298.8746488843303,444698127.60385126,280,52,16 32,fail
198915872.7562059,2461000177.8683267,1298.8746488843303,444698127.60385126,281,52,16 28,fail
199566588.1847773,2461000177.8683267,1298.8746488843303,444698127.60385126,282,52,16 24,fail
200477589.7847773,2461000177.8683267,1298.8746488843303,444698127.60385126,283,52,16 20,fail
201844092.1847773,2461000177.8683267,1298.8746488843303,444698127.60385126,284,52,16 16,fail
204121596.1847773,2461000177.8683267,1298.8746488843303,444698127.60385126,285,52,16 12,fail
208676604.1847773,2461000177.8683267,1298.8746488843303,444698127.60385126,286,52,16 8,fail
116760989.74604528,470617847.651077,214.7931089715616,99685574.2235528,287,27,4 48,pass
116972346.8369544,470617847.651077,214.7931089715616,99685574.2235528,288,27,4 44,pass
117225975.34604532,470617847.651077,214.7931089715616,99685574.2235528,289,27,4 40,pass
117535965.74604528,470617847.651077,214.7931089715616,99685574.2235528,290,27,4 36,pass
117923453.74604528,470617847.651077,214.7931089715616,99685574.2235528,291,27,4 32,pass
118421652.60318813,470617847.651077,214.7931089715616,99685574.2235528,292,27,4 28,pass
119085917.74604528,470617847.651077,214.7931089715616,99685574.2235528,293,27,4 24,pass
120015888.9460453,470617847.651077,214.7931089715616,99685574.2235528,294,27,4 20,pass
121410845.74604528,470617847.651077,214.7931089715616,99685574.2235528,295,27,4 16,pass
123735773.74604528,470617847.651077,214.7931089715616,99685574.2235528,296,27,4 12,pass
128385629.74604528,470617847.651077,214.7931089715616,99685574.2235528,297,27,4 8,pass
115342695.94625811,687750465.4929589,330.4203248362255,96382983.97040808,298,28,5 48,pass
115554053.03716722,687750465.4929589,330.4203248362255,96382983.97040808,299,28,5 44,pass
115807681.54625814,687750465.4929589,330.4203248362255,96382983.97040808,300,28,5 40,pass
116117671.94625811,687750465.4929589,330.4203248362255,96382983.97040808,301,28,5 36,pass
116505159.94625811,687750465.4929589,330.4203248362255,96382983.97040808,302,28,5 32,pass
117003358.80340096,687750465.4929589,330.4203248362255,96382983.97040808,303,28,5 28,pass
117667623.94625811,687750465.4929589,330.4203248362255,96382983.97040808,304,28,5 24,pass
118597595.14625812,687750465.4929589,330.4203248362255,96382983.97040808,305,28,5 20,pass
119992551.94625811,687750465.4929589,330.4203248362255,96382983.97040808,306,28,5 16,pass
122317479.94625811,687750465.4929589,330.4203248362255,96382983.97040808,307,28,5 12,pass
126967335.94625811,687750465.4929589,330.4203248362255,96382983.97040808,308,28,5 8,pass
100003238.34242748,953134776.188592,483.7556592285416,97177453.92227334,309,13,6 48,pass
100027255.79697292,953134776.188592,483.7556592285416,97177453.92227334,310,13,6 44,pass
100056076.7424275,953134776.188592,483.7556592285416,97177453.92227334,311,13,6 40,pass
100091302.34242748,953134776.188592,483.7556592285416,97177453.92227334,312,13,6 36,pass
100135334.34242748,953134776.188592,483.7556592285416,97177453.92227334,313,13,6 32,pass
100191946.91385607,953134776.188592,483.7556592285416,97177453.92227334,314,13,6 28,pass
100267430.34242748,953134776.188592,483.7556592285416,97177453.92227334,315,13,6 24,pass
100373107.14242746,953134776.188592,483.7556592285416,97177453.92227334,316,13,6 20,pass
100531622.34242748,953134776.188592,483.7556592285416,97177453.92227334,317,13,6 16,pass
100795814.34242748,953134776.188592,483.7556592285416,97177453.92227334,318,13,6 12,pass
101324198.34242748,953134776.188592,483.7556592285416,97177453.92227334,319,13,6 8,pass
40458814.10178029,1218519086.8842251,650.6492354508481,69537703.54538374,320,15,7 48,pass
40601714.46541664,1218519086.8842251,650.6492354508481,69537703.54538374,321,15,7 44,pass
40773194.90178031,1218519086.8842251,650.6492354508481,69537703.54538374,322,15,7 40,pass
40982782.10178029,1218519086.8842251,650.6492354508481,69537703.54538374,323,15,7 36,pass
41244766.10178029,1218519086.8842251,650.6492354508481,69537703.54538374,324,15,7 32,pass
41581602.673208825,1218519086.8842251,650.6492354508481,69537703.54538374,325,15,7 28,pass
42030718.10178029,1218519086.8842251,650.6492354508481,69537703.54538374,326,15,7 24,pass
42659479.70178029,1218519086.8842251,650.6492354508481,69537703.54538374,327,15,7 20,pass
43602622.10178029,1218519086.8842251,650.6492354508481,69537703.54538374,328,15,7 16,pass
45174526.10178029,1218519086.8842251,650.6492354508481,69537703.54538374,329,15,7 12,pass
48318334.10178028,1218519086.8842251,650.6492354508481,69537703.54538374,330,15,7 8,pass
92699044.13795844,1640721399.3545508,861.4526382926854,147099366.4905876,331,16,8 48,pass
92702535.04704931,1640721399.3545508,861.4526382926854,147099366.4905876,332,16,8 44,pass
92706724.13795844,1640721399.3545508,861.4526382926854,147099366.4905876,333,16,8 40,pass
92711844.13795844,1640721399.3545508,861.4526382926854,147099366.4905876,334,16,8 36,pass
92718244.13795844,1640721399.3545508,861.4526382926854,147099366.4905876,335,16,8 32,pass
92726472.709387,1640721399.3545508,861.4526382926854,147099366.4905876,336,16,8 28,pass
92737444.13795844,1640721399.3545508,861.4526382926854,147099366.4905876,337,16,8 24,pass
92752804.13795842,1640721399.3545508,861.4526382926854,147099366.4905876,338,16,8 20,pass
92775844.13795844,1640721399.3545508,861.4526382926854,147099366.4905876,339,16,8 16,pass
92814244.13795844,1640721399.3545508,861.4526382926854,147099366.4905876,340,16,8 12,pass
92891044.13795844,1640721399.3545508,861.4526382926854,147099366.4905876,341,16,8 8,pass
114370433.74391726,2062923711.824876,1091.0622959042148,238536488.90436545,342,34,9 48,pass
114533860.65300818,2062923711.824876,1091.0622959042148,238536488.90436545,343,34,9 44,pass
114729972.94391727,2062923711.824876,1091.0622959042148,238536488.90436545,344,34,9 40,pass
114969665.74391726,2062923711.824876,1091.0622959042148,238536488.90436545,345,34,9 36,pass
115269281.74391726,2062923711.824876,1091.0622959042148,238536488.90436545,346,34,9 32,pass
115654502.31534582,2062923711.824876,1091.0622959042148,238536488.90436545,347,34,9 28,pass
116168129.74391726,2062923711.824876,1091.0622959042148,238536488.90436545,348,34,9 24,pass
116887208.14391728,2062923711.824876,1091.0622959042148,238536488.90436545,349,34,9 20,pass
117965825.74391726,2062923711.824876,1091.0622959042148,238536488.90436545,350,34,9 16,pass
119763521.74391726,2062923711.824876,1091.0622959042148,238536488.90436545,351,34,9 12,pass
123358913.74391726,2062923711.824876,1091.0622959042148,238536488.90436545,352,34,9 8,pass
197289084.1847773,2461000177.8683267,1298.8746488843303,444698127.60385126,353,52,10 48,fail
197496130.0029592,2461000177.8683267,1298.8746488843303,444698127.60385126,354,52,10 44,fail
197744584.9847774,2461000177.8683267,1298.8746488843303,444698127.60385126,355,52,10 40,fail
198048252.1847773,2461000177.8683267,1298.8746488843303,444698127.60385126,356,52,10 36,fail
198427836.1847773,2461000177.8683267,1298.8746488843303,444698127.60385126,357,52,10 32,fail
198915872.7562059,2461000177.8683267,1298.8746488843303,444698127.60385126,358,52,10 28,fail
199566588.1847773,2461000177.8683267,1298.8746488843303,444698127.60385126,359,52,10 24,fail
200477589.7847773,2461000177.8683267,1298.8746488843303,444698127.60385126,360,52,10 20,fail
201844092.1847773,2461000177.8683267,1298.8746488843303,444698127.60385126,361,52,10 16,fail
204121596.1847773,2461000177.8683267,1298.8746488843303,444698127.60385126,362,52,10 12,fail
208676604.1847773,2461000177.8683267,1298.8746488843303,444698127.60385126,363,52,10 8,fail
197289084.1847773,2461000177.8683267,1298.8746488843303,444698127.60385126,364,52,11 48,fail
197496130.0029592,2461000177.8683267,1298.8746488843303,444698127.60385126,365,52,11 44,fail
197744584.9847774,2461000177.8683267,1298.8746488843303,444698127.60385126,366,52,11 40,fail
198048252.1847773,2461000177.8683267,1298.8746488843303,444698127.60385126,367,52,11 36,fail
198427836.1847773,2461000177.8683267,1298.8746488843303,444698127.60385126,368,52,11 32,fail
198915872.7562059,2461000177.8683267,1298.8746488843303,444698127.60385126,369,52,11 28,fail
199566588.1847773,2461000177.8683267,1298.8746488843303,444698127.60385126,370,52,11 24,fail
200477589.7847773,2461000177.8683267,1298.8746488843303,444698127.60385126,371,52,11 20,fail
201844092.1847773,2461000177.8683267,1298.8746488843303,444698127.60385126,372,52,11 16,fail
204121596.1847773,2461000177.8683267,1298.8746488843303,444698127.60385126,373,52,11 12,fail
208676604.1847773,2461000177.8683267,1298.8746488843303,444698127.60385126,374,52,11 8,fail
197289084.1847773,2461000177.8683267,1298.8746488843303,444698127.60385126,375,52,12 48,fail
197496130.0029592,2461000177.8683267,1298.8746488843303,444698127.60385126,376,52,12 44,fail
197744584.9847774,2461000177.8683267,1298.8746488843303,444698127.60385126,377,52,12 40,fail
198048252.1847773,2461000177.8683267,1298.8746488843303,444698127.60385126,378,52,12 36,fail
198427836.1847773,2461000177.8683267,1298.8746488843303,444698127.60385126,379,52,12 32,fail
198915872.7562059,2461000177.8683267,1298.8746488843303,444698127.60385126,380,52,12 28,fail
199566588.1847773,2461000177.8683267,1298.8746488843303,444698127.60385126,381,52,12 24,fail
200477589.7847773,2461000177.8683267,1298.8746488843303,444698127.60385126,382,52,12 20,fail
201844092.1847773,2461000177.8683267,1298.8746488843303,444698127.60385126,383,52,12 16,fail
204121596.1847773,2461000177.8683267,1298.8746488843303,444698127.60385126,384,52,12 12,fail
208676604.1847773,2461000177.8683267,1298.8746488843303,444698127.60385126,385,52,12 8,fail
197289084.1847773,2461000177.8683267,1298.8746488843303,444698127.60385126,386,52,13 48,fail
197496130.0029592,2461000177.8683267,1298.8746488843303,444698127.60385126,387,52,13 44,fail
197744584.9847774,2461000177.8683267,1298.8746488843303,444698127.60385126,388,52,13 40,fail
198048252.1847773,2461000177.8683267,1298.8746488843303,444698127.60385126,389,52,13 36,fail
198427836.1847773,2461000177.8683267,1298.8746488843303,444698127.60385126,390,52,13 32,fail
198915872.7562059,2461000177.8683267,1298.8746488843303,444698127.60385126,391,52,13 28,fail
199566588.1847773,2461000177.8683267,1298.8746488843303,444698127.60385126,392,52,13 24,fail
200477589.7847773,2461000177.8683267,1298.8746488843303,444698127.60385126,393,52,13 20,fail
201844092.1847773,2461000177.8683267,1298.8746488843303,444698127.60385126,394,52,13 16,fail
204121596.1847773,2461000177.8683267,1298.8746488843303,444698127.60385126,395,52,13 12,fail
208676604.1847773,2461000177.8683267,1298.8746488843303,444698127.60385126,396,52,13 8,fail
197289084.1847773,2461000177.8683267,1298.8746488843303,444698127.60385126,397,52,14 48,fail
197496130.0029592,2461000177.8683267,1298.8746488843303,444698127.60385126,398,52,14 44,fail
197744584.9847774,2461000177.8683267,1298.8746488843303,444698127.60385126,399,52,14 40,fail
198048252.1847773,2461000177.8683267,1298.8746488843303,444698127.60385126,400,52,14 36,fail
198427836.1847773,2461000177.8683267,1298.8746488843303,444698127.60385126,401,52,14 32,fail
198915872.7562059,2461000177.8683267,1298.8746488843303,444698127.60385126,402,52,14 28,fail
199566588.1847773,2461000177.8683267,1298.8746488843303,444698127.60385126,403,52,14 24,fail
200477589.7847773,2461000177.8683267,1298.8746488843303,444698127.60385126,404,52,14 20,fail
201844092.1847773,2461000177.8683267,1298.8746488843303,444698127.60385126,405,52,14 16,fail
204121596.1847773,2461000177.8683267,1298.8746488843303,444698127.60385126,406,52,14 12,fail
208676604.1847773,2461000177.8683267,1298.8746488843303,444698127.60385126,407,52,14 8,fail
197289084.1847773,2461000177.8683267,1298.8746488843303,444698127.60385126,408,52,15 48,fail
197496130.0029592,2461000177.8683267,1298.8746488843303,444698127.60385126,409,52,15 44,fail
197744584.9847774,2461000177.8683267,1298.8746488843303,444698127.60385126,410,52,15 40,fail
198048252.1847773,2461000177.8683267,1298.8746488843303,444698127.60385126,411,52,15 36,fail
198427836.1847773,2461000177.8683267,1298.8746488843303,444698127.60385126,412,52,15 32,fail
198915872.7562059,2461000177.8683267,1298.8746488843303,444698127.60385126,413,52,15 28,fail
199566588.1847773,2461000177.8683267,1298.8746488843303,444698127.60385126,414,52,15 24,fail
200477589.7847773,2461000177.8683267,1298.8746488843303,444698127.60385126,415,52,15 20,fail
201844092.1847773,2461000177.8683267,1298.8746488843303,444698127.60385126,416,52,15 16,fail
204121596.1847773,2461000177.8683267,1298.8746488843303,444698127.60385126,417,52,15 12,fail
208676604.1847773,2461000177.8683267,1298.8746488843303,444698127.60385126,418,52,15 8,fail
197289084.1847773,2461000177.8683267,1298.8746488843303,444698127.60385126,419,52,16 48,fail
197496130.0029592,2461000177.8683267,1298.8746488843303,444698127.60385126,420,52,16 44,fail
197744584.9847774,2461000177.8683267,1298.8746488843303,444698127.60385126,421,52,16 40,fail
198048252.1847773,2461000177.8683267,1298.8746488843303,444698127.60385126,422,52,16 36,fail
198427836.1847773,2461000177.8683267,1298.8746488843303,444698127.60385126,423,52,16 32,fail
198915872.7562059,2461000177.8683267,1298.8746488843303,444698127.60385126,424,52,16 28,fail
199566588.1847773,2461000177.8683267,1298.8746488843303,444698127.60385126,425,52,16 24,fail
200477589.7847773,2461000177.8683267,1298.8746488843303,444698127.60385126,426,52,16 20,fail
201844092.1847773,2461000177.8683267,1298.8746488843303,444698127.60385126,427,52,16 16,fail
204121596.1847773,2461000177.8683267,1298.8746488843303,444698127.60385126,428,52,16 12,fail
208676604.1847773,2461000177.8683267,1298.8746488843303,444698127.60385126,429,52,16 8,fail
116760989.74604528,470617847.651077,214.7931089715616,99685574.2235528,430,27,4 48,pass
116972346.8369544,470617847.651077,214.7931089715616,99685574.2235528,431,27,4 44,pass
117225975.34604532,470617847.651077,214.7931089715616,99685574.2235528,432,27,4 40,pass
117535965.74604528,470617847.651077,214.7931089715616,99685574.2235528,433,27,4 36,pass
117923453.74604528,470617847.651077,214.7931089715616,99685574.2235528,434,27,4 32,pass
118421652.60318813,470617847.651077,214.7931089715616,99685574.2235528,435,27,4 28,pass
119085917.74604528,470617847.651077,214.7931089715616,99685574.2235528,436,27,4 24,pass
120015888.9460453,470617847.651077,214.7931089715616,99685574.2235528,437,27,4 20,pass
121410845.74604528,470617847.651077,214.7931089715616,99685574.2235528,438,27,4 16,pass
123735773.74604528,470617847.651077,214.7931089715616,99685574.2235528,439,27,4 12,pass
128385629.74604528,470617847.651077,214.7931089715616,99685574.2235528,440,27,4 8,pass
115342695.94625811,687750465.4929589,330.4203248362255,96382983.97040808,441,28,5 48,pass
115554053.03716722,687750465.4929589,330.4203248362255,96382983.97040808,442,28,5 44,pass
115807681.54625814,687750465.4929589,330.4203248362255,96382983.97040808,443,28,5 40,pass
116117671.94625811,687750465.4929589,330.4203248362255,96382983.97040808,444,28,5 36,pass
116505159.94625811,687750465.4929589,330.4203248362255,96382983.97040808,445,28,5 32,pass
117003358.80340096,687750465.4929589,330.4203248362255,96382983.97040808,446,28,5 28,pass
117667623.94625811,687750465.4929589,330.4203248362255,96382983.97040808,447,28,5 24,pass
118597595.14625812,687750465.4929589,330.4203248362255,96382983.97040808,448,28,5 20,pass
119992551.94625811,687750465.4929589,330.4203248362255,96382983.97040808,449,28,5 16,pass
122317479.94625811,687750465.4929589,330.4203248362255,96382983.97040808,450,28,5 12,pass
126967335.94625811,687750465.4929589,330.4203248362255,96382983.97040808,451,28,5 8,pass
100003238.34242748,953134776.188592,483.7556592285416,97177453.92227334,452,13,6 48,pass
100027255.79697292,953134776.188592,483.7556592285416,97177453.92227334,453,13,6 44,pass
100056076.7424275,953134776.188592,483.7556592285416,97177453.92227334,454,13,6 40,pass
100091302.34242748,953134776.188592,483.7556592285416,97177453.92227334,455,13,6 36,pass
100135334.34242748,953134776.188592,483.7556592285416,97177453.92227334,456,13,6 32,pass
100191946.91385607,953134776.188592,483.7556592285416,97177453.92227334,457,13,6 28,pass
100267430.34242748,953134776.188592,483.7556592285416,97177453.92227334,458,13,6 24,pass
100373107.14242746,953134776.188592,483.7556592285416,97177453.92227334,459,13,6 20,pass
100531622.34242748,953134776.188592,483.7556592285416,97177453.92227334,460,13,6 16,pass
100795814.34242748,953134776.188592,483.7556592285416,97177453.92227334,461,13,6 12,pass
101324198.34242748,953134776.188592,483.7556592285416,97177453.92227334,462,13,6 8,pass
40458814.10178029,1218519086.8842251,650.6492354508481,69537703.54538374,463,15,7 48,pass
40601714.46541664,1218519086.8842251,650.6492354508481,69537703.54538374,464,15,7 44,pass
40773194.90178031,1218519086.8842251,650.6492354508481,69537703.54538374,465,15,7 40,pass
40982782.10178029,1218519086.8842251,650.6492354508481,69537703.54538374,466,15,7 36,pass
41244766.10178029,1218519086.8842251,650.6492354508481,69537703.54538374,467,15,7 32,pass
41581602.673208825,1218519086.8842251,650.6492354508481,69537703.54538374,468,15,7 28,pass
42030718.10178029,1218519086.8842251,650.6492354508481,69537703.54538374,469,15,7 24,pass
42659479.70178029,1218519086.8842251,650.6492354508481,69537703.54538374,470,15,7 20,pass
43602622.10178029,1218519086.8842251,650.6492354508481,69537703.54538374,471,15,7 16,pass
45174526.10178029,1218519086.8842251,650.6492354508481,69537703.54538374,472,15,7 12,pass
48318334.10178028,1218519086.8842251,650.6492354508481,69537703.54538374,473,15,7 8,pass
92699044.13795844,1640721399.3545508,861.4526382926854,147099366.4905876,474,16,8 48,pass
92702535.04704931,1640721399.3545508,861.4526382926854,147099366.4905876,475,16,8 44,pass
92706724.13795844,1640721399.3545508,861.4526382926854,147099366.4905876,476,16,8 40,pass
92711844.13795844,1640721399.3545508,861.4526382926854,147099366.4905876,477,16,8 36,pass
92718244.13795844,1640721399.3545508,861.4526382926854,147099366.4905876,478,16,8 32,pass
92726472.709387,1640721399.3545508,861.4526382926854,147099366.4905876,479,16,8 28,pass
92737444.13795844,1640721399.3545508,861.4526382926854,147099366.4905876,480,16,8 24,pass
92752804.13795842,1640721399.3545508,861.4526382926854,147099366.4905876,481,16,8 20,pass
92775844.13795844,1640721399.3545508,861.4526382926854,147099366.4905876,482,16,8 16,pass
92814244.13795844,1640721399.3545508,861.4526382926854,147099366.4905876,483,16,8 12,pass
92891044.13795844,1640721399.3545508,861.4526382926854,147099366.4905876,484,16,8 8,pass
114370433.74391726,2062923711.824876,1091.0622959042148,238536488.90436545,485,34,9 48,pass
114533860.65300818,2062923711.824876,1091.0622959042148,238536488.90436545,486,34,9 44,pass
114729972.94391727,2062923711.824876,1091.0622959042148,238536488.90436545,487,34,9 40,pass
114969665.74391726,2062923711.824876,1091.0622959042148,238536488.90436545,488,34,9 36,pass
115269281.74391726,2062923711.824876,1091.0622959042148,238536488.90436545,489,34,9 32,pass
115654502.31534582,2062923711.824876,1091.0622959042148,238536488.90436545,490,34,9 28,pass
116168129.74391726,2062923711.824876,1091.0622959042148,238536488.90436545,491,34,9 24,pass
116887208.14391728,2062923711.824876,1091.0622959042148,238536488.90436545,492,34,9 20,pass
117965825.74391726,2062923711.824876,1091.0622959042148,238536488.90436545,493,34,9 16,pass
119763521.74391726,2062923711.824876,1091.0622959042148,238536488.90436545,494,34,9 12,pass
123358913.74391726,2062923711.824876,1091.0622959042148,238536488.90436545,495,34,9 8,pass
197289084.1847773,2461000177.8683267,1298.8746488843303,444698127.60385126,496,52,10 48,fail
197496130.0029592,2461000177.8683267,1298.8746488843303,444698127.60385126,497,52,10 44,fail
197744584.9847774,2461000177.8683267,1298.8746488843303,444698127.60385126,498,52,10 40,fail
198048252.1847773,2461000177.8683267,1298.8746488843303,444698127.60385126,499,52,10 36,fail
198427836.1847773,2461000177.8683267,1298.8746488843303,444698127.60385126,500,52,10 32,fail
198915872.7562059,2461000177.8683267,1298.8746488843303,444698127.60385126,501,52,10 28,fail
199566588.1847773,2461000177.8683267,1298.8746488843303,444698127.60385126,502,52,10 24,fail
200477589.7847773,2461000177.8683267,1298.8746488843303,444698127.60385126,503,52,10 20,fail
201844092.1847773,2461000177.8683267,1298.8746488843303,444698127.60385126,504,52,10 16,fail
204121596.1847773,2461000177.8683267,1298.8746488843303,444698127.60385126,505,52,10 12,fail
208676604.1847773,2461000177.8683267,1298.8746488843303,444698127.60385126,506,52,10 8,fail
197289084.1847773,2461000177.8683267,1298.8746488843303,444698127.60385126,507,52,11 48,fail
197496130.0029592,2461000177.8683267,1298.8746488843303,444698127.60385126,508,52,11 44,fail
197744584.9847774,2461000177.8683267,1298.8746488843303,444698127.60385126,509,52,11 40,fail
198048252.1847773,2461000177.8683267,1298.8746488843303,444698127.60385126,510,52,11 36,fail
198427836.1847773,2461000177.8683267,1298.8746488843303,444698127.60385126,511,52,11 32,fail
198915872.7562059,2461000177.8683267,1298.8746488843303,444698127.60385126,512,52,11 28,fail
199566588.1847773,2461000177.8683267,1298.8746488843303,444698127.60385126,513,52,11 24,fail
200477589.7847773,2461000177.8683267,1298.8746488843303,444698127.60385126,514,52,11 20,fail
201844092.1847773,2461000177.8683267,1298.8746488843303,444698127.60385126,515,52,11 16,fail
204121596.1847773,2461000177.8683267,1298.8746488843303,444698127.60385126,516,52,11 12,fail
208676604.1847773,2461000177.8683267,1298.8746488843303,444698127.60385126,517,52,11 8,fail
197289084.1847773,2461000177.8683267,1298.8746488843303,444698127.60385126,518,52,12 48,fail
197496130.0029592,2461000177.8683267,1298.8746488843303,444698127.60385126,519,52,12 44,fail
197744584.9847774,2461000177.8683267,1298.8746488843303,444698127.60385126,520,52,12 40,fail
198048252.1847773,2461000177.8683267,1298.8746488843303,444698127.60385126,521,52,12 36,fail
198427836.1847773,2461000177.8683267,1298.8746488843303,444698127.60385126,522,52,12 32,fail
198915872.7562059,2461000177.8683267,1298.8746488843303,444698127.60385126,523,52,12 28,fail
199566588.1847773,2461000177.8683267,1298.8746488843303,444698127.60385126,524,52,12 24,fail
200477589.7847773,2461000177.8683267,1298.8746488843303,444698127.60385126,525,52,12 20,fail
201844092.1847773,2461000177.8683267,1298.8746488843303,444698127.60385126,526,52,12 16,fail
204121596.1847773,2461000177.8683267,1298.8746488843303,444698127.60385126,527,52,12 12,fail
208676604.1847773,2461000177.8683267,1298.8746488843303,444698127.60385126,528,52,12 8,fail
197289084.1847773,2461000177.8683267,1298.8746488843303,444698127.60385126,529,52,13 48,fail
197496130.0029592,2461000177.8683267,1298.8746488843303,444698127.60385126,530,52,13 44,fail
197744584.9847774,2461000177.8683267,1298.8746488843303,444698127.60385126,531,52,13 40,fail
198048252.1847773,2461000177.8683267,1298.8746488843303,444698127.60385126,532,52,13 36,fail
198427836.1847773,2461000177.8683267,1298.8746488843303,444698127.60385126,533,52,13 32,fail
198915872.7562059,2461000177.8683267,1298.8746488843303,444698127.60385126,534,52,13 28,fail
199566588.1847773,2461000177.8683267,1298.8746488843303,444698127.60385126,535,52,13 24,fail
200477589.7847773,2461000177.8683267,1298.8746488843303,444698127.60385126,536,52,13 20,fail
201844092.1847773,2461000177.8683267,1298.8746488843303,444698127.60385126,537,52,13 16,fail
204121596.1847773,2461000177.8683267,1298.8746488843303,444698127.60385126,538,52,13 12,fail
208676604.1847773,2461000177.8683267,1298.8746488843303,444698127.60385126,539,52,13 8,fail
197289084.1847773,2461000177.8683267,1298.8746488843303,444698127.60385126,540,52,14 48,fail
197496130.0029592,2461000177.8683267,1298.8746488843303,444698127.60385126,541,52,14 44,fail
197744584.9847774,2461000177.8683267,1298.8746488843303,444698127.60385126,542,52,14 40,fail
198048252.1847773,2461000177.8683267,1298.8746488843303,444698127.60385126,543,52,14 36,fail
198427836.1847773,2461000177.8683267,1298.8746488843303,444698127.60385126,544,52,14 32,fail
198915872.7562059,2461000177.8683267,1298.8746488843303,444698127.60385126,545,52,14 28,fail
199566588.1847773,2461000177.8683267,1298.8746488843303,444698127.60385126,546,52,14 24,fail
200477589.7847773,2461000177.8683267,1298.8746488843303,444698127.60385126,547,52,14 20,fail
201844092.1847773,2461000177.8683267,1298.8746488843303,444698127.60385126,548,52,14 16,fail
204121596.1847773,2461000177.8683267,1298.8746488843303,444698127.60385126,549,52,14 12,fail
208676604.1847773,2461000177.8683267,1298.8746488843303,444698127.60385126,550,52,14 8,fail
197289084.1847773,2461000177.8683267,1298.8746488843303,444698127.60385126,551,52,15 48,fail
197496130.0029592,2461000177.8683267,1298.8746488843303,444698127.60385126,552,52,15 44,fail
197744584.9847774,2461000177.8683267,1298.8746488843303,444698127.60385126,553,52,15 40,fail
198048252.1847773,2461000177.8683267,1298.8746488843303,444698127.60385126,554,52,15 36,fail
198427836.1847773,2461000177.8683267,1298.8746488843303,444698127.60385126,555,52,15 32,fail
198915872.7562059,2461000177.8683267,1298.8746488843303,444698127.60385126,556,52,15 28,fail
199566588.1847773,2461000177.8683267,1298.8746488843303,444698127.60385126,557,52,15 24,fail
200477589.7847773,2461000177.8683267,1298.8746488843303,444698127.60385126,558,52,15 20,fail
201844092.1847773,2461000177.8683267,1298.8746488843303,444698127.60385126,559,52,15 16,fail
204121596.1847773,2461000177.8683267,1298.8746488843303,444698127.60385126,560,52,15 12,fail
208676604.1847773,2461000177.8683267,1298.8746488843303,444698127.60385126,561,52,15 8,fail
197289084.1847773,2461000177.8683267,1298.8746488843303,444698127.60385126,562,52,16 48,fail
197496130.0029592,2461000177.8683267,1298.8746488843303,444698127.60385126,563,52,16 44,fail
197744584.9847774,2461000177.8683267,1298.8746488843303,444698127.60385126,564,52,16 40,fail
198048252.1847773,2461000177.8683267,1298.8746488843303,444698127.60385126,565,52,16 36,fail
198427836.1847773,2461000177.8683267,1298.8746488843303,444698127.60385126,566,52,16 32,fail
198915872.7562059,2461000177.8683267,1298.8746488843303,444698127.60385126,567,52,16 28,fail
199566588.1847773,2461000177.8683267,1298.8746488843303,444698127.60385126,568,52,16 24,fail
200477589.7847773,2461000177.8683267,1298.8746488843303,444698127.60385126,569,52,16 20,fail
201844092.1847773,2461000177.8683267,1298.8746488843303,444698127.60385126,570,52,16 16,fail
204121596.1847773,2461000177.8683267,1298.8746488843303,444698127.60385126,571,52,16 12,fail
208676604.1847773,2461000177.8683267,1298.8746488843303,444698127.60385126,572,52,16 8,fail
116760989.74604528,470617847.651077,214.7931089715616,99685574.2235528,573,27,4 48,pass
116972346.8369544,470617847.651077,214.7931089715616,99685574.2235528,574,27,4 44,pass
117225975.34604532,470617847.651077,214.7931089715616,99685574.2235528,575,27,4 40,pass
117535965.74604528,470617847.651077,214.7931089715616,99685574.2235528,576,27,4 36,pass
117923453.74604528,470617847.651077,214.7931089715616,99685574.2235528,577,27,4 32,pass
118421652.60318813,470617847.651077,214.7931089715616,99685574.2235528,578,27,4 28,pass
119085917.74604528,470617847.651077,214.7931089715616,99685574.2235528,579,27,4 24,pass
120015888.9460453,470617847.651077,214.7931089715616,99685574.2235528,580,27,4 20,pass
121410845.74604528,470617847.651077,214.7931089715616,99685574.2235528,581,27,4 16,pass
123735773.74604528,470617847.651077,214.7931089715616,99685574.2235528,582,27,4 12,pass
128385629.74604528,470617847.651077,214.7931089715616,99685574.2235528,583,27,4 8,pass
115342695.94625811,687750465.4929589,330.4203248362255,96382983.97040808,584,28,5 48,pass
115554053.03716722,687750465.4929589,330.4203248362255,96382983.97040808,585,28,5 44,pass
115807681.54625814,687750465.4929589,330.4203248362255,96382983.97040808,586,28,5 40,pass
116117671.94625811,687750465.4929589,330.4203248362255,96382983.97040808,587,28,5 36,pass
116505159.94625811,687750465.4929589,330.4203248362255,96382983.97040808,588,28,5 32,pass
117003358.80340096,687750465.4929589,330.4203248362255,96382983.97040808,589,28,5 28,pass
117667623.94625811,687750465.4929589,330.4203248362255,96382983.97040808,590,28,5 24,pass
118597595.14625812,687750465.4929589,330.4203248362255,96382983.97040808,591,28,5 20,pass
119992551.94625811,687750465.4929589,330.4203248362255,96382983.97040808,592,28,5 16,pass
122317479.94625811,687750465.4929589,330.4203248362255,96382983.97040808,593,28,5 12,pass
126967335.94625811,687750465.4929589,330.4203248362255,96382983.97040808,594,28,5 8,pass
100003238.34242748,953134776.188592,483.7556592285416,97177453.92227334,595,13,6 48,pass
100027255.79697292,953134776.188592,483.7556592285416,97177453.92227334,596,13,6 44,pass
100056076.7424275,953134776.188592,483.7556592285416,97177453.92227334,597,13,6 40,pass
100091302.34242748,953134776.188592,483.7556592285416,97177453.92227334,598,13,6 36,pass
100135334.34242748,953134776.188592,483.7556592285416,97177453.92227334,599,13,6 32,pass
100191946.91385607,953134776.188592,483.7556592285416,97177453.92227334,600,13,6 28,pass
100267430.34242748,953134776.188592,483.7556592285416,97177453.92227334,601,13,6 24,pass
100373107.14242746,953134776.188592,483.7556592285416,97177453.92227334,602,13,6 20,pass
100531622.34242748,953134776.188592,483.7556592285416,97177453.92227334,603,13,6 16,pass
100795814.34242748,953134776.188592,483.7556592285416,97177453.92227334,604,13,6 12,pass
101324198.34242748,953134776.188592,483.7556592285416,97177453.92227334,605,13,6 8,pass
40458814.10178029,1218519086.8842251,650.6492354508481,69537703.54538374,606,15,7 48,pass
40601714.46541664,1218519086.8842251,650.6492354508481,69537703.54538374,607,15,7 44,pass
40773194.90178031,1218519086.8842251,650.6492354508481,69537703.54538374,608,15,7 40,pass
40982782.10178029,1218519086.8842251,650.6492354508481,69537703.54538374,609,15,7 36,pass
41244766.10178029,1218519086.8842251,650.6492354508481,69537703.54538374,610,15,7 32,pass
41581602.673208825,1218519086.8842251,650.6492354508481,69537703.54538374,611,15,7 28,pass
42030718.10178029,1218519086.8842251,650.6492354508481,69537703.54538374,612,15,7 24,pass
42659479.70178029,1218519086.8842251,650.6492354508481,69537703.54538374,613,15,7 20,pass
43602622.10178029,1218519086.8842251,650.6492354508481,69537703.54538374,614,15,7 16,pass
45174526.10178029,1218519086.8842251,650.6492354508481,69537703.54538374,615,15,7 12,pass
48318334.10178028,1218519086.8842251,650.6492354508481,69537703.54538374,616,15,7 8,pass
92699044.13795844,1640721399.3545508,861.4526382926854,147099366.4905876,617,16,8 48,pass
92702535.04704931,1640721399.3545508,861.4526382926854,147099366.4905876,618,16,8 44,pass
92706724.13795844,1640721399.3545508,861.4526382926854,147099366.4905876,619,16,8 40,pass
92711844.13795844,1640721399.3545508,861.4526382926854,147099366.4905876,620,16,8 36,pass
92718244.13795844,1640721399.3545508,861.4526382926854,147099366.4905876,621,16,8 32,pass
92726472.709387,1640721399.3545508,861.4526382926854,147099366.4905876,622,16,8 28,pass
92737444.13795844,1640721399.3545508,861.4526382926854,147099366.4905876,623,16,8 24,pass
92752804.13795842,1640721399.3545508,861.4526382926854,147099366.4905876,624,16,8 20,pass
92775844.13795844,1640721399.3545508,861.4526382926854,147099366.4905876,625,16,8 16,pass
92814244.13795844,1640721399.3545508,861.4526382926854,147099366.4905876,626,16,8 12,pass
92891044.13795844,1640721399.3545508,861.4526382926854,147099366.4905876,627,16,8 8,pass
114370433.74391726,2062923711.824876,1091.0622959042148,238536488.90436545,628,34,9 48,pass
114533860.65300818,2062923711.824876,1091.0622959042148,238536488.90436545,629,34,9 44,pass
114729972.94391727,2062923711.824876,1091.0622959042148,238536488.90436545,630,34,9 40,pass
114969665.74391726,2062923711.824876,1091.0622959042148,238536488.90436545,631,34,9 36,pass
115269281.74391726,2062923711.824876,1091.0622959042148,238536488.90436545,632,34,9 32,pass
115654502.31534582,2062923711.824876,1091.0622959042148,238536488.90436545,633,34,9 28,pass
116168129.74391726,2062923711.824876,1091.0622959042148,238536488.90436545,634,34,9 24,pass
116887208.14391728,2062923711.824876,1091.0622959042148,238536488.90436545,635,34,9 20,pass
117965825.74391726,2062923711.824876,1091.0622959042148,238536488.90436545,636,34,9 16,pass
119763521.74391726,2062923711.824876,1091.0622959042148,238536488.90436545,637,34,9 12,pass
123358913.74391726,2062923711.824876,1091.0622959042148,238536488.90436545,638,34,9 8,pass
197289084.1847773,2461000177.8683267,1298.8746488843303,444698127.60385126,639,52,10 48,fail
197496130.0029592,2461000177.8683267,1298.8746488843303,444698127.60385126,640,52,10 44,fail
197744584.9847774,2461000177.8683267,1298.8746488843303,444698127.60385126,641,52,10 40,fail
198048252.1847773,2461000177.8683267,1298.8746488843303,444698127.60385126,642,52,10 36,fail
198427836.1847773,2461000177.8683267,1298.8746488843303,444698127.60385126,643,52,10 32,fail
198915872.7562059,2461000177.8683267,1298.8746488843303,444698127.60385126,644,52,10 28,fail
199566588.1847773,2461000177.8683267,1298.8746488843303,444698127.60385126,645,52,10 24,fail
200477589.7847773,2461000177.8683267,1298.8746488843303,444698127.60385126,646,52,10 20,fail
201844092.1847773,2461000177.8683267,1298.8746488843303,444698127.60385126,647,52,10 16,fail
204121596.1847773,2461000177.8683267,1298.8746488843303,444698127.60385126,648,52,10 12,fail
208676604.1847773,2461000177.8683267,1298.8746488843303,444698127.60385126,649,52,10 8,fail
197289084.1847773,2461000177.8683267,1298.8746488843303,444698127.60385126,650,52,11 48,fail
197496130.0029592,2461000177.8683267,1298.8746488843303,444698127.60385126,651,52,11 44,fail
197744584.9847774,2461000177.8683267,1298.8746488843303,444698127.60385126,652,52,11 40,fail
198048252.1847773,2461000177.8683267,1298.8746488843303,444698127.60385126,653,52,11 36,fail
198427836.1847773,2461000177.8683267,1298.8746488843303,444698127.60385126,654,52,11 32,fail
198915872.7562059,2461000177.8683267,1298.8746488843303,444698127.60385126,655,52,11 28,fail
199566588.1847773,2461000177.8683267,1298.8746488843303,444698127.60385126,656,52,11 24,fail
200477589.7847773,2461000177.8683267,1298.8746488843303,444698127.60385126,657,52,11 20,fail
201844092.1847773,2461000177.8683267,1298.8746488843303,444698127.60385126,658,52,11 16,fail
204121596.1847773,2461000177.8683267,1298.8746488843303,444698127.60385126,659,52,11 12,fail
208676604.1847773,2461000177.8683267,1298.8746488843303,444698127.60385126,660,52,11 8,fail
197289084.1847773,2461000177.8683267,1298.8746488843303,444698127.60385126,661,52,12 48,fail
197496130.0029592,2461000177.8683267,1298.8746488843303,444698127.60385126,662,52,12 44,fail
197744584.9847774,2461000177.8683267,1298.8746488843303,444698127.60385126,663,52,12 40,fail
198048252.1847773,2461000177.8683267,1298.8746488843303,444698127.60385126,664,52,12 36,fail
198427836.1847773,2461000177.8683267,1298.8746488843303,444698127.60385126,665,52,12 32,fail
198915872.7562059,2461000177.8683267,1298.8746488843303,444698127.60385126,666,52,12 28,fail
199566588.1847773,2461000177.8683267,1298.8746488843303,444698127.60385126,667,52,12 24,fail
200477589.7847773,2461000177.8683267,1298.8746488843303,444698127.60385126,668,52,12 20,fail
201844092.1847773,2461000177.8683267,1298.8746488843303,444698127.60385126,669,52,12 16,fail
204121596.1847773,2461000177.8683267,1298.8746488843303,444698127.60385126,670,52,12 12,fail
208676604.1847773,2461000177.8683267,1298.8746488843303,444698127.60385126,671,52,12 8,fail
197289084.1847773,2461000177.8683267,1298.8746488843303,444698127.60385126,672,52,13 48,fail
197496130.0029592,2461000177.8683267,1298.8746488843303,444698127.60385126,673,52,13 44,fail
197744584.9847774,2461000177.8683267,1298.8746488843303,444698127.60385126,674,52,13 40,fail
198048252.1847773,2461000177.8683267,1298.8746488843303,444698127.60385126,675,52,13 36,fail
198427836.1847773,2461000177.8683267,1298.8746488843303,444698127.60385126,676,52,13 32,fail
198915872.7562059,2461000177.8683267,1298.8746488843303,444698127.60385126,677,52,13 28,fail
199566588.1847773,2461000177.8683267,1298.8746488843303,444698127.60385126,678,52,13 24,fail
200477589.7847773,2461000177.8683267,1298.8746488843303,444698127.60385126,679,52,13 20,fail
201844092.1847773,2461000177.8683267,1298.8746488843303,444698127.60385126,680,52,13 16,fail
204121596.1847773,2461000177.8683267,1298.8746488843303,444698127.60385126,681,52,13 12,fail
208676604.1847773,2461000177.8683267,1298.8746488843303,444698127.60385126,682,52,13 8,fail
197289084.1847773,2461000177.8683267,1298.8746488843303,444698127.60385126,683,52,14 48,fail
197496130.0029592,2461000177.8683267,1298.8746488843303,444698127.60385126,684,52,14 44,fail
197744584.9847774,2461000177.8683267,1298.8746488843303,444698127.60385126,685,52,14 40,fail
198048252.1847773,2461000177.8683267,1298.8746488843303,444698127.60385126,686,52,14 36,fail
198427836.1847773,2461000177.8683267,1298.8746488843303,444698127.60385126,687,52,14 32,fail
198915872.7562059,2461000177.8683267,1298.8746488843303,444698127.60385126,688,52,14 28,fail
199566588.1847773,2461000177.8683267,1298.8746488843303,444698127.60385126,689,52,14 24,fail
200477589.7847773,2461000177.8683267,1298.8746488843303,444698127.60385126,690,52,14 20,fail
201844092.1847773,2461000177.8683267,1298.8746488843303,444698127.60385126,691,52,14 16,fail
204121596.1847773,2461000177.8683267,1298.8746488843303,444698127.60385126,692,52,14 12,fail
208676604.1847773,2461000177.8683267,1298.8746488843303,444698127.60385126,693,52,14 8,fail
197289084.1847773,2461000177.8683267,1298.8746488843303,444698127.60385126,694,52,15 48,fail
197496130.0029592,2461000177.8683267,1298.8746488843303,444698127.60385126,695,52,15 44,fail
197744584.9847774,2461000177.8683267,1298.8746488843303,444698127.60385126,696,52,15 40,fail
198048252.1847773,2461000177.8683267,1298.8746488843303,444698127.60385126,697,52,15 36,fail
198427836.1847773,2461000177.8683267,1298.8746488843303,444698127.60385126,698,52,15 32,fail
198915872.7562059,2461000177.8683267,1298.8746488843303,444698127.60385126,699,52,15 28,fail
199566588.1847773,2461000177.8683267,1298.8746488843303,444698127.60385126,700,52,15 24,fail
200477589.7847773,2461000177.8683267,1298.8746488843303,444698127.60385126,701,52,15 20,fail
201844092.1847773,2461000177.8683267,1298.8746488843303,444698127.60385126,702,52,15 16,fail
204121596.1847773,2461000177.8683267,1298.8746488843303,444698127.60385126,703,52,15 12,fail
208676604.1847773,2461000177.8683267,1298.8746488843303,444698127.60385126,704,52,15 8,fail
197289084.1847773,2461000177.8683267,1298.8746488843303,444698127.60385126,705,52,16 48,fail
197496130.0029592,2461000177.8683267,1298.8746488843303,444698127.60385126,706,52,16 44,fail
197744584.9847774,2461000177.8683267,1298.8746488843303,444698127.60385126,707,52,16 40,fail
198048252.1847773,2461000177.8683267,1298.8746488843303,444698127.60385126,708,52,16 36,fail
198427836.1847773,2461000177.8683267,1298.8746488843303,444698127.60385126,709,52,16 32,fail
198915872.7562059,2461000177.8683267,1298.8746488843303,444698127.60385126,710,52,16 28,fail
199566588.1847773,2461000177.8683267,1298.8746488843303,444698127.60385126,711,52,16 24,fail
200477589.7847773,2461000177.8683267,1298.8746488843303,444698127.60385126,712,52,16 20,fail
201844092.1847773,2461000177.8683267,1298.8746488843303,444698127.60385126,713,52,16 16,fail
204121596.1847773,2461000177.8683267,1298.8746488843303,444698127.60385126,714,52,16 12,fail
208676604.1847773,2461000177.8683267,1298.8746488843303,444698127.60385126,715,52,16 8,fail
72661286.1188053,446492001.2242013,227.03032486439827,103228939.7900623,716,14,4 48,pass
72781094.11880532,446492001.2242013,227.03032486439827,103228939.7900623,717,14,4 44,pass
72924863.71880534,446492001.2242013,227.03032486439827,103228939.7900623,718,14,4 40,pass
73100582.1188053,446492001.2242013,227.03032486439827,103228939.7900623,719,14,4 36,pass
73320230.1188053,446492001.2242013,227.03032486439827,103228939.7900623,720,14,4 32,pass
73602634.69023387,446492001.2242013,227.03032486439827,103228939.7900623,721,14,4 28,pass
73979174.1188053,446492001.2242013,227.03032486439827,103228939.7900623,722,14,4 24,pass
74506329.31880532,446492001.2242013,227.03032486439827,103228939.7900623,723,14,4 20,pass
75297062.1188053,446492001.2242013,227.03032486439827,103228939.7900623,724,14,4 16,pass
76614950.1188053,446492001.2242013,227.03032486439827,103228939.7900623,725,14,4 12,pass
79250726.1188053,446492001.2242013,227.03032486439827,103228939.7900623,726,14,4 8,fail
79347891.52242313,663624619.0660832,341.35404068210363,102408207.8095735,727,21,5 48,pass
79524147.52242313,663624619.0660832,341.35404068210363,102408207.8095735,728,21,5 44,pass
79735654.72242317,663624619.0660832,341.35404068210363,102408207.8095735,729,21,5 40,pass
79994163.52242313,663624619.0660832,341.35404068210363,102408207.8095735,730,21,5 36,pass
80317299.52242313,663624619.0660832,341.35404068210363,102408207.8095735,731,21,5 32,pass
80732760.09385169,663624619.0660832,341.35404068210363,102408207.8095735,732,21,5 28,pass
81286707.52242313,663624619.0660832,341.35404068210363,102408207.8095735,733,21,5 24,pass
82062233.92242314,663624619.0660832,341.35404068210363,102408207.8095735,734,21,5 20,pass
83225523.52242313,663624619.0660832,341.35404068210363,102408207.8095735,735,21,5 16,pass
85164339.52242313,663624619.0660832,341.35404068210363,102408207.8095735,736,21,5 12,pass
89041971.52242313,663624619.0660832,341.35404068210363,102408207.8095735,737,21,5 8,fail
71452063.9185925,929008929.7617164,485.6801111807794,87478663.5530618,738,22,6 48,pass
71643714.82768342,929008929.7617164,485.6801111807794,87478663.5530618,739,22,6 44,pass
71873695.91859254,929008929.7617164,485.6801111807794,87478663.5530618,740,22,6 40,pass
72154783.9185925,929008929.7617164,485.6801111807794,87478663.5530618,741,22,6 36,pass
72506143.9185925,929008929.7617164,485.6801111807794,87478663.5530618,742,22,6 32,pass
72957892.49002105,929008929.7617164,485.6801111807794,87478663.5530618,743,22,6 28,pass
73560223.9185925,929008929.7617164,485.6801111807794,87478663.5530618,744,22,6 24,pass
74403487.91859251,929008929.7617164,485.6801111807794,87478663.5530618,745,22,6 20,pass
75668383.9185925,929008929.7617164,485.6801111807794,87478663.5530618,746,22,6 16,pass
77776543.9185925,929008929.7617164,485.6801111807794,87478663.5530618,747,22,6 12,pass
81992863.9185925,929008929.7617164,485.6801111807794,87478663.5530618,748,22,6 8,fail
42416070.10178027,1218519086.884225,650.649235450848,69537703.54538374,749,20,7 48,pass
42607721.01087119,1218519086.884225,650.649235450848,69537703.54538374,750,20,7 44,pass
42837702.10178031,1218519086.884225,650.649235450848,69537703.54538374,751,20,7 40,pass
43118790.10178027,1218519086.884225,650.649235450848,69537703.54538374,752,20,7 36,pass
43470150.10178027,1218519086.884225,650.649235450848,69537703.54538374,753,20,7 32,pass
43921898.673208825,1218519086.884225,650.649235450848,69537703.54538374,754,20,7 28,pass
44524230.10178027,1218519086.884225,650.649235450848,69537703.54538374,755,20,7 24,pass
45367494.10178028,1218519086.884225,650.649235450848,69537703.54538374,756,20,7 20,pass
46632390.10178027,1218519086.884225,650.649235450848,69537703.54538374,757,20,7 16,pass
48740550.10178027,1218519086.884225,650.649235450848,69537703.54538374,758,20,7 12,pass
52956870.10178027,1218519086.884225,650.649235450848,69537703.54538374,759,20,7 8,fail
65533981.71412344,1616595552.9276748,863.3770902449231,137400576.12137607,760,26,8 48,pass
65725632.62321435,1616595552.9276748,863.3770902449231,137400576.12137607,761,26,8 44,pass
65955613.714123465,1616595552.9276748,863.3770902449231,137400576.12137607,762,26,8 40,pass
66236701.71412344,1616595552.9276748,863.3770902449231,137400576.12137607,763,26,8 36,pass
66588061.71412344,1616595552.9276748,863.3770902449231,137400576.12137607,764,26,8 32,pass
67039810.28555199,1616595552.9276748,863.3770902449231,137400576.12137607,765,26,8 28,pass
67642141.71412344,1616595552.9276748,863.3770902449231,137400576.12137607,766,26,8 24,pass
68485405.71412346,1616595552.9276748,863.3770902449231,137400576.12137607,767,26,8 20,pass
69750301.71412346,1616595552.9276748,863.3770902449231,137400576.12137607,768,26,8 16,pass
71858461.71412346,1616595552.9276748,863.3770902449231,137400576.12137607,769,26,8 12,pass
76074781.71412346,1616595552.9276748,863.3770902449231,137400576.12137607,770,26,8 8,fail
88032001.72689229,2050860788.611438,1095.7857728342722,236484770.42955464,771,30,9 48,pass
88186875.9087105,2050860788.611438,1095.7857728342722,236484770.42955464,772,30,9 44,pass
88372724.92689233,2050860788.611438,1095.7857728342722,236484770.42955464,773,30,9 40,pass
88599873.72689229,2050860788.611438,1095.7857728342722,236484770.42955464,774,30,9 36,pass
88883809.72689229,2050860788.611438,1095.7857728342722,236484770.42955464,775,30,9 32,pass
89248870.29832084,2050860788.611438,1095.7857728342722,236484770.42955464,776,30,9 28,pass
89735617.72689229,2050860788.611438,1095.7857728342722,236484770.42955464,777,30,9 24,pass
90417064.12689231,2050860788.611438,1095.7857728342722,236484770.42955464,778,30,9 20,pass
91439233.72689228,2050860788.611438,1095.7857728342722,236484770.42955464,779,30,9 16,pass
93142849.72689228,2050860788.611438,1095.7857728342722,236484770.42955464,780,30,9 12,pass
96550081.72689228,2050860788.611438,1095.7857728342722,236484770.42955464,781,30,9 8,fail
197289084.1847773,2461000177.8683267,1298.8746488843303,444698127.60385126,782,52,10 48,fail
197496130.0029592,2461000177.8683267,1298.8746488843303,444698127.60385126,783,52,10 44,fail
197744584.9847774,2461000177.8683267,1298.8746488843303,444698127.60385126,784,52,10 40,fail
198048252.1847773,2461000177.8683267,1298.8746488843303,444698127.60385126,785,52,10 36,fail
198427836.1847773,2461000177.8683267,1298.8746488843303,444698127.60385126,786,52,10 32,fail
198915872.7562059,2461000177.8683267,1298.8746488843303,444698127.60385126,787,52,10 28,fail
199566588.1847773,2461000177.8683267,1298.8746488843303,444698127.60385126,788,52,10 24,fail
200477589.7847773,2461000177.8683267,1298.8746488843303,444698127.60385126,789,52,10 20,fail
201844092.1847773,2461000177.8683267,1298.8746488843303,444698127.60385126,790,52,10 16,fail
204121596.1847773,2461000177.8683267,1298.8746488843303,444698127.60385126,791,52,10 12,fail
208676604.1847773,2461000177.8683267,1298.8746488843303,444698127.60385126,792,52,10 8,fail
197289084.1847773,2461000177.8683267,1298.8746488843303,444698127.60385126,793,52,11 48,fail
197496130.0029592,2461000177.8683267,1298.8746488843303,444698127.60385126,794,52,11 44,fail
197744584.9847774,2461000177.8683267,1298.8746488843303,444698127.60385126,795,52,11 40,fail
198048252.1847773,2461000177.8683267,1298.8746488843303,444698127.60385126,796,52,11 36,fail
198427836.1847773,2461000177.8683267,1298.8746488843303,444698127.60385126,797,52,11 32,fail
198915872.7562059,2461000177.8683267,1298.8746488843303,444698127.60385126,798,52,11 28,fail
199566588.1847773,2461000177.8683267,1298.8746488843303,444698127.60385126,799,52,11 24,fail
200477589.7847773,2461000177.8683267,1298.8746488843303,444698127.60385126,800,52,11 20,fail
201844092.1847773,2461000177.8683267,1298.8746488843303,444698127.60385126,801,52,11 16,fail
204121596.1847773,2461000177.8683267,1298.8746488843303,444698127.60385126,802,52,11 12,fail
208676604.1847773,2461000177.8683267,1298.8746488843303,444698127.60385126,803,52,11 8,fail
197289084.1847773,2461000177.8683267,1298.8746488843303,444698127.60385126,804,52,12 48,fail
197496130.0029592,2461000177.8683267,1298.8746488843303,444698127.60385126,805,52,12 44,fail
197744584.9847774,2461000177.8683267,1298.8746488843303,444698127.60385126,806,52,12 40,fail
198048252.1847773,2461000177.8683267,1298.8746488843303,444698127.60385126,807,52,12 36,fail
198427836.1847773,2461000177.8683267,1298.8746488843303,444698127.60385126,808,52,12 32,fail
198915872.7562059,2461000177.8683267,1298.8746488843303,444698127.60385126,809,52,12 28,fail
199566588.1847773,2461000177.8683267,1298.8746488843303,444698127.60385126,810,52,12 24,fail
200477589.7847773,2461000177.8683267,1298.8746488843303,444698127.60385126,811,52,12 20,fail
201844092.1847773,2461000177.8683267,1298.8746488843303,444698127.60385126,812,52,12 16,fail
204121596.1847773,2461000177.8683267,1298.8746488843303,444698127.60385126,813,52,12 12,fail
208676604.1847773,2461000177.8683267,1298.8746488843303,444698127.60385126,814,52,12 8,fail
197289084.1847773,2461000177.8683267,1298.8746488843303,444698127.60385126,815,52,13 48,fail
197496130.0029592,2461000177.8683267,1298.8746488843303,444698127.60385126,816,52,13 44,fail
197744584.9847774,2461000177.8683267,1298.8746488843303,444698127.60385126,817,52,13 40,fail
198048252.1847773,2461000177.8683267,1298.8746488843303,444698127.60385126,818,52,13 36,fail
198427836.1847773,2461000177.8683267,1298.8746488843303,444698127.60385126,819,52,13 32,fail
198915872.7562059,2461000177.8683267,1298.8746488843303,444698127.60385126,820,52,13 28,fail
199566588.1847773,2461000177.8683267,1298.8746488843303,444698127.60385126,821,52,13 24,fail
200477589.7847773,2461000177.8683267,1298.8746488843303,444698127.60385126,822,52,13 20,fail
201844092.1847773,2461000177.8683267,1298.8746488843303,444698127.60385126,823,52,13 16,fail
204121596.1847773,2461000177.8683267,1298.8746488843303,444698127.60385126,824,52,13 12,fail
208676604.1847773,2461000177.8683267,1298.8746488843303,444698127.60385126,825,52,13 8,fail
197289084.1847773,2461000177.8683267,1298.8746488843303,444698127.60385126,826,52,14 48,fail
197496130.0029592,2461000177.8683267,1298.8746488843303,444698127.60385126,827,52,14 44,fail
197744584.9847774,2461000177.8683267,1298.8746488843303,444698127.60385126,828,52,14 40,fail
198048252.1847773,2461000177.8683267,1298.8746488843303,444698127.60385126,829,52,14 36,fail
198427836.1847773,2461000177.8683267,1298.8746488843303,444698127.60385126,830,52,14 32,fail
198915872.7562059,2461000177.8683267,1298.8746488843303,444698127.60385126,831,52,14 28,fail
199566588.1847773,2461000177.8683267,1298.8746488843303,444698127.60385126,832,52,14 24,fail
200477589.7847773,2461000177.8683267,1298.8746488843303,444698127.60385126,833,52,14 20,fail
201844092.1847773,2461000177.8683267,1298.8746488843303,444698127.60385126,834,52,14 16,fail
204121596.1847773,2461000177.8683267,1298.8746488843303,444698127.60385126,835,52,14 12,fail
208676604.1847773,2461000177.8683267,1298.8746488843303,444698127.60385126,836,52,14 8,fail
197289084.1847773,2461000177.8683267,1298.8746488843303,444698127.60385126,837,52,15 48,fail
197496130.0029592,2461000177.8683267,1298.8746488843303,444698127.60385126,838,52,15 44,fail
197744584.9847774,2461000177.8683267,1298.8746488843303,444698127.60385126,839,52,15 40,fail
198048252.1847773,2461000177.8683267,1298.8746488843303,444698127.60385126,840,52,15 36,fail
198427836.1847773,2461000177.8683267,1298.8746488843303,444698127.60385126,841,52,15 32,fail
198915872.7562059,2461000177.8683267,1298.8746488843303,444698127.60385126,842,52,15 28,fail
199566588.1847773,2461000177.8683267,1298.8746488843303,444698127.60385126,843,52,15 24,fail
200477589.7847773,2461000177.8683267,1298.8746488843303,444698127.60385126,844,52,15 20,fail
201844092.1847773,2461000177.8683267,1298.8746488843303,444698127.60385126,845,52,15 16,fail
204121596.1847773,2461000177.8683267,1298.8746488843303,444698127.60385126,846,52,15 12,fail
208676604.1847773,2461000177.8683267,1298.8746488843303,444698127.60385126,847,52,15 8,fail
197289084.1847773,2461000177.8683267,1298.8746488843303,444698127.60385126,848,52,16 48,fail
197496130.0029592,2461000177.8683267,1298.8746488843303,444698127.60385126,849,52,16 44,fail
197744584.9847774,2461000177.8683267,1298.8746488843303,444698127.60385126,850,52,16 40,fail
198048252.1847773,2461000177.8683267,1298.8746488843303,444698127.60385126,851,52,16 36,fail
198427836.1847773,2461000177.8683267,1298.8746488843303,444698127.60385126,852,52,16 32,fail
198915872.7562059,2461000177.8683267,1298.8746488843303,444698127.60385126,853,52,16 28,fail
199566588.1847773,2461000177.8683267,1298.8746488843303,444698127.60385126,854,52,16 24,fail
200477589.7847773,2461000177.8683267,1298.8746488843303,444698127.60385126,855,52,16 20,fail
201844092.1847773,2461000177.8683267,1298.8746488843303,444698127.60385126,856,52,16 16,fail
204121596.1847773,2461000177.8683267,1298.8746488843303,444698127.60385126,857,52,16 12,fail
208676604.1847773,2461000177.8683267,1298.8746488843303,444698127.60385126,858,52,16 8,fail
72661286.1188053,446492001.2242013,227.03032486439827,103228939.7900623,859,14,4 48,pass
72781094.11880532,446492001.2242013,227.03032486439827,103228939.7900623,860,14,4 44,pass
72924863.71880534,446492001.2242013,227.03032486439827,103228939.7900623,861,14,4 40,pass
73100582.1188053,446492001.2242013,227.03032486439827,103228939.7900623,862,14,4 36,pass
73320230.1188053,446492001.2242013,227.03032486439827,103228939.7900623,863,14,4 32,pass
73602634.69023387,446492001.2242013,227.03032486439827,103228939.7900623,864,14,4 28,pass
73979174.1188053,446492001.2242013,227.03032486439827,103228939.7900623,865,14,4 24,pass
74506329.31880532,446492001.2242013,227.03032486439827,103228939.7900623,866,14,4 20,pass
75297062.1188053,446492001.2242013,227.03032486439827,103228939.7900623,867,14,4 16,pass
76614950.1188053,446492001.2242013,227.03032486439827,103228939.7900623,868,14,4 12,fail
79250726.1188053,446492001.2242013,227.03032486439827,103228939.7900623,869,14,4 8,fail
79347891.52242313,663624619.0660832,341.35404068210363,102408207.8095735,870,21,5 48,pass
79524147.52242313,663624619.0660832,341.35404068210363,102408207.8095735,871,21,5 44,pass
79735654.72242317,663624619.0660832,341.35404068210363,102408207.8095735,872,21,5 40,pass
79994163.52242313,663624619.0660832,341.35404068210363,102408207.8095735,873,21,5 36,pass
80317299.52242313,663624619.0660832,341.35404068210363,102408207.8095735,874,21,5 32,pass
80732760.09385169,663624619.0660832,341.35404068210363,102408207.8095735,875,21,5 28,pass
81286707.52242313,663624619.0660832,341.35404068210363,102408207.8095735,876,21,5 24,pass
82062233.92242314,663624619.0660832,341.35404068210363,102408207.8095735,877,21,5 20,pass
83225523.52242313,663624619.0660832,341.35404068210363,102408207.8095735,878,21,5 16,pass
85164339.52242313,663624619.0660832,341.35404068210363,102408207.8095735,879,21,5 12,fail
89041971.52242313,663624619.0660832,341.35404068210363,102408207.8095735,880,21,5 8,fail
71452063.9185925,929008929.7617164,485.6801111807794,87478663.5530618,881,22,6 48,pass
71643714.82768342,929008929.7617164,485.6801111807794,87478663.5530618,882,22,6 44,pass
71873695.91859254,929008929.7617164,485.6801111807794,87478663.5530618,883,22,6 40,pass
72154783.9185925,929008929.7617164,485.6801111807794,87478663.5530618,884,22,6 36,pass
72506143.9185925,929008929.7617164,485.6801111807794,87478663.5530618,885,22,6 32,pass
72957892.49002105,929008929.7617164,485.6801111807794,87478663.5530618,886,22,6 28,pass
73560223.9185925,929008929.7617164,485.6801111807794,87478663.5530618,887,22,6 24,pass
74403487.91859251,929008929.7617164,485.6801111807794,87478663.5530618,888,22,6 20,pass
75668383.9185925,929008929.7617164,485.6801111807794,87478663.5530618,889,22,6 16,pass
77776543.9185925,929008929.7617164,485.6801111807794,87478663.5530618,890,22,6 12,fail
81992863.9185925,929008929.7617164,485.6801111807794,87478663.5530618,891,22,6 8,fail
42416070.10178027,1218519086.884225,650.649235450848,69537703.54538374,892,20,7 48,pass
42607721.01087119,1218519086.884225,650.649235450848,69537703.54538374,893,20,7 44,pass
42837702.10178031,1218519086.884225,650.649235450848,69537703.54538374,894,20,7 40,pass
43118790.10178027,1218519086.884225,650.649235450848,69537703.54538374,895,20,7 36,pass
43470150.10178027,1218519086.884225,650.649235450848,69537703.54538374,896,20,7 32,pass
43921898.673208825,1218519086.884225,650.649235450848,69537703.54538374,897,20,7 28,pass
44524230.10178027,1218519086.884225,650.649235450848,69537703.54538374,898,20,7 24,pass
45367494.10178028,1218519086.884225,650.649235450848,69537703.54538374,899,20,7 20,pass
46632390.10178027,1218519086.884225,650.649235450848,69537703.54538374,900,20,7 16,pass
48740550.10178027,1218519086.884225,650.649235450848,69537703.54538374,901,20,7 12,fail
52956870.10178027,1218519086.884225,650.649235450848,69537703.54538374,902,20,7 8,fail
65533981.71412344,1616595552.9276748,863.3770902449231,137400576.12137607,903,26,8 48,pass
65725632.62321435,1616595552.9276748,863.3770902449231,137400576.12137607,904,26,8 44,pass
65955613.714123465,1616595552.9276748,863.3770902449231,137400576.12137607,905,26,8 40,pass
66236701.71412344,1616595552.9276748,863.3770902449231,137400576.12137607,906,26,8 36,pass
66588061.71412344,1616595552.9276748,863.3770902449231,137400576.12137607,907,26,8 32,pass
67039810.28555199,1616595552.9276748,863.3770902449231,137400576.12137607,908,26,8 28,pass
67642141.71412344,1616595552.9276748,863.3770902449231,137400576.12137607,909,26,8 24,pass
68485405.71412346,1616595552.9276748,863.3770902449231,137400576.12137607,910,26,8 20,pass
69750301.71412346,1616595552.9276748,863.3770902449231,137400576.12137607,911,26,8 16,pass
71858461.71412346,1616595552.9276748,863.3770902449231,137400576.12137607,912,26,8 12,fail
76074781.71412346,1616595552.9276748,863.3770902449231,137400576.12137607,913,26,8 8,fail
88032001.72689229,2050860788.611438,1095.7857728342722,236484770.42955464,914,30,9 48,pass
88186875.9087105,2050860788.611438,1095.7857728342722,236484770.42955464,915,30,9 44,pass
88372724.92689233,2050860788.611438,1095.7857728342722,236484770.42955464,916,30,9 40,pass
88599873.72689229,2050860788.611438,1095.7857728342722,236484770.42955464,917,30,9 36,pass
88883809.72689229,2050860788.611438,1095.7857728342722,236484770.42955464,918,30,9 32,pass
89248870.29832084,2050860788.611438,1095.7857728342722,236484770.42955464,919,30,9 28,pass
89735617.72689229,2050860788.611438,1095.7857728342722,236484770.42955464,920,30,9 24,pass
90417064.12689231,2050860788.611438,1095.7857728342722,236484770.42955464,921,30,9 20,pass
91439233.72689228,2050860788.611438,1095.7857728342722,236484770.42955464,922,30,9 16,pass
93142849.72689228,2050860788.611438,1095.7857728342722,236484770.42955464,923,30,9 12,fail
96550081.72689228,2050860788.611438,1095.7857728342722,236484770.42955464,924,30,9 8,fail
197289084.1847773,2461000177.8683267,1298.8746488843303,444698127.60385126,925,52,10 48,fail
197496130.0029592,2461000177.8683267,1298.8746488843303,444698127.60385126,926,52,10 44,fail
197744584.9847774,2461000177.8683267,1298.8746488843303,444698127.60385126,927,52,10 40,fail
198048252.1847773,2461000177.8683267,1298.8746488843303,444698127.60385126,928,52,10 36,fail
198427836.1847773,2461000177.8683267,1298.8746488843303,444698127.60385126,929,52,10 32,fail
198915872.7562059,2461000177.8683267,1298.8746488843303,444698127.60385126,930,52,10 28,fail
199566588.1847773,2461000177.8683267,1298.8746488843303,444698127.60385126,931,52,10 24,fail
200477589.7847773,2461000177.8683267,1298.8746488843303,444698127.60385126,932,52,10 20,fail
201844092.1847773,2461000177.8683267,1298.8746488843303,444698127.60385126,933,52,10 16,fail
204121596.1847773,2461000177.8683267,1298.8746488843303,444698127.60385126,934,52,10 12,fail
208676604.1847773,2461000177.8683267,1298.8746488843303,444698127.60385126,935,52,10 8,fail
197289084.1847773,2461000177.8683267,1298.8746488843303,444698127.60385126,936,52,11 48,fail
197496130.0029592,2461000177.8683267,1298.8746488843303,444698127.60385126,937,52,11 44,fail
197744584.9847774,2461000177.8683267,1298.8746488843303,444698127.60385126,938,52,11 40,fail
198048252.1847773,2461000177.8683267,1298.8746488843303,444698127.60385126,939,52,11 36,fail
198427836.1847773,2461000177.8683267,1298.8746488843303,444698127.60385126,940,52,11 32,fail
198915872.7562059,2461000177.8683267,1298.8746488843303,444698127.60385126,941,52,11 28,fail
199566588.1847773,2461000177.8683267,1298.8746488843303,444698127.60385126,942,52,11 24,fail
200477589.7847773,2461000177.8683267,1298.8746488843303,444698127.60385126,943,52,11 20,fail
201844092.1847773,2461000177.8683267,1298.8746488843303,444698127.60385126,944,52,11 16,fail
204121596.1847773,2461000177.8683267,1298.8746488843303,444698127.60385126,945,52,11 12,fail
208676604.1847773,2461000177.8683267,1298.8746488843303,444698127.60385126,946,52,11 8,fail
197289084.1847773,2461000177.8683267,1298.8746488843303,444698127.60385126,947,52,12 48,fail
197496130.0029592,2461000177.8683267,1298.8746488843303,444698127.60385126,948,52,12 44,fail
197744584.9847774,2461000177.8683267,1298.8746488843303,444698127.60385126,949,52,12 40,fail
198048252.1847773,2461000177.8683267,1298.8746488843303,444698127.60385126,950,52,12 36,fail
198427836.1847773,2461000177.8683267,1298.8746488843303,444698127.60385126,951,52,12 32,fail
198915872.7562059,2461000177.8683267,1298.8746488843303,444698127.60385126,952,52,12 28,fail
199566588.1847773,2461000177.8683267,1298.8746488843303,444698127.60385126,953,52,12 24,fail
200477589.7847773,2461000177.8683267,1298.8746488843303,444698127.60385126,954,52,12 20,fail
201844092.1847773,2461000177.8683267,1298.8746488843303,444698127.60385126,955,52,12 16,fail
204121596.1847773,2461000177.8683267,1298.8746488843303,444698127.60385126,956,52,12 12,fail
208676604.1847773,2461000177.8683267,1298.8746488843303,444698127.60385126,957,52,12 8,fail
197289084.1847773,2461000177.8683267,1298.8746488843303,444698127.60385126,958,52,13 48,fail
197496130.0029592,2461000177.8683267,1298.8746488843303,444698127.60385126,959,52,13 44,fail
197744584.9847774,2461000177.8683267,1298.8746488843303,444698127.60385126,960,52,13 40,fail
198048252.1847773,2461000177.8683267,1298.8746488843303,444698127.60385126,961,52,13 36,fail
198427836.1847773,2461000177.8683267,1298.8746488843303,444698127.60385126,962,52,13 32,fail
198915872.7562059,2461000177.8683267,1298.8746488843303,444698127.60385126,963,52,13 28,fail
199566588.1847773,2461000177.8683267,1298.8746488843303,444698127.60385126,964,52,13 24,fail
200477589.7847773,2461000177.8683267,1298.8746488843303,444698127.60385126,965,52,13 20,fail
201844092.1847773,2461000177.8683267,1298.8746488843303,444698127.60385126,966,52,13 16,fail
204121596.1847773,2461000177.8683267,1298.8746488843303,444698127.60385126,967,52,13 12,fail
208676604.1847773,2461000177.8683267,1298.8746488843303,444698127.60385126,968,52,13 8,fail
197289084.1847773,2461000177.8683267,1298.8746488843303,444698127.60385126,969,52,14 48,fail
197496130.0029592,2461000177.8683267,1298.8746488843303,444698127.60385126,970,52,14 44,fail
197744584.9847774,2461000177.8683267,1298.8746488843303,444698127.60385126,971,52,14 40,fail
198048252.1847773,2461000177.8683267,1298.8746488843303,444698127.60385126,972,52,14 36,fail
198427836.1847773,2461000177.8683267,1298.8746488843303,444698127.60385126,973,52,14 32,fail
198915872.7562059,2461000177.8683267,1298.8746488843303,444698127.60385126,974,52,14 28,fail
199566588.1847773,2461000177.8683267,1298.8746488843303,444698127.60385126,975,52,14 24,fail
200477589.7847773,2461000177.8683267,1298.8746488843303,444698127.60385126,976,52,14 20,fail
201844092.1847773,2461000177.8683267,1298.8746488843303,444698127.60385126,977,52,14 16,fail
204121596.1847773,2461000177.8683267,1298.8746488843303,444698127.60385126,978,52,14 12,fail
208676604.1847773,2461000177.8683267,1298.8746488843303,444698127.60385126,979,52,14 8,fail
197289084.1847773,2461000177.8683267,1298.8746488843303,444698127.60385126,980,52,15 48,fail
197496130.0029592,2461000177.8683267,1298.8746488843303,444698127.60385126,981,52,15 44,fail
197744584.9847774,2461000177.8683267,1298.8746488843303,444698127.60385126,982,52,15 40,fail
198048252.1847773,2461000177.8683267,1298.8746488843303,444698127.60385126,983,52,15 36,fail
198427836.1847773,2461000177.8683267,1298.8746488843303,444698127.60385126,984,52,15 32,fail
198915872.7562059,2461000177.8683267,1298.8746488843303,444698127.60385126,985,52,15 28,fail
199566588.1847773,2461000177.8683267,1298.8746488843303,444698127.60385126,986,52,15 24,fail
200477589.7847773,2461000177.8683267,1298.8746488843303,444698127.60385126,987,52,15 20,fail
201844092.1847773,2461000177.8683267,1298.8746488843303,444698127.60385126,988,52,15 16,fail
204121596.1847773,2461000177.8683267,1298.8746488843303,444698127.60385126,989,52,15 12,fail
208676604.1847773,2461000177.8683267,1298.8746488843303,444698127.60385126,990,52,15 8,fail
197289084.1847773,2461000177.8683267,1298.8746488843303,444698127.60385126,991,52,16 48,fail
197496130.0029592,2461000177.8683267,1298.8746488843303,444698127.60385126,992,52,16 44,fail
197744584.9847774,2461000177.8683267,1298.8746488843303,444698127.60385126,993,52,16 40,fail
198048252.1847773,2461000177.8683267,1298.8746488843303,444698127.60385126,994,52,16 36,fail
198427836.1847773,2461000177.8683267,1298.8746488843303,444698127.60385126,995,52,16 32,fail
198915872.7562059,2461000177.8683267,1298.8746488843303,444698127.60385126,996,52,16 28,fail
199566588.1847773,2461000177.8683267,1298.8746488843303,444698127.60385126,997,52,16 24,fail
200477589.7847773,2461000177.8683267,1298.8746488843303,444698127.60385126,998,52,16 20,fail
201844092.1847773,2461000177.8683267,1298.8746488843303,444698127.60385126,999,52,16 16,fail
204121596.1847773,2461000177.8683267,1298.8746488843303,444698127.60385126,1000,52,16 12,fail
208676604.18477732,2461000177.8683267,1298.8746488843303,444698127.60385126,1001,52,16 8,fail
