DSE index,"DLA HW (pes, bw)","RRAM HW (tiles, bw)",DLA layernum,RRAM layernum,DLA EDP,RRAM EDP,DLA area,restraint
1,1024 16,2 48,42,11,7162774927733.97,1.7299737351249478e+16,25690900000000.0,pass
2,1024 20,2 44,42,11,7162774927733.97,1.730020540810855e+16,32113400000000.0,pass
3,1024 24,2 40,42,11,7162774927733.97,1.730076707633944e+16,38536000000000.0,pass
4,1024 28,2 36,42,11,7162774927733.97,1.730145355973275e+16,44958600000000.0,pass
5,1024 32,2 32,42,11,7162774927733.97,1.7302311663974386e+16,51381200000000.0,pass
6,1024 36,2 28,42,11,7162774927733.97,1.7303414940856486e+16,57803700000000.0,pass
7,1024 40,2 24,42,11,7162774927733.97,1.7304885976699294e+16,64226300000000.0,pass
8,1024 44,2 20,42,11,7162774927733.97,1.7306945426879216e+16,70648900000000.0,pass
9,1024 48,2 16,42,11,7162774927733.97,1.7310034602149112e+16,77071500000000.0,pass
10,1024 16,3 48,38,15,4498111129540.874,3.2006227206745596e+16,25690900000000.0,pass
11,1024 20,3 44,38,15,4498111129540.874,3.200695434602712e+16,32113400000000.0,pass
12,1024 24,3 40,38,15,4498111129540.874,3.2007826913164948e+16,38536000000000.0,pass
13,1024 28,3 36,38,15,4498111129540.874,3.200889338411118e+16,44958600000000.0,pass
14,1024 32,3 32,38,15,4498111129540.874,3.2010226472793972e+16,51381200000000.0,pass
15,1024 36,3 28,38,15,4498111129540.874,3.201194044395756e+16,57803700000000.0,pass
16,1024 40,3 24,38,15,4498111129540.874,3.2014225738842348e+16,64226300000000.0,pass
17,1024 44,3 20,38,15,4498111129540.874,3.2017425151681044e+16,70648900000000.0,pass
18,1024 48,3 16,38,15,4498111129540.874,3.20222242709391e+16,77071500000000.0,pass
19,1024 16,4 48,35,18,3321483771096.585,3.931030919660302e+16,25690900000000.0,pass
20,1024 20,4 44,35,18,3321483771096.585,3.9311170399330936e+16,32113400000000.0,pass
21,1024 24,4 40,35,18,3321483771096.585,3.931220384260443e+16,38536000000000.0,pass
22,1024 28,4 36,35,18,3321483771096.585,3.93134669399387e+16,44958600000000.0,pass
23,1024 32,4 32,35,18,3321483771096.585,3.931504581160654e+16,51381200000000.0,pass
24,1024 36,4 28,35,18,3321483771096.585,3.93170757894652e+16,57803700000000.0,pass
25,1024 40,4 24,35,18,3321483771096.585,3.931978242661006e+16,64226300000000.0,pass
26,1024 44,4 20,35,18,3321483771096.585,3.932357171861288e+16,70648900000000.0,pass
27,1024 48,4 16,35,18,3321483771096.585,3.93292556566171e+16,77071500000000.0,pass
28,1024 16,5 48,31,22,1870722347766.6145,4.972859642797434e+16,25690900000000.0,pass
29,1024 20,5 44,31,22,1870722347766.6145,4.9729636381964104e+16,32113400000000.0,pass
30,1024 24,5 40,31,22,1870722347766.6145,4.973088432675182e+16,38536000000000.0,pass
31,1024 28,5 36,31,22,1870722347766.6145,4.973240959260348e+16,44958600000000.0,pass
32,1024 32,5 32,31,22,1870722347766.6145,4.973431617491805e+16,51381200000000.0,pass
33,1024 36,5 28,31,22,1870722347766.6145,4.973676749503678e+16,57803700000000.0,pass
34,1024 40,5 24,31,22,1870722347766.6145,4.974003592186176e+16,64226300000000.0,pass
35,1024 44,5 20,31,22,1870722347766.6145,4.974461171941673e+16,70648900000000.0,pass
36,1024 48,5 16,31,22,1870722347766.6145,4.975147541574919e+16,77071500000000.0,pass
37,1024 16,6 48,28,25,974006757775.95,5.805194528517388e+16,25690900000000.0,pass
38,1024 20,6 44,28,25,974006757775.95,5.805311930261003e+16,32113400000000.0,pass
39,1024 24,6 40,28,25,974006757775.95,5.805452812353342e+16,38536000000000.0,pass
40,1024 28,6 36,28,25,974006757775.95,5.805625001577312e+16,44958600000000.0,pass
41,1024 32,6 32,28,25,974006757775.95,5.805840238107274e+16,51381200000000.0,pass
42,1024 36,6 28,28,25,974006757775.95,5.806116970788653e+16,57803700000000.0,pass
43,1024 40,6 24,28,25,974006757775.95,5.806485947697159e+16,64226300000000.0,pass
44,1024 44,6 20,28,25,974006757775.95,5.807002515369067e+16,70648900000000.0,pass
45,1024 48,6 16,28,25,974006757775.95,5.807777366876931e+16,77071500000000.0,pass
46,1024 16,7 48,27,26,784264317344.8875,6.0318602971906744e+16,25690900000000.0,pass
47,1024 20,7 44,27,26,784264317344.8875,6.031981948508504e+16,32113400000000.0,pass
48,1024 24,7 40,27,26,784264317344.8875,6.032127930089899e+16,38536000000000.0,pass
49,1024 28,7 36,27,26,784264317344.8875,6.032306352022716e+16,44958600000000.0,pass
50,1024 32,7 32,27,26,784264317344.8875,6.032529379438737e+16,51381200000000.0,pass
51,1024 36,7 28,27,26,784264317344.8875,6.03281612897362e+16,57803700000000.0,pass
52,1024 40,7 24,27,26,784264317344.8875,6.033198461686798e+16,64226300000000.0,pass
53,1024 44,7 20,27,26,784264317344.8875,6.033733727485248e+16,70648900000000.0,pass
54,1024 48,7 16,27,26,784264317344.8875,6.034536626182923e+16,77071500000000.0,pass
55,1024 16,8 48,25,28,498038676849.6375,6.4886576822479e+16,25690900000000.0,pass
56,1024 20,8 44,25,28,498038676849.6375,6.4887878327141576e+16,32113400000000.0,pass
57,1024 24,8 40,25,28,498038676849.6375,6.4889440132736664e+16,38536000000000.0,pass
58,1024 28,8 36,25,28,498038676849.6375,6.489134900624177e+16,44958600000000.0,pass
59,1024 32,8 32,25,28,498038676849.6375,6.4893735098123144e+16,51381200000000.0,pass
60,1024 36,8 28,25,28,498038676849.6375,6.489680293054206e+16,57803700000000.0,pass
61,1024 40,8 24,25,28,498038676849.6375,6.49008933737673e+16,64226300000000.0,pass
62,1024 44,8 20,25,28,498038676849.6375,6.490661999428261e+16,70648900000000.0,pass
63,1024 48,8 16,25,28,498038676849.6375,6.491520992505559e+16,77071500000000.0,pass
64,1024 16,9 48,20,33,82147081252.51501,7.812209111743117e+16,25690900000000.0,fail
65,1024 20,9 44,20,33,82147081252.51501,7.812354003757635e+16,32113400000000.0,fail
66,1024 24,9 40,20,33,82147081252.51501,7.812527874175056e+16,38536000000000.0,fail
67,1024 28,9 36,20,33,82147081252.51501,7.812740382463016e+16,44958600000000.0,fail
68,1024 32,9 32,20,33,82147081252.51501,7.813006017822965e+16,51381200000000.0,fail
69,1024 36,9 28,20,33,82147081252.51501,7.813347549000043e+16,57803700000000.0,fail
70,1024 40,9 24,20,33,82147081252.51501,7.813802923902813e+16,64226300000000.0,fail
71,1024 44,9 20,20,33,82147081252.51501,7.814440448766691e+16,70648900000000.0,fail
72,1024 48,9 16,20,33,82147081252.51501,7.815396736062509e+16,77071500000000.0,fail
73,1024 16,10 48,0,53,0.0,8.796140970999325e+16,25690900000000.0,fail
74,1024 20,10 44,0,53,0.0,8.80654788373975e+16,32113400000000.0,fail
75,1024 24,10 40,0,53,0.0,8.819036179028269e+16,38536000000000.0,fail
76,1024 28,10 36,0,53,0.0,8.834299651047566e+16,44958600000000.0,fail
77,1024 32,10 32,0,53,0.0,8.853378991071686e+16,51381200000000.0,fail
78,1024 36,10 28,0,53,0.0,8.8779095711027e+16,57803700000000.0,fail
79,1024 40,10 24,0,53,0.0,8.91061701114405e+16,64226300000000.0,fail
80,1024 44,10 20,0,53,0.0,8.956407427201941e+16,70648900000000.0,fail
81,1024 48,10 16,0,53,0.0,9.025093051288776e+16,77071500000000.0,fail
82,1024 16,11 48,0,53,0.0,8.796140970999325e+16,25690900000000.0,fail
83,1024 20,11 44,0,53,0.0,8.80654788373975e+16,32113400000000.0,fail
84,1024 24,11 40,0,53,0.0,8.819036179028269e+16,38536000000000.0,fail
85,1024 28,11 36,0,53,0.0,8.834299651047566e+16,44958600000000.0,fail
86,1024 32,11 32,0,53,0.0,8.853378991071686e+16,51381200000000.0,fail
87,1024 36,11 28,0,53,0.0,8.8779095711027e+16,57803700000000.0,fail
88,1024 40,11 24,0,53,0.0,8.91061701114405e+16,64226300000000.0,fail
89,1024 44,11 20,0,53,0.0,8.956407427201941e+16,70648900000000.0,fail
90,1024 48,11 16,0,53,0.0,9.025093051288776e+16,77071500000000.0,fail
91,1024 16,12 48,0,53,0.0,8.796140970999325e+16,25690900000000.0,fail
92,1024 20,12 44,0,53,0.0,8.80654788373975e+16,32113400000000.0,fail
93,1024 24,12 40,0,53,0.0,8.819036179028269e+16,38536000000000.0,fail
94,1024 28,12 36,0,53,0.0,8.834299651047566e+16,44958600000000.0,fail
95,1024 32,12 32,0,53,0.0,8.853378991071686e+16,51381200000000.0,fail
96,1024 36,12 28,0,53,0.0,8.8779095711027e+16,57803700000000.0,fail
97,1024 40,12 24,0,53,0.0,8.91061701114405e+16,64226300000000.0,fail
98,1024 44,12 20,0,53,0.0,8.956407427201941e+16,70648900000000.0,fail
99,1024 48,12 16,0,53,0.0,9.025093051288776e+16,77071500000000.0,fail
100,1024 16,13 48,0,53,0.0,8.796140970999325e+16,25690900000000.0,fail
101,1024 20,13 44,0,53,0.0,8.80654788373975e+16,32113400000000.0,fail
102,1024 24,13 40,0,53,0.0,8.819036179028269e+16,38536000000000.0,fail
103,1024 28,13 36,0,53,0.0,8.834299651047566e+16,44958600000000.0,fail
104,1024 32,13 32,0,53,0.0,8.853378991071686e+16,51381200000000.0,fail
105,1024 36,13 28,0,53,0.0,8.8779095711027e+16,57803700000000.0,fail
106,1024 40,13 24,0,53,0.0,8.91061701114405e+16,64226300000000.0,fail
107,1024 44,13 20,0,53,0.0,8.956407427201941e+16,70648900000000.0,fail
108,1024 48,13 16,0,53,0.0,9.025093051288776e+16,77071500000000.0,fail
109,1024 16,14 48,0,53,0.0,8.796140970999325e+16,25690900000000.0,fail
110,1024 20,14 44,0,53,0.0,8.80654788373975e+16,32113400000000.0,fail
111,1024 24,14 40,0,53,0.0,8.819036179028269e+16,38536000000000.0,fail
112,1024 28,14 36,0,53,0.0,8.834299651047566e+16,44958600000000.0,fail
113,1024 32,14 32,0,53,0.0,8.853378991071686e+16,51381200000000.0,fail
114,1024 36,14 28,0,53,0.0,8.8779095711027e+16,57803700000000.0,fail
115,1024 40,14 24,0,53,0.0,8.91061701114405e+16,64226300000000.0,fail
116,1024 44,14 20,0,53,0.0,8.956407427201941e+16,70648900000000.0,fail
117,1024 48,14 16,0,53,0.0,9.025093051288776e+16,77071500000000.0,fail
118,1024 16,15 48,0,53,0.0,8.796140970999325e+16,25690900000000.0,fail
119,1024 20,15 44,0,53,0.0,8.80654788373975e+16,32113400000000.0,fail
120,1024 24,15 40,0,53,0.0,8.819036179028269e+16,38536000000000.0,fail
121,1024 28,15 36,0,53,0.0,8.834299651047566e+16,44958600000000.0,fail
122,1024 32,15 32,0,53,0.0,8.853378991071686e+16,51381200000000.0,fail
123,1024 36,15 28,0,53,0.0,8.8779095711027e+16,57803700000000.0,fail
124,1024 40,15 24,0,53,0.0,8.91061701114405e+16,64226300000000.0,fail
125,1024 44,15 20,0,53,0.0,8.956407427201941e+16,70648900000000.0,fail
126,1024 48,15 16,0,53,0.0,9.025093051288776e+16,77071500000000.0,fail
127,1024 16,16 48,0,53,0.0,8.796140970999325e+16,25690900000000.0,fail
128,1024 20,16 44,0,53,0.0,8.80654788373975e+16,32113400000000.0,fail
129,1024 24,16 40,0,53,0.0,8.819036179028269e+16,38536000000000.0,fail
130,1024 28,16 36,0,53,0.0,8.834299651047566e+16,44958600000000.0,fail
131,1024 32,16 32,0,53,0.0,8.853378991071686e+16,51381200000000.0,fail
132,1024 36,16 28,0,53,0.0,8.8779095711027e+16,57803700000000.0,fail
133,1024 40,16 24,0,53,0.0,8.91061701114405e+16,64226300000000.0,fail
134,1024 44,16 20,0,53,0.0,8.956407427201941e+16,70648900000000.0,fail
135,1024 48,16 16,0,53,0.0,9.025093051288776e+16,77071500000000.0,fail
136,1024 16,17 48,0,53,0.0,8.796140970999325e+16,25690900000000.0,fail
137,1024 20,17 44,0,53,0.0,8.80654788373975e+16,32113400000000.0,fail
138,1024 24,17 40,0,53,0.0,8.819036179028269e+16,38536000000000.0,fail
139,1024 28,17 36,0,53,0.0,8.834299651047566e+16,44958600000000.0,fail
140,1024 32,17 32,0,53,0.0,8.853378991071686e+16,51381200000000.0,fail
141,1024 36,17 28,0,53,0.0,8.8779095711027e+16,57803700000000.0,fail
142,1024 40,17 24,0,53,0.0,8.91061701114405e+16,64226300000000.0,fail
143,1024 44,17 20,0,53,0.0,8.956407427201941e+16,70648900000000.0,fail
144,1024 48,17 16,0,53,0.0,9.025093051288776e+16,77071500000000.0,fail
145,1536 16,2 48,42,11,4880615341846.207,1.7299737351249478e+16,38512000000000.0,pass
146,1536 20,2 44,42,11,4880615341846.207,1.730020540810855e+16,48139700000000.0,pass
147,1536 24,2 40,42,11,4880615341846.207,1.730076707633944e+16,57767400000000.0,pass
148,1536 28,2 36,42,11,4880615341846.207,1.730145355973275e+16,67395100000000.0,pass
149,1536 32,2 32,42,11,4880615341846.207,1.7302311663974386e+16,77022800000000.0,pass
150,1536 36,2 28,42,11,4880615341846.207,1.7303414940856486e+16,86650500000000.0,pass
151,1536 40,2 24,42,11,4880615341846.207,1.7304885976699294e+16,96278200000000.0,pass
152,1536 44,2 20,42,11,4880615341846.207,1.7306945426879216e+16,105906000000000.0,pass
153,1536 48,2 16,42,11,4880615341846.207,1.7310034602149112e+16,115534000000000.0,pass
154,1536 16,3 48,38,15,3021414633305.497,3.2006227206745596e+16,38512000000000.0,pass
155,1536 20,3 44,38,15,3021414633305.497,3.200695434602712e+16,48139700000000.0,pass
156,1536 24,3 40,38,15,3021414633305.497,3.2007826913164948e+16,57767400000000.0,pass
157,1536 28,3 36,38,15,3021414633305.497,3.200889338411118e+16,67395100000000.0,pass
158,1536 32,3 32,38,15,3021414633305.497,3.2010226472793972e+16,77022800000000.0,pass
159,1536 36,3 28,38,15,3021414633305.497,3.201194044395756e+16,86650500000000.0,pass
160,1536 40,3 24,38,15,3021414633305.497,3.2014225738842348e+16,96278200000000.0,pass
161,1536 44,3 20,38,15,3021414633305.497,3.2017425151681044e+16,105906000000000.0,pass
162,1536 48,3 16,38,15,3021414633305.497,3.20222242709391e+16,115534000000000.0,pass
163,1536 16,4 48,35,18,2240183106614.407,3.931030919660302e+16,38512000000000.0,pass
164,1536 20,4 44,35,18,2240183106614.407,3.9311170399330936e+16,48139700000000.0,pass
165,1536 24,4 40,35,18,2240183106614.407,3.931220384260443e+16,57767400000000.0,pass
166,1536 28,4 36,35,18,2240183106614.407,3.93134669399387e+16,67395100000000.0,pass
167,1536 32,4 32,35,18,2240183106614.407,3.931504581160654e+16,77022800000000.0,pass
168,1536 36,4 28,35,18,2240183106614.407,3.93170757894652e+16,86650500000000.0,pass
169,1536 40,4 24,35,18,2240183106614.407,3.931978242661006e+16,96278200000000.0,pass
170,1536 44,4 20,35,18,2240183106614.407,3.932357171861288e+16,105906000000000.0,pass
171,1536 48,4 16,35,18,2240183106614.407,3.93292556566171e+16,115534000000000.0,pass
172,1536 16,5 48,31,22,1269623142399.7874,4.972859642797434e+16,38512000000000.0,pass
173,1536 20,5 44,31,22,1269623142399.7874,4.9729636381964104e+16,48139700000000.0,pass
174,1536 24,5 40,31,22,1269623142399.7874,4.973088432675182e+16,57767400000000.0,pass
175,1536 28,5 36,31,22,1269623142399.7874,4.973240959260348e+16,67395100000000.0,pass
176,1536 32,5 32,31,22,1269623142399.7874,4.973431617491805e+16,77022800000000.0,pass
177,1536 36,5 28,31,22,1269623142399.7874,4.973676749503678e+16,86650500000000.0,pass
178,1536 40,5 24,31,22,1269623142399.7874,4.974003592186176e+16,96278200000000.0,pass
179,1536 44,5 20,31,22,1269623142399.7874,4.974461171941673e+16,105906000000000.0,pass
180,1536 48,5 16,31,22,1269623142399.7874,4.975147541574919e+16,115534000000000.0,pass
181,1536 16,6 48,28,25,665556048128.9475,5.805194528517388e+16,38512000000000.0,pass
182,1536 20,6 44,28,25,665556048128.9475,5.805311930261003e+16,48139700000000.0,pass
183,1536 24,6 40,28,25,665556048128.9475,5.805452812353342e+16,57767400000000.0,pass
184,1536 28,6 36,28,25,665556048128.9475,5.805625001577312e+16,67395100000000.0,pass
185,1536 32,6 32,28,25,665556048128.9475,5.805840238107274e+16,77022800000000.0,pass
186,1536 36,6 28,28,25,665556048128.9475,5.806116970788653e+16,86650500000000.0,pass
187,1536 40,6 24,28,25,665556048128.9475,5.806485947697159e+16,96278200000000.0,pass
188,1536 44,6 20,28,25,665556048128.9475,5.807002515369067e+16,105906000000000.0,pass
189,1536 48,6 16,28,25,665556048128.9475,5.807777366876931e+16,115534000000000.0,pass
190,1536 16,7 48,27,26,537046216186.4474,6.0318602971906744e+16,38512000000000.0,pass
191,1536 20,7 44,27,26,537046216186.4474,6.031981948508504e+16,48139700000000.0,pass
192,1536 24,7 40,27,26,537046216186.4474,6.032127930089899e+16,57767400000000.0,pass
193,1536 28,7 36,27,26,537046216186.4474,6.032306352022716e+16,67395100000000.0,pass
194,1536 32,7 32,27,26,537046216186.4474,6.032529379438737e+16,77022800000000.0,pass
195,1536 36,7 28,27,26,537046216186.4474,6.03281612897362e+16,86650500000000.0,pass
196,1536 40,7 24,27,26,537046216186.4474,6.033198461686798e+16,96278200000000.0,pass
197,1536 44,7 20,27,26,537046216186.4474,6.033733727485248e+16,105906000000000.0,pass
198,1536 48,7 16,27,26,537046216186.4474,6.034536626182923e+16,115534000000000.0,pass
199,1536 16,8 48,25,28,343719655451.1975,6.4886576822479e+16,38512000000000.0,pass
200,1536 20,8 44,25,28,343719655451.1975,6.4887878327141576e+16,48139700000000.0,pass
201,1536 24,8 40,25,28,343719655451.1975,6.4889440132736664e+16,57767400000000.0,pass
202,1536 28,8 36,25,28,343719655451.1975,6.489134900624177e+16,67395100000000.0,pass
203,1536 32,8 32,25,28,343719655451.1975,6.4893735098123144e+16,77022800000000.0,pass
204,1536 36,8 28,25,28,343719655451.1975,6.489680293054206e+16,86650500000000.0,pass
205,1536 40,8 24,25,28,343719655451.1975,6.49008933737673e+16,96278200000000.0,pass
206,1536 44,8 20,25,28,343719655451.1975,6.490661999428261e+16,105906000000000.0,pass
207,1536 48,8 16,25,28,343719655451.1975,6.491520992505559e+16,115534000000000.0,pass
208,1536 16,9 48,20,33,57251020998.64876,7.812209111743117e+16,38512000000000.0,fail
209,1536 20,9 44,20,33,57251020998.64876,7.812354003757635e+16,48139700000000.0,fail
210,1536 24,9 40,20,33,57251020998.64876,7.812527874175056e+16,57767400000000.0,fail
211,1536 28,9 36,20,33,57251020998.64876,7.812740382463016e+16,67395100000000.0,fail
212,1536 32,9 32,20,33,57251020998.64876,7.813006017822965e+16,77022800000000.0,fail
213,1536 36,9 28,20,33,57251020998.64876,7.813347549000043e+16,86650500000000.0,fail
214,1536 40,9 24,20,33,57251020998.64876,7.813802923902813e+16,96278200000000.0,fail
215,1536 44,9 20,20,33,57251020998.64876,7.814440448766691e+16,105906000000000.0,fail
216,1536 48,9 16,20,33,57251020998.64876,7.815396736062509e+16,115534000000000.0,fail
217,1536 16,10 48,0,53,0.0,8.796140970999325e+16,38512000000000.0,fail
218,1536 20,10 44,0,53,0.0,8.80654788373975e+16,48139700000000.0,fail
219,1536 24,10 40,0,53,0.0,8.819036179028269e+16,57767400000000.0,fail
220,1536 28,10 36,0,53,0.0,8.834299651047566e+16,67395100000000.0,fail
221,1536 32,10 32,0,53,0.0,8.853378991071686e+16,77022800000000.0,fail
222,1536 36,10 28,0,53,0.0,8.8779095711027e+16,86650500000000.0,fail
223,1536 40,10 24,0,53,0.0,8.91061701114405e+16,96278200000000.0,fail
224,1536 44,10 20,0,53,0.0,8.956407427201941e+16,105906000000000.0,fail
225,1536 48,10 16,0,53,0.0,9.025093051288776e+16,115534000000000.0,fail
226,1536 16,11 48,0,53,0.0,8.796140970999325e+16,38512000000000.0,fail
227,1536 20,11 44,0,53,0.0,8.80654788373975e+16,48139700000000.0,fail
228,1536 24,11 40,0,53,0.0,8.819036179028269e+16,57767400000000.0,fail
229,1536 28,11 36,0,53,0.0,8.834299651047566e+16,67395100000000.0,fail
230,1536 32,11 32,0,53,0.0,8.853378991071686e+16,77022800000000.0,fail
231,1536 36,11 28,0,53,0.0,8.8779095711027e+16,86650500000000.0,fail
232,1536 40,11 24,0,53,0.0,8.91061701114405e+16,96278200000000.0,fail
233,1536 44,11 20,0,53,0.0,8.956407427201941e+16,105906000000000.0,fail
234,1536 48,11 16,0,53,0.0,9.025093051288776e+16,115534000000000.0,fail
235,1536 16,12 48,0,53,0.0,8.796140970999325e+16,38512000000000.0,fail
236,1536 20,12 44,0,53,0.0,8.80654788373975e+16,48139700000000.0,fail
237,1536 24,12 40,0,53,0.0,8.819036179028269e+16,57767400000000.0,fail
238,1536 28,12 36,0,53,0.0,8.834299651047566e+16,67395100000000.0,fail
239,1536 32,12 32,0,53,0.0,8.853378991071686e+16,77022800000000.0,fail
240,1536 36,12 28,0,53,0.0,8.8779095711027e+16,86650500000000.0,fail
241,1536 40,12 24,0,53,0.0,8.91061701114405e+16,96278200000000.0,fail
242,1536 44,12 20,0,53,0.0,8.956407427201941e+16,105906000000000.0,fail
243,1536 48,12 16,0,53,0.0,9.025093051288776e+16,115534000000000.0,fail
244,1536 16,13 48,0,53,0.0,8.796140970999325e+16,38512000000000.0,fail
245,1536 20,13 44,0,53,0.0,8.80654788373975e+16,48139700000000.0,fail
246,1536 24,13 40,0,53,0.0,8.819036179028269e+16,57767400000000.0,fail
247,1536 28,13 36,0,53,0.0,8.834299651047566e+16,67395100000000.0,fail
248,1536 32,13 32,0,53,0.0,8.853378991071686e+16,77022800000000.0,fail
249,1536 36,13 28,0,53,0.0,8.8779095711027e+16,86650500000000.0,fail
250,1536 40,13 24,0,53,0.0,8.91061701114405e+16,96278200000000.0,fail
251,1536 44,13 20,0,53,0.0,8.956407427201941e+16,105906000000000.0,fail
252,1536 48,13 16,0,53,0.0,9.025093051288776e+16,115534000000000.0,fail
253,1536 16,14 48,0,53,0.0,8.796140970999325e+16,38512000000000.0,fail
254,1536 20,14 44,0,53,0.0,8.80654788373975e+16,48139700000000.0,fail
255,1536 24,14 40,0,53,0.0,8.819036179028269e+16,57767400000000.0,fail
256,1536 28,14 36,0,53,0.0,8.834299651047566e+16,67395100000000.0,fail
257,1536 32,14 32,0,53,0.0,8.853378991071686e+16,77022800000000.0,fail
258,1536 36,14 28,0,53,0.0,8.8779095711027e+16,86650500000000.0,fail
259,1536 40,14 24,0,53,0.0,8.91061701114405e+16,96278200000000.0,fail
260,1536 44,14 20,0,53,0.0,8.956407427201941e+16,105906000000000.0,fail
261,1536 48,14 16,0,53,0.0,9.025093051288776e+16,115534000000000.0,fail
262,1536 16,15 48,0,53,0.0,8.796140970999325e+16,38512000000000.0,fail
263,1536 20,15 44,0,53,0.0,8.80654788373975e+16,48139700000000.0,fail
264,1536 24,15 40,0,53,0.0,8.819036179028269e+16,57767400000000.0,fail
265,1536 28,15 36,0,53,0.0,8.834299651047566e+16,67395100000000.0,fail
266,1536 32,15 32,0,53,0.0,8.853378991071686e+16,77022800000000.0,fail
267,1536 36,15 28,0,53,0.0,8.8779095711027e+16,86650500000000.0,fail
268,1536 40,15 24,0,53,0.0,8.91061701114405e+16,96278200000000.0,fail
269,1536 44,15 20,0,53,0.0,8.956407427201941e+16,105906000000000.0,fail
270,1536 48,15 16,0,53,0.0,9.025093051288776e+16,115534000000000.0,fail
271,1536 16,16 48,0,53,0.0,8.796140970999325e+16,38512000000000.0,fail
272,1536 20,16 44,0,53,0.0,8.80654788373975e+16,48139700000000.0,fail
273,1536 24,16 40,0,53,0.0,8.819036179028269e+16,57767400000000.0,fail
274,1536 28,16 36,0,53,0.0,8.834299651047566e+16,67395100000000.0,fail
275,1536 32,16 32,0,53,0.0,8.853378991071686e+16,77022800000000.0,fail
276,1536 36,16 28,0,53,0.0,8.8779095711027e+16,86650500000000.0,fail
277,1536 40,16 24,0,53,0.0,8.91061701114405e+16,96278200000000.0,fail
278,1536 44,16 20,0,53,0.0,8.956407427201941e+16,105906000000000.0,fail
279,1536 48,16 16,0,53,0.0,9.025093051288776e+16,115534000000000.0,fail
280,1536 16,17 48,0,53,0.0,8.796140970999325e+16,38512000000000.0,fail
281,1536 20,17 44,0,53,0.0,8.80654788373975e+16,48139700000000.0,fail
282,1536 24,17 40,0,53,0.0,8.819036179028269e+16,57767400000000.0,fail
283,1536 28,17 36,0,53,0.0,8.834299651047566e+16,67395100000000.0,fail
284,1536 32,17 32,0,53,0.0,8.853378991071686e+16,77022800000000.0,fail
285,1536 36,17 28,0,53,0.0,8.8779095711027e+16,86650500000000.0,fail
286,1536 40,17 24,0,53,0.0,8.91061701114405e+16,96278200000000.0,fail
287,1536 44,17 20,0,53,0.0,8.956407427201941e+16,105906000000000.0,fail
288,1536 48,17 16,0,53,0.0,9.025093051288776e+16,115534000000000.0,fail
289,2048 16,2 48,42,11,3416974424885.366,1.7299737351249478e+16,51333400000000.0,pass
290,2048 20,2 44,42,11,3416974424885.366,1.730020540810855e+16,64166200000000.0,pass
291,2048 24,2 40,42,11,3416974424885.366,1.730076707633944e+16,76999100000000.0,pass
292,2048 28,2 36,42,11,3416974424885.366,1.730145355973275e+16,89831900000000.0,pass
293,2048 32,2 32,42,11,3416974424885.366,1.7302311663974386e+16,102665000000000.0,pass
294,2048 36,2 28,42,11,3416974424885.366,1.7303414940856486e+16,115498000000000.0,pass
295,2048 40,2 24,42,11,3416974424885.366,1.7304885976699294e+16,128330000000000.0,pass
296,2048 44,2 20,42,11,3416974424885.366,1.7306945426879216e+16,141163000000000.0,pass
297,2048 48,2 16,42,11,3416974424885.366,1.7310034602149112e+16,153996000000000.0,pass
298,2048 16,3 48,38,15,2145665694107.1562,3.2006227206745596e+16,51333400000000.0,pass
299,2048 20,3 44,38,15,2145665694107.1562,3.200695434602712e+16,64166200000000.0,pass
300,2048 24,3 40,38,15,2145665694107.1562,3.2007826913164948e+16,76999100000000.0,pass
301,2048 28,3 36,38,15,2145665694107.1562,3.200889338411118e+16,89831900000000.0,pass
302,2048 32,3 32,38,15,2145665694107.1562,3.2010226472793972e+16,102665000000000.0,pass
303,2048 36,3 28,38,15,2145665694107.1562,3.201194044395756e+16,115498000000000.0,pass
304,2048 40,3 24,38,15,2145665694107.1562,3.2014225738842348e+16,128330000000000.0,pass
305,2048 44,3 20,38,15,2145665694107.1562,3.2017425151681044e+16,141163000000000.0,pass
306,2048 48,3 16,38,15,2145665694107.1562,3.20222242709391e+16,153996000000000.0,pass
307,2048 16,4 48,35,18,1591927273353.0862,3.931030919660302e+16,51333400000000.0,pass
308,2048 20,4 44,35,18,1591927273353.0862,3.9311170399330936e+16,64166200000000.0,pass
309,2048 24,4 40,35,18,1591927273353.0862,3.931220384260443e+16,76999100000000.0,pass
310,2048 28,4 36,35,18,1591927273353.0862,3.93134669399387e+16,89831900000000.0,pass
311,2048 32,4 32,35,18,1591927273353.0862,3.931504581160654e+16,102665000000000.0,pass
312,2048 36,4 28,35,18,1591927273353.0862,3.93170757894652e+16,115498000000000.0,pass
313,2048 40,4 24,35,18,1591927273353.0862,3.931978242661006e+16,128330000000000.0,pass
314,2048 44,4 20,35,18,1591927273353.0862,3.932357171861288e+16,141163000000000.0,pass
315,2048 48,4 16,35,18,1591927273353.0862,3.93292556566171e+16,153996000000000.0,pass
316,2048 16,5 48,31,22,901846678693.0762,4.972859642797434e+16,51333400000000.0,pass
317,2048 20,5 44,31,22,901846678693.0762,4.9729636381964104e+16,64166200000000.0,pass
318,2048 24,5 40,31,22,901846678693.0762,4.973088432675182e+16,76999100000000.0,pass
319,2048 28,5 36,31,22,901846678693.0762,4.973240959260348e+16,89831900000000.0,pass
320,2048 32,5 32,31,22,901846678693.0762,4.973431617491805e+16,102665000000000.0,pass
321,2048 36,5 28,31,22,901846678693.0762,4.973676749503678e+16,115498000000000.0,pass
322,2048 40,5 24,31,22,901846678693.0762,4.974003592186176e+16,128330000000000.0,pass
323,2048 44,5 20,31,22,901846678693.0762,4.974461171941673e+16,141163000000000.0,pass
324,2048 48,5 16,31,22,901846678693.0762,4.975147541574919e+16,153996000000000.0,pass
325,2048 16,6 48,28,25,471709213857.1312,5.805194528517388e+16,51333400000000.0,pass
326,2048 20,6 44,28,25,471709213857.1312,5.805311930261003e+16,64166200000000.0,pass
327,2048 24,6 40,28,25,471709213857.1312,5.805452812353342e+16,76999100000000.0,pass
328,2048 28,6 36,28,25,471709213857.1312,5.805625001577312e+16,89831900000000.0,pass
329,2048 32,6 32,28,25,471709213857.1312,5.805840238107274e+16,102665000000000.0,pass
330,2048 36,6 28,28,25,471709213857.1312,5.806116970788653e+16,115498000000000.0,pass
331,2048 40,6 24,28,25,471709213857.1312,5.806485947697159e+16,128330000000000.0,pass
332,2048 44,6 20,28,25,471709213857.1312,5.807002515369067e+16,141163000000000.0,pass
333,2048 48,6 16,28,25,471709213857.1312,5.807777366876931e+16,153996000000000.0,pass
334,2048 16,7 48,27,26,380214095464.2562,6.0318602971906744e+16,51333400000000.0,pass
335,2048 20,7 44,27,26,380214095464.2562,6.031981948508504e+16,64166200000000.0,pass
336,2048 24,7 40,27,26,380214095464.2562,6.032127930089899e+16,76999100000000.0,pass
337,2048 28,7 36,27,26,380214095464.2562,6.032306352022716e+16,89831900000000.0,pass
338,2048 32,7 32,27,26,380214095464.2562,6.032529379438737e+16,102665000000000.0,pass
339,2048 36,7 28,27,26,380214095464.2562,6.03281612897362e+16,115498000000000.0,pass
340,2048 40,7 24,27,26,380214095464.2562,6.033198461686798e+16,128330000000000.0,pass
341,2048 44,7 20,27,26,380214095464.2562,6.033733727485248e+16,141163000000000.0,pass
342,2048 48,7 16,27,26,380214095464.2562,6.034536626182923e+16,153996000000000.0,pass
343,2048 16,8 48,25,28,242923468348.81876,6.4886576822479e+16,51333400000000.0,pass
344,2048 20,8 44,25,28,242923468348.81876,6.4887878327141576e+16,64166200000000.0,pass
345,2048 24,8 40,25,28,242923468348.81876,6.4889440132736664e+16,76999100000000.0,pass
346,2048 28,8 36,25,28,242923468348.81876,6.489134900624177e+16,89831900000000.0,pass
347,2048 32,8 32,25,28,242923468348.81876,6.4893735098123144e+16,102665000000000.0,pass
348,2048 36,8 28,25,28,242923468348.81876,6.489680293054206e+16,115498000000000.0,pass
349,2048 40,8 24,25,28,242923468348.81876,6.49008933737673e+16,128330000000000.0,pass
350,2048 44,8 20,25,28,242923468348.81876,6.490661999428261e+16,141163000000000.0,pass
351,2048 48,8 16,25,28,242923468348.81876,6.491520992505559e+16,153996000000000.0,pass
352,2048 16,9 48,20,33,42953047615.8075,7.812209111743117e+16,51333400000000.0,fail
353,2048 20,9 44,20,33,42953047615.8075,7.812354003757635e+16,64166200000000.0,fail
354,2048 24,9 40,20,33,42953047615.8075,7.812527874175056e+16,76999100000000.0,fail
355,2048 28,9 36,20,33,42953047615.8075,7.812740382463016e+16,89831900000000.0,fail
356,2048 32,9 32,20,33,42953047615.8075,7.813006017822965e+16,102665000000000.0,fail
357,2048 36,9 28,20,33,42953047615.8075,7.813347549000043e+16,115498000000000.0,fail
358,2048 40,9 24,20,33,42953047615.8075,7.813802923902813e+16,128330000000000.0,fail
359,2048 44,9 20,20,33,42953047615.8075,7.814440448766691e+16,141163000000000.0,fail
360,2048 48,9 16,20,33,42953047615.8075,7.815396736062509e+16,153996000000000.0,fail
361,2048 16,10 48,0,53,0.0,8.796140970999325e+16,51333400000000.0,fail
362,2048 20,10 44,0,53,0.0,8.80654788373975e+16,64166200000000.0,fail
363,2048 24,10 40,0,53,0.0,8.819036179028269e+16,76999100000000.0,fail
364,2048 28,10 36,0,53,0.0,8.834299651047566e+16,89831900000000.0,fail
365,2048 32,10 32,0,53,0.0,8.853378991071686e+16,102665000000000.0,fail
366,2048 36,10 28,0,53,0.0,8.8779095711027e+16,115498000000000.0,fail
367,2048 40,10 24,0,53,0.0,8.91061701114405e+16,128330000000000.0,fail
368,2048 44,10 20,0,53,0.0,8.956407427201941e+16,141163000000000.0,fail
369,2048 48,10 16,0,53,0.0,9.025093051288776e+16,153996000000000.0,fail
370,2048 16,11 48,0,53,0.0,8.796140970999325e+16,51333400000000.0,fail
371,2048 20,11 44,0,53,0.0,8.80654788373975e+16,64166200000000.0,fail
372,2048 24,11 40,0,53,0.0,8.819036179028269e+16,76999100000000.0,fail
373,2048 28,11 36,0,53,0.0,8.834299651047566e+16,89831900000000.0,fail
374,2048 32,11 32,0,53,0.0,8.853378991071686e+16,102665000000000.0,fail
375,2048 36,11 28,0,53,0.0,8.8779095711027e+16,115498000000000.0,fail
376,2048 40,11 24,0,53,0.0,8.91061701114405e+16,128330000000000.0,fail
377,2048 44,11 20,0,53,0.0,8.956407427201941e+16,141163000000000.0,fail
378,2048 48,11 16,0,53,0.0,9.025093051288776e+16,153996000000000.0,fail
379,2048 16,12 48,0,53,0.0,8.796140970999325e+16,51333400000000.0,fail
380,2048 20,12 44,0,53,0.0,8.80654788373975e+16,64166200000000.0,fail
381,2048 24,12 40,0,53,0.0,8.819036179028269e+16,76999100000000.0,fail
382,2048 28,12 36,0,53,0.0,8.834299651047566e+16,89831900000000.0,fail
383,2048 32,12 32,0,53,0.0,8.853378991071686e+16,102665000000000.0,fail
384,2048 36,12 28,0,53,0.0,8.8779095711027e+16,115498000000000.0,fail
385,2048 40,12 24,0,53,0.0,8.91061701114405e+16,128330000000000.0,fail
386,2048 44,12 20,0,53,0.0,8.956407427201941e+16,141163000000000.0,fail
387,2048 48,12 16,0,53,0.0,9.025093051288776e+16,153996000000000.0,fail
388,2048 16,13 48,0,53,0.0,8.796140970999325e+16,51333400000000.0,fail
389,2048 20,13 44,0,53,0.0,8.80654788373975e+16,64166200000000.0,fail
390,2048 24,13 40,0,53,0.0,8.819036179028269e+16,76999100000000.0,fail
391,2048 28,13 36,0,53,0.0,8.834299651047566e+16,89831900000000.0,fail
392,2048 32,13 32,0,53,0.0,8.853378991071686e+16,102665000000000.0,fail
393,2048 36,13 28,0,53,0.0,8.8779095711027e+16,115498000000000.0,fail
394,2048 40,13 24,0,53,0.0,8.91061701114405e+16,128330000000000.0,fail
395,2048 44,13 20,0,53,0.0,8.956407427201941e+16,141163000000000.0,fail
396,2048 48,13 16,0,53,0.0,9.025093051288776e+16,153996000000000.0,fail
397,2048 16,14 48,0,53,0.0,8.796140970999325e+16,51333400000000.0,fail
398,2048 20,14 44,0,53,0.0,8.80654788373975e+16,64166200000000.0,fail
399,2048 24,14 40,0,53,0.0,8.819036179028269e+16,76999100000000.0,fail
400,2048 28,14 36,0,53,0.0,8.834299651047566e+16,89831900000000.0,fail
401,2048 32,14 32,0,53,0.0,8.853378991071686e+16,102665000000000.0,fail
402,2048 36,14 28,0,53,0.0,8.8779095711027e+16,115498000000000.0,fail
403,2048 40,14 24,0,53,0.0,8.91061701114405e+16,128330000000000.0,fail
404,2048 44,14 20,0,53,0.0,8.956407427201941e+16,141163000000000.0,fail
405,2048 48,14 16,0,53,0.0,9.025093051288776e+16,153996000000000.0,fail
406,2048 16,15 48,0,53,0.0,8.796140970999325e+16,51333400000000.0,fail
407,2048 20,15 44,0,53,0.0,8.80654788373975e+16,64166200000000.0,fail
408,2048 24,15 40,0,53,0.0,8.819036179028269e+16,76999100000000.0,fail
409,2048 28,15 36,0,53,0.0,8.834299651047566e+16,89831900000000.0,fail
410,2048 32,15 32,0,53,0.0,8.853378991071686e+16,102665000000000.0,fail
411,2048 36,15 28,0,53,0.0,8.8779095711027e+16,115498000000000.0,fail
412,2048 40,15 24,0,53,0.0,8.91061701114405e+16,128330000000000.0,fail
413,2048 44,15 20,0,53,0.0,8.956407427201941e+16,141163000000000.0,fail
414,2048 48,15 16,0,53,0.0,9.025093051288776e+16,153996000000000.0,fail
415,2048 16,16 48,0,53,0.0,8.796140970999325e+16,51333400000000.0,fail
416,2048 20,16 44,0,53,0.0,8.80654788373975e+16,64166200000000.0,fail
417,2048 24,16 40,0,53,0.0,8.819036179028269e+16,76999100000000.0,fail
418,2048 28,16 36,0,53,0.0,8.834299651047566e+16,89831900000000.0,fail
419,2048 32,16 32,0,53,0.0,8.853378991071686e+16,102665000000000.0,fail
420,2048 36,16 28,0,53,0.0,8.8779095711027e+16,115498000000000.0,fail
421,2048 40,16 24,0,53,0.0,8.91061701114405e+16,128330000000000.0,fail
422,2048 44,16 20,0,53,0.0,8.956407427201941e+16,141163000000000.0,fail
423,2048 48,16 16,0,53,0.0,9.025093051288776e+16,153996000000000.0,fail
424,2048 16,17 48,0,53,0.0,8.796140970999325e+16,51333400000000.0,fail
425,2048 20,17 44,0,53,0.0,8.80654788373975e+16,64166200000000.0,fail
426,2048 24,17 40,0,53,0.0,8.819036179028269e+16,76999100000000.0,fail
427,2048 28,17 36,0,53,0.0,8.834299651047566e+16,89831900000000.0,fail
428,2048 32,17 32,0,53,0.0,8.853378991071686e+16,102665000000000.0,fail
429,2048 36,17 28,0,53,0.0,8.8779095711027e+16,115498000000000.0,fail
430,2048 40,17 24,0,53,0.0,8.91061701114405e+16,128330000000000.0,fail
431,2048 44,17 20,0,53,0.0,8.956407427201941e+16,141163000000000.0,fail
432,2048 48,17 16,0,53,0.0,9.025093051288776e+16,153996000000000.0,fail
433,2560 16,2 48,42,11,3027110478656.029,1.7299737351249478e+16,64155100000000.0,pass
434,2560 20,2 44,42,11,3027110478656.029,1.730020540810855e+16,80193100000000.0,pass
435,2560 24,2 40,42,11,3027110478656.029,1.730076707633944e+16,96231000000000.0,pass
436,2560 28,2 36,42,11,3027110478656.029,1.730145355973275e+16,112269000000000.0,pass
437,2560 32,2 32,42,11,3027110478656.029,1.7302311663974386e+16,128307000000000.0,pass
438,2560 36,2 28,42,11,3027110478656.029,1.7303414940856486e+16,144345000000000.0,pass
439,2560 40,2 24,42,11,3027110478656.029,1.7304885976699294e+16,160383000000000.0,pass
440,2560 44,2 20,42,11,3027110478656.029,1.7306945426879216e+16,176421000000000.0,pass
441,2560 48,2 16,42,11,3027110478656.029,1.7310034602149112e+16,192459000000000.0,pass
442,2560 16,3 48,38,15,1853314555685.2988,3.2006227206745596e+16,64155100000000.0,pass
443,2560 20,3 44,38,15,1853314555685.2988,3.200695434602712e+16,80193100000000.0,pass
444,2560 24,3 40,38,15,1853314555685.2988,3.2007826913164948e+16,96231000000000.0,pass
445,2560 28,3 36,38,15,1853314555685.2988,3.200889338411118e+16,112269000000000.0,pass
446,2560 32,3 32,38,15,1853314555685.2988,3.2010226472793972e+16,128307000000000.0,pass
447,2560 36,3 28,38,15,1853314555685.2988,3.201194044395756e+16,144345000000000.0,pass
448,2560 40,3 24,38,15,1853314555685.2988,3.2014225738842348e+16,160383000000000.0,pass
449,2560 44,3 20,38,15,1853314555685.2988,3.2017425151681044e+16,176421000000000.0,pass
450,2560 48,3 16,38,15,1853314555685.2988,3.20222242709391e+16,192459000000000.0,pass
451,2560 16,4 48,35,18,1373924193929.3813,3.931030919660302e+16,64155100000000.0,pass
452,2560 20,4 44,35,18,1373924193929.3813,3.9311170399330936e+16,80193100000000.0,pass
453,2560 24,4 40,35,18,1373924193929.3813,3.931220384260443e+16,96231000000000.0,pass
454,2560 28,4 36,35,18,1373924193929.3813,3.93134669399387e+16,112269000000000.0,pass
455,2560 32,4 32,35,18,1373924193929.3813,3.931504581160654e+16,128307000000000.0,pass
456,2560 36,4 28,35,18,1373924193929.3813,3.93170757894652e+16,144345000000000.0,pass
457,2560 40,4 24,35,18,1373924193929.3813,3.931978242661006e+16,160383000000000.0,pass
458,2560 44,4 20,35,18,1373924193929.3813,3.932357171861288e+16,176421000000000.0,pass
459,2560 48,4 16,35,18,1373924193929.3813,3.93292556566171e+16,192459000000000.0,pass
460,2560 16,5 48,31,22,776436015153.6786,4.972859642797434e+16,64155100000000.0,pass
461,2560 20,5 44,31,22,776436015153.6786,4.9729636381964104e+16,80193100000000.0,pass
462,2560 24,5 40,31,22,776436015153.6786,4.973088432675182e+16,96231000000000.0,pass
463,2560 28,5 36,31,22,776436015153.6786,4.973240959260348e+16,112269000000000.0,pass
464,2560 32,5 32,31,22,776436015153.6786,4.973431617491805e+16,128307000000000.0,pass
465,2560 36,5 28,31,22,776436015153.6786,4.973676749503678e+16,144345000000000.0,pass
466,2560 40,5 24,31,22,776436015153.6786,4.974003592186176e+16,160383000000000.0,pass
467,2560 44,5 20,31,22,776436015153.6786,4.974461171941673e+16,176421000000000.0,pass
468,2560 48,5 16,31,22,776436015153.6786,4.975147541574919e+16,192459000000000.0,pass
469,2560 16,6 48,26,27,257225596349.22,6.371885445318029e+16,64155100000000.0,pass
470,2560 20,6 44,26,27,257225596349.22,6.372006381194717e+16,80193100000000.0,pass
471,2560 24,6 40,26,27,257225596349.22,6.372151504246743e+16,96231000000000.0,pass
472,2560 28,6 36,26,27,257225596349.22,6.372328876865886e+16,112269000000000.0,pass
473,2560 32,6 32,26,27,257225596349.22,6.372550592639816e+16,128307000000000.0,pass
474,2560 36,6 28,26,27,257225596349.22,6.372835655777724e+16,144345000000000.0,pass
475,2560 40,6 24,26,27,257225596349.22,6.3732157399616024e+16,160383000000000.0,pass
476,2560 44,6 20,26,27,257225596349.22,6.373747857819032e+16,176421000000000.0,pass
477,2560 48,6 16,26,27,257225596349.22,6.374546034605177e+16,192459000000000.0,pass
478,2560 16,7 48,25,28,197122265480.40747,6.612803932838105e+16,64155100000000.0,pass
479,2560 20,7 44,25,28,197122265480.40747,6.612929118289008e+16,80193100000000.0,pass
480,2560 24,7 40,25,28,197122265480.40747,6.613079340830092e+16,96231000000000.0,pass
481,2560 28,7 36,25,28,197122265480.40747,6.613262946158081e+16,112269000000000.0,pass
482,2560 32,7 32,25,28,197122265480.40747,6.613492452818069e+16,128307000000000.0,pass
483,2560 36,7 28,25,28,197122265480.40747,6.613787532809482e+16,144345000000000.0,pass
484,2560 40,7 24,25,28,197122265480.40747,6.614180972798032e+16,160383000000000.0,pass
485,2560 44,7 20,25,28,197122265480.40747,6.6147317887820024e+16,176421000000000.0,pass
486,2560 48,7 16,25,28,197122265480.40747,6.615558012757959e+16,192459000000000.0,pass
487,2560 16,8 48,23,30,111020533052.7825,7.098106755588913e+16,64155100000000.0,fail
488,2560 20,8 44,23,30,111020533052.7825,7.098240440188241e+16,80193100000000.0,fail
489,2560 24,8 40,23,30,111020533052.7825,7.098400861707438e+16,96231000000000.0,fail
490,2560 28,8 36,23,30,111020533052.7825,7.098596932453124e+16,112269000000000.0,fail
491,2560 32,8 32,23,30,111020533052.7825,7.098842020885229e+16,128307000000000.0,fail
492,2560 36,8 28,23,30,111020533052.7825,7.0991571345836504e+16,144345000000000.0,fail
493,2560 40,8 24,23,30,111020533052.7825,7.099577286181546e+16,160383000000000.0,fail
494,2560 44,8 20,23,30,111020533052.7825,7.100165498418596e+16,176421000000000.0,fail
495,2560 48,8 16,23,30,111020533052.7825,7.101047816774178e+16,192459000000000.0,fail
496,2560 16,9 48,20,33,36821876150.621254,7.812209111743117e+16,64155100000000.0,fail
497,2560 20,9 44,20,33,36821876150.621254,7.812354003757635e+16,80193100000000.0,fail
498,2560 24,9 40,20,33,36821876150.621254,7.812527874175056e+16,96231000000000.0,fail
499,2560 28,9 36,20,33,36821876150.621254,7.812740382463016e+16,112269000000000.0,fail
500,2560 32,9 32,20,33,36821876150.621254,7.813006017822965e+16,128307000000000.0,fail
501,2560 36,9 28,20,33,36821876150.621254,7.813347549000043e+16,144345000000000.0,fail
502,2560 40,9 24,20,33,36821876150.621254,7.813802923902813e+16,160383000000000.0,fail
503,2560 44,9 20,20,33,36821876150.621254,7.814440448766691e+16,176421000000000.0,fail
504,2560 48,9 16,20,33,36821876150.621254,7.815396736062509e+16,192459000000000.0,fail
505,2560 16,10 48,0,53,0.0,8.796140970999325e+16,64155100000000.0,fail
506,2560 20,10 44,0,53,0.0,8.80654788373975e+16,80193100000000.0,fail
507,2560 24,10 40,0,53,0.0,8.819036179028269e+16,96231000000000.0,fail
508,2560 28,10 36,0,53,0.0,8.834299651047566e+16,112269000000000.0,fail
509,2560 32,10 32,0,53,0.0,8.853378991071686e+16,128307000000000.0,fail
510,2560 36,10 28,0,53,0.0,8.8779095711027e+16,144345000000000.0,fail
511,2560 40,10 24,0,53,0.0,8.91061701114405e+16,160383000000000.0,fail
512,2560 44,10 20,0,53,0.0,8.956407427201941e+16,176421000000000.0,fail
513,2560 48,10 16,0,53,0.0,9.025093051288776e+16,192459000000000.0,fail
514,2560 16,11 48,0,53,0.0,8.796140970999325e+16,64155100000000.0,fail
515,2560 20,11 44,0,53,0.0,8.80654788373975e+16,80193100000000.0,fail
516,2560 24,11 40,0,53,0.0,8.819036179028269e+16,96231000000000.0,fail
517,2560 28,11 36,0,53,0.0,8.834299651047566e+16,112269000000000.0,fail
518,2560 32,11 32,0,53,0.0,8.853378991071686e+16,128307000000000.0,fail
519,2560 36,11 28,0,53,0.0,8.8779095711027e+16,144345000000000.0,fail
520,2560 40,11 24,0,53,0.0,8.91061701114405e+16,160383000000000.0,fail
521,2560 44,11 20,0,53,0.0,8.956407427201941e+16,176421000000000.0,fail
522,2560 48,11 16,0,53,0.0,9.025093051288776e+16,192459000000000.0,fail
523,2560 16,12 48,0,53,0.0,8.796140970999325e+16,64155100000000.0,fail
524,2560 20,12 44,0,53,0.0,8.80654788373975e+16,80193100000000.0,fail
525,2560 24,12 40,0,53,0.0,8.819036179028269e+16,96231000000000.0,fail
526,2560 28,12 36,0,53,0.0,8.834299651047566e+16,112269000000000.0,fail
527,2560 32,12 32,0,53,0.0,8.853378991071686e+16,128307000000000.0,fail
528,2560 36,12 28,0,53,0.0,8.8779095711027e+16,144345000000000.0,fail
529,2560 40,12 24,0,53,0.0,8.91061701114405e+16,160383000000000.0,fail
530,2560 44,12 20,0,53,0.0,8.956407427201941e+16,176421000000000.0,fail
531,2560 48,12 16,0,53,0.0,9.025093051288776e+16,192459000000000.0,fail
532,2560 16,13 48,0,53,0.0,8.796140970999325e+16,64155100000000.0,fail
533,2560 20,13 44,0,53,0.0,8.80654788373975e+16,80193100000000.0,fail
534,2560 24,13 40,0,53,0.0,8.819036179028269e+16,96231000000000.0,fail
535,2560 28,13 36,0,53,0.0,8.834299651047566e+16,112269000000000.0,fail
536,2560 32,13 32,0,53,0.0,8.853378991071686e+16,128307000000000.0,fail
537,2560 36,13 28,0,53,0.0,8.8779095711027e+16,144345000000000.0,fail
538,2560 40,13 24,0,53,0.0,8.91061701114405e+16,160383000000000.0,fail
539,2560 44,13 20,0,53,0.0,8.956407427201941e+16,176421000000000.0,fail
540,2560 48,13 16,0,53,0.0,9.025093051288776e+16,192459000000000.0,fail
541,2560 16,14 48,0,53,0.0,8.796140970999325e+16,64155100000000.0,fail
542,2560 20,14 44,0,53,0.0,8.80654788373975e+16,80193100000000.0,fail
543,2560 24,14 40,0,53,0.0,8.819036179028269e+16,96231000000000.0,fail
544,2560 28,14 36,0,53,0.0,8.834299651047566e+16,112269000000000.0,fail
545,2560 32,14 32,0,53,0.0,8.853378991071686e+16,128307000000000.0,fail
546,2560 36,14 28,0,53,0.0,8.8779095711027e+16,144345000000000.0,fail
547,2560 40,14 24,0,53,0.0,8.91061701114405e+16,160383000000000.0,fail
548,2560 44,14 20,0,53,0.0,8.956407427201941e+16,176421000000000.0,fail
549,2560 48,14 16,0,53,0.0,9.025093051288776e+16,192459000000000.0,fail
550,2560 16,15 48,0,53,0.0,8.796140970999325e+16,64155100000000.0,fail
551,2560 20,15 44,0,53,0.0,8.80654788373975e+16,80193100000000.0,fail
552,2560 24,15 40,0,53,0.0,8.819036179028269e+16,96231000000000.0,fail
553,2560 28,15 36,0,53,0.0,8.834299651047566e+16,112269000000000.0,fail
554,2560 32,15 32,0,53,0.0,8.853378991071686e+16,128307000000000.0,fail
555,2560 36,15 28,0,53,0.0,8.8779095711027e+16,144345000000000.0,fail
556,2560 40,15 24,0,53,0.0,8.91061701114405e+16,160383000000000.0,fail
557,2560 44,15 20,0,53,0.0,8.956407427201941e+16,176421000000000.0,fail
558,2560 48,15 16,0,53,0.0,9.025093051288776e+16,192459000000000.0,fail
559,2560 16,16 48,0,53,0.0,8.796140970999325e+16,64155100000000.0,fail
560,2560 20,16 44,0,53,0.0,8.80654788373975e+16,80193100000000.0,fail
561,2560 24,16 40,0,53,0.0,8.819036179028269e+16,96231000000000.0,fail
562,2560 28,16 36,0,53,0.0,8.834299651047566e+16,112269000000000.0,fail
563,2560 32,16 32,0,53,0.0,8.853378991071686e+16,128307000000000.0,fail
564,2560 36,16 28,0,53,0.0,8.8779095711027e+16,144345000000000.0,fail
565,2560 40,16 24,0,53,0.0,8.91061701114405e+16,160383000000000.0,fail
566,2560 44,16 20,0,53,0.0,8.956407427201941e+16,176421000000000.0,fail
567,2560 48,16 16,0,53,0.0,9.025093051288776e+16,192459000000000.0,fail
568,2560 16,17 48,0,53,0.0,8.796140970999325e+16,64155100000000.0,fail
569,2560 20,17 44,0,53,0.0,8.80654788373975e+16,80193100000000.0,fail
570,2560 24,17 40,0,53,0.0,8.819036179028269e+16,96231000000000.0,fail
571,2560 28,17 36,0,53,0.0,8.834299651047566e+16,112269000000000.0,fail
572,2560 32,17 32,0,53,0.0,8.853378991071686e+16,128307000000000.0,fail
573,2560 36,17 28,0,53,0.0,8.8779095711027e+16,144345000000000.0,fail
574,2560 40,17 24,0,53,0.0,8.91061701114405e+16,160383000000000.0,fail
575,2560 44,17 20,0,53,0.0,8.956407427201941e+16,176421000000000.0,fail
576,2560 48,17 16,0,53,0.0,9.025093051288776e+16,192459000000000.0,fail
577,3072 16,2 48,42,11,2494120367210.0664,1.7299737351249478e+16,76977100000000.0,pass
578,3072 20,2 44,42,11,2494120367210.0664,1.730020540810855e+16,96220100000000.0,pass
579,3072 24,2 40,42,11,2494120367210.0664,1.730076707633944e+16,115463000000000.0,pass
580,3072 28,2 36,42,11,2494120367210.0664,1.730145355973275e+16,134706000000000.0,pass
581,3072 32,2 32,42,11,2494120367210.0664,1.7302311663974386e+16,153949000000000.0,pass
582,3072 36,2 28,42,11,2494120367210.0664,1.7303414940856486e+16,173192000000000.0,pass
583,3072 40,2 24,42,11,2494120367210.0664,1.7304885976699294e+16,192435000000000.0,pass
584,3072 44,2 20,42,11,2494120367210.0664,1.7306945426879216e+16,211678000000000.0,pass
585,3072 48,2 16,42,11,2494120367210.0664,1.7310034602149112e+16,230922000000000.0,pass
586,3072 16,3 48,38,15,1559932031903.171,3.2006227206745596e+16,76977100000000.0,pass
587,3072 20,3 44,38,15,1559932031903.171,3.200695434602712e+16,96220100000000.0,pass
588,3072 24,3 40,38,15,1559932031903.171,3.2007826913164948e+16,115463000000000.0,pass
589,3072 28,3 36,38,15,1559932031903.171,3.200889338411118e+16,134706000000000.0,pass
590,3072 32,3 32,38,15,1559932031903.171,3.2010226472793972e+16,153949000000000.0,pass
591,3072 36,3 28,38,15,1559932031903.171,3.201194044395756e+16,173192000000000.0,pass
592,3072 40,3 24,38,15,1559932031903.171,3.2014225738842348e+16,192435000000000.0,pass
593,3072 44,3 20,38,15,1559932031903.171,3.2017425151681044e+16,211678000000000.0,pass
594,3072 48,3 16,38,15,1559932031903.171,3.20222242709391e+16,230922000000000.0,pass
595,3072 16,4 48,35,18,1154283898194.619,3.931030919660302e+16,76977100000000.0,pass
596,3072 20,4 44,35,18,1154283898194.619,3.9311170399330936e+16,96220100000000.0,pass
597,3072 24,4 40,35,18,1154283898194.619,3.931220384260443e+16,115463000000000.0,pass
598,3072 28,4 36,35,18,1154283898194.619,3.93134669399387e+16,134706000000000.0,pass
599,3072 32,4 32,35,18,1154283898194.619,3.931504581160654e+16,153949000000000.0,pass
600,3072 36,4 28,35,18,1154283898194.619,3.93170757894652e+16,173192000000000.0,pass
601,3072 40,4 24,35,18,1154283898194.619,3.931978242661006e+16,192435000000000.0,pass
602,3072 44,4 20,35,18,1154283898194.619,3.932357171861288e+16,211678000000000.0,pass
603,3072 48,4 16,35,18,1154283898194.619,3.93292556566171e+16,230922000000000.0,pass
604,3072 16,5 48,31,22,649129287879.6112,4.972859642797434e+16,76977100000000.0,pass
605,3072 20,5 44,31,22,649129287879.6112,4.9729636381964104e+16,96220100000000.0,pass
606,3072 24,5 40,31,22,649129287879.6112,4.973088432675182e+16,115463000000000.0,pass
607,3072 28,5 36,31,22,649129287879.6112,4.973240959260348e+16,134706000000000.0,pass
608,3072 32,5 32,31,22,649129287879.6112,4.973431617491805e+16,153949000000000.0,pass
609,3072 36,5 28,31,22,649129287879.6112,4.973676749503678e+16,173192000000000.0,pass
610,3072 40,5 24,31,22,649129287879.6112,4.974003592186176e+16,192435000000000.0,pass
611,3072 44,5 20,31,22,649129287879.6112,4.974461171941673e+16,211678000000000.0,pass
612,3072 48,5 16,31,22,649129287879.6112,4.975147541574919e+16,230922000000000.0,pass
613,3072 16,6 48,28,25,335450261295.6525,5.805194528517388e+16,76977100000000.0,pass
614,3072 20,6 44,28,25,335450261295.6525,5.805311930261003e+16,96220100000000.0,pass
615,3072 24,6 40,28,25,335450261295.6525,5.805452812353342e+16,115463000000000.0,pass
616,3072 28,6 36,28,25,335450261295.6525,5.805625001577312e+16,134706000000000.0,pass
617,3072 32,6 32,28,25,335450261295.6525,5.805840238107274e+16,153949000000000.0,pass
618,3072 36,6 28,28,25,335450261295.6525,5.806116970788653e+16,173192000000000.0,pass
619,3072 40,6 24,28,25,335450261295.6525,5.806485947697159e+16,192435000000000.0,pass
620,3072 44,6 20,28,25,335450261295.6525,5.807002515369067e+16,211678000000000.0,pass
621,3072 48,6 16,28,25,335450261295.6525,5.807777366876931e+16,230922000000000.0,pass
622,3072 16,7 48,27,26,271703296124.715,6.0318602971906744e+16,76977100000000.0,pass
623,3072 20,7 44,27,26,271703296124.715,6.031981948508504e+16,96220100000000.0,pass
624,3072 24,7 40,27,26,271703296124.715,6.032127930089899e+16,115463000000000.0,pass
625,3072 28,7 36,27,26,271703296124.715,6.032306352022716e+16,134706000000000.0,pass
626,3072 32,7 32,27,26,271703296124.715,6.032529379438737e+16,153949000000000.0,pass
627,3072 36,7 28,27,26,271703296124.715,6.03281612897362e+16,173192000000000.0,pass
628,3072 40,7 24,27,26,271703296124.715,6.033198461686798e+16,192435000000000.0,pass
629,3072 44,7 20,27,26,271703296124.715,6.033733727485248e+16,211678000000000.0,pass
630,3072 48,7 16,27,26,271703296124.715,6.034536626182923e+16,230922000000000.0,pass
631,3072 16,8 48,25,28,176119203530.90253,6.4886576822479e+16,76977100000000.0,pass
632,3072 20,8 44,25,28,176119203530.90253,6.4887878327141576e+16,96220100000000.0,pass
633,3072 24,8 40,25,28,176119203530.90253,6.4889440132736664e+16,115463000000000.0,pass
634,3072 28,8 36,25,28,176119203530.90253,6.489134900624177e+16,134706000000000.0,pass
635,3072 32,8 32,25,28,176119203530.90253,6.4893735098123144e+16,153949000000000.0,pass
636,3072 36,8 28,25,28,176119203530.90253,6.489680293054206e+16,173192000000000.0,pass
637,3072 40,8 24,25,28,176119203530.90253,6.49008933737673e+16,192435000000000.0,pass
638,3072 44,8 20,25,28,176119203530.90253,6.490661999428261e+16,211678000000000.0,pass
639,3072 48,8 16,25,28,176119203530.90253,6.491520992505559e+16,230922000000000.0,pass
640,3072 16,9 48,20,33,32226134972.1675,7.812209111743117e+16,76977100000000.0,fail
641,3072 20,9 44,20,33,32226134972.1675,7.812354003757635e+16,96220100000000.0,fail
642,3072 24,9 40,20,33,32226134972.1675,7.812527874175056e+16,115463000000000.0,fail
643,3072 28,9 36,20,33,32226134972.1675,7.812740382463016e+16,134706000000000.0,fail
644,3072 32,9 32,20,33,32226134972.1675,7.813006017822965e+16,153949000000000.0,fail
645,3072 36,9 28,20,33,32226134972.1675,7.813347549000043e+16,173192000000000.0,fail
646,3072 40,9 24,20,33,32226134972.1675,7.813802923902813e+16,192435000000000.0,fail
647,3072 44,9 20,20,33,32226134972.1675,7.814440448766691e+16,211678000000000.0,fail
648,3072 48,9 16,20,33,32226134972.1675,7.815396736062509e+16,230922000000000.0,fail
649,3072 16,10 48,0,53,0.0,8.796140970999325e+16,76977100000000.0,fail
650,3072 20,10 44,0,53,0.0,8.80654788373975e+16,96220100000000.0,fail
651,3072 24,10 40,0,53,0.0,8.819036179028269e+16,115463000000000.0,fail
652,3072 28,10 36,0,53,0.0,8.834299651047566e+16,134706000000000.0,fail
653,3072 32,10 32,0,53,0.0,8.853378991071686e+16,153949000000000.0,fail
654,3072 36,10 28,0,53,0.0,8.8779095711027e+16,173192000000000.0,fail
655,3072 40,10 24,0,53,0.0,8.91061701114405e+16,192435000000000.0,fail
656,3072 44,10 20,0,53,0.0,8.956407427201941e+16,211678000000000.0,fail
657,3072 48,10 16,0,53,0.0,9.025093051288776e+16,230922000000000.0,fail
658,3072 16,11 48,0,53,0.0,8.796140970999325e+16,76977100000000.0,fail
659,3072 20,11 44,0,53,0.0,8.80654788373975e+16,96220100000000.0,fail
660,3072 24,11 40,0,53,0.0,8.819036179028269e+16,115463000000000.0,fail
661,3072 28,11 36,0,53,0.0,8.834299651047566e+16,134706000000000.0,fail
662,3072 32,11 32,0,53,0.0,8.853378991071686e+16,153949000000000.0,fail
663,3072 36,11 28,0,53,0.0,8.8779095711027e+16,173192000000000.0,fail
664,3072 40,11 24,0,53,0.0,8.91061701114405e+16,192435000000000.0,fail
665,3072 44,11 20,0,53,0.0,8.956407427201941e+16,211678000000000.0,fail
666,3072 48,11 16,0,53,0.0,9.025093051288776e+16,230922000000000.0,fail
667,3072 16,12 48,0,53,0.0,8.796140970999325e+16,76977100000000.0,fail
668,3072 20,12 44,0,53,0.0,8.80654788373975e+16,96220100000000.0,fail
669,3072 24,12 40,0,53,0.0,8.819036179028269e+16,115463000000000.0,fail
670,3072 28,12 36,0,53,0.0,8.834299651047566e+16,134706000000000.0,fail
671,3072 32,12 32,0,53,0.0,8.853378991071686e+16,153949000000000.0,fail
672,3072 36,12 28,0,53,0.0,8.8779095711027e+16,173192000000000.0,fail
673,3072 40,12 24,0,53,0.0,8.91061701114405e+16,192435000000000.0,fail
674,3072 44,12 20,0,53,0.0,8.956407427201941e+16,211678000000000.0,fail
675,3072 48,12 16,0,53,0.0,9.025093051288776e+16,230922000000000.0,fail
676,3072 16,13 48,0,53,0.0,8.796140970999325e+16,76977100000000.0,fail
677,3072 20,13 44,0,53,0.0,8.80654788373975e+16,96220100000000.0,fail
678,3072 24,13 40,0,53,0.0,8.819036179028269e+16,115463000000000.0,fail
679,3072 28,13 36,0,53,0.0,8.834299651047566e+16,134706000000000.0,fail
680,3072 32,13 32,0,53,0.0,8.853378991071686e+16,153949000000000.0,fail
681,3072 36,13 28,0,53,0.0,8.8779095711027e+16,173192000000000.0,fail
682,3072 40,13 24,0,53,0.0,8.91061701114405e+16,192435000000000.0,fail
683,3072 44,13 20,0,53,0.0,8.956407427201941e+16,211678000000000.0,fail
684,3072 48,13 16,0,53,0.0,9.025093051288776e+16,230922000000000.0,fail
685,3072 16,14 48,0,53,0.0,8.796140970999325e+16,76977100000000.0,fail
686,3072 20,14 44,0,53,0.0,8.80654788373975e+16,96220100000000.0,fail
687,3072 24,14 40,0,53,0.0,8.819036179028269e+16,115463000000000.0,fail
688,3072 28,14 36,0,53,0.0,8.834299651047566e+16,134706000000000.0,fail
689,3072 32,14 32,0,53,0.0,8.853378991071686e+16,153949000000000.0,fail
690,3072 36,14 28,0,53,0.0,8.8779095711027e+16,173192000000000.0,fail
691,3072 40,14 24,0,53,0.0,8.91061701114405e+16,192435000000000.0,fail
692,3072 44,14 20,0,53,0.0,8.956407427201941e+16,211678000000000.0,fail
693,3072 48,14 16,0,53,0.0,9.025093051288776e+16,230922000000000.0,fail
694,3072 16,15 48,0,53,0.0,8.796140970999325e+16,76977100000000.0,fail
695,3072 20,15 44,0,53,0.0,8.80654788373975e+16,96220100000000.0,fail
696,3072 24,15 40,0,53,0.0,8.819036179028269e+16,115463000000000.0,fail
697,3072 28,15 36,0,53,0.0,8.834299651047566e+16,134706000000000.0,fail
698,3072 32,15 32,0,53,0.0,8.853378991071686e+16,153949000000000.0,fail
699,3072 36,15 28,0,53,0.0,8.8779095711027e+16,173192000000000.0,fail
700,3072 40,15 24,0,53,0.0,8.91061701114405e+16,192435000000000.0,fail
701,3072 44,15 20,0,53,0.0,8.956407427201941e+16,211678000000000.0,fail
702,3072 48,15 16,0,53,0.0,9.025093051288776e+16,230922000000000.0,fail
703,3072 16,16 48,0,53,0.0,8.796140970999325e+16,76977100000000.0,fail
704,3072 20,16 44,0,53,0.0,8.80654788373975e+16,96220100000000.0,fail
705,3072 24,16 40,0,53,0.0,8.819036179028269e+16,115463000000000.0,fail
706,3072 28,16 36,0,53,0.0,8.834299651047566e+16,134706000000000.0,fail
707,3072 32,16 32,0,53,0.0,8.853378991071686e+16,153949000000000.0,fail
708,3072 36,16 28,0,53,0.0,8.8779095711027e+16,173192000000000.0,fail
709,3072 40,16 24,0,53,0.0,8.91061701114405e+16,192435000000000.0,fail
710,3072 44,16 20,0,53,0.0,8.956407427201941e+16,211678000000000.0,fail
711,3072 48,16 16,0,53,0.0,9.025093051288776e+16,230922000000000.0,fail
712,3072 16,17 48,0,53,0.0,8.796140970999325e+16,76977100000000.0,fail
713,3072 20,17 44,0,53,0.0,8.80654788373975e+16,96220100000000.0,fail
714,3072 24,17 40,0,53,0.0,8.819036179028269e+16,115463000000000.0,fail
715,3072 28,17 36,0,53,0.0,8.834299651047566e+16,134706000000000.0,fail
716,3072 32,17 32,0,53,0.0,8.853378991071686e+16,153949000000000.0,fail
717,3072 36,17 28,0,53,0.0,8.8779095711027e+16,173192000000000.0,fail
718,3072 40,17 24,0,53,0.0,8.91061701114405e+16,192435000000000.0,fail
719,3072 44,17 20,0,53,0.0,8.956407427201941e+16,211678000000000.0,fail
720,3072 48,17 16,0,53,0.0,9.025093051288776e+16,230922000000000.0,fail
721,3584 16,2 48,42,11,2205227534408.955,1.7299737351249478e+16,89799300000000.0,pass
722,3584 20,2 44,42,11,2205227534408.955,1.730020540810855e+16,112247000000000.0,pass
723,3584 24,2 40,42,11,2205227534408.955,1.730076707633944e+16,134696000000000.0,pass
724,3584 28,2 36,42,11,2205227534408.955,1.730145355973275e+16,157144000000000.0,pass
725,3584 32,2 32,42,11,2205227534408.955,1.7302311663974386e+16,179592000000000.0,pass
726,3584 36,2 28,42,11,2205227534408.955,1.7303414940856486e+16,202040000000000.0,pass
727,3584 40,2 24,42,11,2205227534408.955,1.7304885976699294e+16,224488000000000.0,pass
728,3584 44,2 20,42,11,2205227534408.955,1.7306945426879216e+16,246937000000000.0,pass
729,3584 48,2 16,42,11,2205227534408.955,1.7310034602149112e+16,269385000000000.0,pass
730,3584 16,3 48,38,15,1347191591562.0898,3.2006227206745596e+16,89799300000000.0,pass
731,3584 20,3 44,38,15,1347191591562.0898,3.200695434602712e+16,112247000000000.0,pass
732,3584 24,3 40,38,15,1347191591562.0898,3.2007826913164948e+16,134696000000000.0,pass
733,3584 28,3 36,38,15,1347191591562.0898,3.200889338411118e+16,157144000000000.0,pass
734,3584 32,3 32,38,15,1347191591562.0898,3.2010226472793972e+16,179592000000000.0,pass
735,3584 36,3 28,38,15,1347191591562.0898,3.201194044395756e+16,202040000000000.0,pass
736,3584 40,3 24,38,15,1347191591562.0898,3.2014225738842348e+16,224488000000000.0,pass
737,3584 44,3 20,38,15,1347191591562.0898,3.2017425151681044e+16,246937000000000.0,pass
738,3584 48,3 16,38,15,1347191591562.0898,3.20222242709391e+16,269385000000000.0,pass
739,3584 16,4 48,35,18,1006084405840.8147,3.931030919660302e+16,89799300000000.0,pass
740,3584 20,4 44,35,18,1006084405840.8147,3.9311170399330936e+16,112247000000000.0,pass
741,3584 24,4 40,35,18,1006084405840.8147,3.931220384260443e+16,134696000000000.0,pass
742,3584 28,4 36,35,18,1006084405840.8147,3.93134669399387e+16,157144000000000.0,pass
743,3584 32,4 32,35,18,1006084405840.8147,3.931504581160654e+16,179592000000000.0,pass
744,3584 36,4 28,35,18,1006084405840.8147,3.93170757894652e+16,202040000000000.0,pass
745,3584 40,4 24,35,18,1006084405840.8147,3.931978242661006e+16,224488000000000.0,pass
746,3584 44,4 20,35,18,1006084405840.8147,3.932357171861288e+16,246937000000000.0,pass
747,3584 48,4 16,35,18,1006084405840.8147,3.93292556566171e+16,269385000000000.0,pass
748,3584 16,5 48,31,22,577227791905.8899,4.972859642797434e+16,89799300000000.0,pass
749,3584 20,5 44,31,22,577227791905.8899,4.9729636381964104e+16,112247000000000.0,pass
750,3584 24,5 40,31,22,577227791905.8899,4.973088432675182e+16,134696000000000.0,pass
751,3584 28,5 36,31,22,577227791905.8899,4.973240959260348e+16,157144000000000.0,pass
752,3584 32,5 32,31,22,577227791905.8899,4.973431617491805e+16,179592000000000.0,pass
753,3584 36,5 28,31,22,577227791905.8899,4.973676749503678e+16,202040000000000.0,pass
754,3584 40,5 24,31,22,577227791905.8899,4.974003592186176e+16,224488000000000.0,pass
755,3584 44,5 20,31,22,577227791905.8899,4.974461171941673e+16,246937000000000.0,pass
756,3584 48,5 16,31,22,577227791905.8899,4.975147541574919e+16,269385000000000.0,pass
757,3584 16,6 48,26,27,196634431745.1825,6.371885445318029e+16,89799300000000.0,pass
758,3584 20,6 44,26,27,196634431745.1825,6.372006381194717e+16,112247000000000.0,pass
759,3584 24,6 40,26,27,196634431745.1825,6.372151504246743e+16,134696000000000.0,pass
760,3584 28,6 36,26,27,196634431745.1825,6.372328876865886e+16,157144000000000.0,pass
761,3584 32,6 32,26,27,196634431745.1825,6.372550592639816e+16,179592000000000.0,pass
762,3584 36,6 28,26,27,196634431745.1825,6.372835655777724e+16,202040000000000.0,pass
763,3584 40,6 24,26,27,196634431745.1825,6.3732157399616024e+16,224488000000000.0,pass
764,3584 44,6 20,26,27,196634431745.1825,6.373747857819032e+16,246937000000000.0,pass
765,3584 48,6 16,26,27,196634431745.1825,6.374546034605177e+16,269385000000000.0,pass
766,3584 16,7 48,25,28,150714734426.9325,6.612803932838105e+16,89799300000000.0,pass
767,3584 20,7 44,25,28,150714734426.9325,6.612929118289008e+16,112247000000000.0,pass
768,3584 24,7 40,25,28,150714734426.9325,6.613079340830092e+16,134696000000000.0,pass
769,3584 28,7 36,25,28,150714734426.9325,6.613262946158081e+16,157144000000000.0,pass
770,3584 32,7 32,25,28,150714734426.9325,6.613492452818069e+16,179592000000000.0,pass
771,3584 36,7 28,25,28,150714734426.9325,6.613787532809482e+16,202040000000000.0,pass
772,3584 40,7 24,25,28,150714734426.9325,6.614180972798032e+16,224488000000000.0,pass
773,3584 44,7 20,25,28,150714734426.9325,6.6147317887820024e+16,246937000000000.0,pass
774,3584 48,7 16,25,28,150714734426.9325,6.615558012757959e+16,269385000000000.0,pass
775,3584 16,8 48,23,30,85007038402.80751,7.098106755588913e+16,89799300000000.0,fail
776,3584 20,8 44,23,30,85007038402.80751,7.098240440188241e+16,112247000000000.0,fail
777,3584 24,8 40,23,30,85007038402.80751,7.098400861707438e+16,134696000000000.0,fail
778,3584 28,8 36,23,30,85007038402.80751,7.098596932453124e+16,157144000000000.0,fail
779,3584 32,8 32,23,30,85007038402.80751,7.098842020885229e+16,179592000000000.0,fail
780,3584 36,8 28,23,30,85007038402.80751,7.0991571345836504e+16,202040000000000.0,fail
781,3584 40,8 24,23,30,85007038402.80751,7.099577286181546e+16,224488000000000.0,fail
782,3584 44,8 20,23,30,85007038402.80751,7.100165498418596e+16,246937000000000.0,fail
783,3584 48,8 16,23,30,85007038402.80751,7.101047816774178e+16,269385000000000.0,fail
784,3584 16,9 48,20,33,29107354868.538746,7.812209111743117e+16,89799300000000.0,fail
785,3584 20,9 44,20,33,29107354868.538746,7.812354003757635e+16,112247000000000.0,fail
786,3584 24,9 40,20,33,29107354868.538746,7.812527874175056e+16,134696000000000.0,fail
787,3584 28,9 36,20,33,29107354868.538746,7.812740382463016e+16,157144000000000.0,fail
788,3584 32,9 32,20,33,29107354868.538746,7.813006017822965e+16,179592000000000.0,fail
789,3584 36,9 28,20,33,29107354868.538746,7.813347549000043e+16,202040000000000.0,fail
790,3584 40,9 24,20,33,29107354868.538746,7.813802923902813e+16,224488000000000.0,fail
791,3584 44,9 20,20,33,29107354868.538746,7.814440448766691e+16,246937000000000.0,fail
792,3584 48,9 16,20,33,29107354868.538746,7.815396736062509e+16,269385000000000.0,fail
793,3584 16,10 48,0,53,0.0,8.796140970999325e+16,89799300000000.0,fail
794,3584 20,10 44,0,53,0.0,8.80654788373975e+16,112247000000000.0,fail
795,3584 24,10 40,0,53,0.0,8.819036179028269e+16,134696000000000.0,fail
796,3584 28,10 36,0,53,0.0,8.834299651047566e+16,157144000000000.0,fail
797,3584 32,10 32,0,53,0.0,8.853378991071686e+16,179592000000000.0,fail
798,3584 36,10 28,0,53,0.0,8.8779095711027e+16,202040000000000.0,fail
799,3584 40,10 24,0,53,0.0,8.91061701114405e+16,224488000000000.0,fail
800,3584 44,10 20,0,53,0.0,8.956407427201941e+16,246937000000000.0,fail
801,3584 48,10 16,0,53,0.0,9.025093051288776e+16,269385000000000.0,fail
802,3584 16,11 48,0,53,0.0,8.796140970999325e+16,89799300000000.0,fail
803,3584 20,11 44,0,53,0.0,8.80654788373975e+16,112247000000000.0,fail
804,3584 24,11 40,0,53,0.0,8.819036179028269e+16,134696000000000.0,fail
805,3584 28,11 36,0,53,0.0,8.834299651047566e+16,157144000000000.0,fail
806,3584 32,11 32,0,53,0.0,8.853378991071686e+16,179592000000000.0,fail
807,3584 36,11 28,0,53,0.0,8.8779095711027e+16,202040000000000.0,fail
808,3584 40,11 24,0,53,0.0,8.91061701114405e+16,224488000000000.0,fail
809,3584 44,11 20,0,53,0.0,8.956407427201941e+16,246937000000000.0,fail
810,3584 48,11 16,0,53,0.0,9.025093051288776e+16,269385000000000.0,fail
811,3584 16,12 48,0,53,0.0,8.796140970999325e+16,89799300000000.0,fail
812,3584 20,12 44,0,53,0.0,8.80654788373975e+16,112247000000000.0,fail
813,3584 24,12 40,0,53,0.0,8.819036179028269e+16,134696000000000.0,fail
814,3584 28,12 36,0,53,0.0,8.834299651047566e+16,157144000000000.0,fail
815,3584 32,12 32,0,53,0.0,8.853378991071686e+16,179592000000000.0,fail
816,3584 36,12 28,0,53,0.0,8.8779095711027e+16,202040000000000.0,fail
817,3584 40,12 24,0,53,0.0,8.91061701114405e+16,224488000000000.0,fail
818,3584 44,12 20,0,53,0.0,8.956407427201941e+16,246937000000000.0,fail
819,3584 48,12 16,0,53,0.0,9.025093051288776e+16,269385000000000.0,fail
820,3584 16,13 48,0,53,0.0,8.796140970999325e+16,89799300000000.0,fail
821,3584 20,13 44,0,53,0.0,8.80654788373975e+16,112247000000000.0,fail
822,3584 24,13 40,0,53,0.0,8.819036179028269e+16,134696000000000.0,fail
823,3584 28,13 36,0,53,0.0,8.834299651047566e+16,157144000000000.0,fail
824,3584 32,13 32,0,53,0.0,8.853378991071686e+16,179592000000000.0,fail
825,3584 36,13 28,0,53,0.0,8.8779095711027e+16,202040000000000.0,fail
826,3584 40,13 24,0,53,0.0,8.91061701114405e+16,224488000000000.0,fail
827,3584 44,13 20,0,53,0.0,8.956407427201941e+16,246937000000000.0,fail
828,3584 48,13 16,0,53,0.0,9.025093051288776e+16,269385000000000.0,fail
829,3584 16,14 48,0,53,0.0,8.796140970999325e+16,89799300000000.0,fail
830,3584 20,14 44,0,53,0.0,8.80654788373975e+16,112247000000000.0,fail
831,3584 24,14 40,0,53,0.0,8.819036179028269e+16,134696000000000.0,fail
832,3584 28,14 36,0,53,0.0,8.834299651047566e+16,157144000000000.0,fail
833,3584 32,14 32,0,53,0.0,8.853378991071686e+16,179592000000000.0,fail
834,3584 36,14 28,0,53,0.0,8.8779095711027e+16,202040000000000.0,fail
835,3584 40,14 24,0,53,0.0,8.91061701114405e+16,224488000000000.0,fail
836,3584 44,14 20,0,53,0.0,8.956407427201941e+16,246937000000000.0,fail
837,3584 48,14 16,0,53,0.0,9.025093051288776e+16,269385000000000.0,fail
838,3584 16,15 48,0,53,0.0,8.796140970999325e+16,89799300000000.0,fail
839,3584 20,15 44,0,53,0.0,8.80654788373975e+16,112247000000000.0,fail
840,3584 24,15 40,0,53,0.0,8.819036179028269e+16,134696000000000.0,fail
841,3584 28,15 36,0,53,0.0,8.834299651047566e+16,157144000000000.0,fail
842,3584 32,15 32,0,53,0.0,8.853378991071686e+16,179592000000000.0,fail
843,3584 36,15 28,0,53,0.0,8.8779095711027e+16,202040000000000.0,fail
844,3584 40,15 24,0,53,0.0,8.91061701114405e+16,224488000000000.0,fail
845,3584 44,15 20,0,53,0.0,8.956407427201941e+16,246937000000000.0,fail
846,3584 48,15 16,0,53,0.0,9.025093051288776e+16,269385000000000.0,fail
847,3584 16,16 48,0,53,0.0,8.796140970999325e+16,89799300000000.0,fail
848,3584 20,16 44,0,53,0.0,8.80654788373975e+16,112247000000000.0,fail
849,3584 24,16 40,0,53,0.0,8.819036179028269e+16,134696000000000.0,fail
850,3584 28,16 36,0,53,0.0,8.834299651047566e+16,157144000000000.0,fail
851,3584 32,16 32,0,53,0.0,8.853378991071686e+16,179592000000000.0,fail
852,3584 36,16 28,0,53,0.0,8.8779095711027e+16,202040000000000.0,fail
853,3584 40,16 24,0,53,0.0,8.91061701114405e+16,224488000000000.0,fail
854,3584 44,16 20,0,53,0.0,8.956407427201941e+16,246937000000000.0,fail
855,3584 48,16 16,0,53,0.0,9.025093051288776e+16,269385000000000.0,fail
856,3584 16,17 48,0,53,0.0,8.796140970999325e+16,89799300000000.0,fail
857,3584 20,17 44,0,53,0.0,8.80654788373975e+16,112247000000000.0,fail
858,3584 24,17 40,0,53,0.0,8.819036179028269e+16,134696000000000.0,fail
859,3584 28,17 36,0,53,0.0,8.834299651047566e+16,157144000000000.0,fail
860,3584 32,17 32,0,53,0.0,8.853378991071686e+16,179592000000000.0,fail
861,3584 36,17 28,0,53,0.0,8.8779095711027e+16,202040000000000.0,fail
862,3584 40,17 24,0,53,0.0,8.91061701114405e+16,224488000000000.0,fail
863,3584 44,17 20,0,53,0.0,8.956407427201941e+16,246937000000000.0,fail
864,3584 48,17 16,0,53,0.0,9.025093051288776e+16,269385000000000.0,fail
