DSE index,"DLA HW (pes, bw)","RRAM HW (tiles, bw)",DLA layernum,RRAM layernum,DLA EDP,RRAM EDP,DLA latency,RRAM latency,DLA energy,RRAM energy,DLA area,RRAM area,restraint
1,256 16,2 48,21,8,6937882513996.41,9756271352231266.0,5321272,96950520,1303801,100631448,6459620000000,144755078,pass
2,256 20,2 44,21,8,6937882513996.41,9756615621565066.0,5321272,96953941,1303801,100631448,8074520000000,144755078,pass
3,256 24,2 40,21,8,6937882513996.41,9757028744765628.0,5321272,96958047,1303801,100631448,9689420000000,144755078,pass
4,256 28,2 36,21,8,6937882513996.41,9757533673121870.0,5321272,96963064,1303801,100631448,11304300000000,144755078,pass
5,256 32,2 32,21,8,6937882513996.41,9758164833567172.0,5321272,96969336,1303801,100631448,12919200000000,144755078,pass
6,256 36,2 28,21,8,6937882513996.41,9758976325568272.0,5321272,96977400,1303801,100631448,14534100000000,144755078,pass
7,256 40,2 24,21,8,6937882513996.41,9760058314903076.0,5321272,96988152,1303801,100631448,16149000000000,144755078,pass
8,256 44,2 20,21,8,6937882513996.41,9761573099971798.0,5321272,97003205,1303801,100631448,17763900000000,144755078,pass
9,256 48,2 16,21,8,6937882513996.41,9763845277574886.0,5321272,97025784,1303801,100631448,19378800000000,144755078,pass
10,256 16,3 48,19,10,4652265851531.551,1.2760085537849034e+16,4077112,100666250,1141068,126756340,6459620000000,265384310,pass
11,256 20,3 44,19,10,4652265851531.551,1.276051918281376e+16,4077112,100669671,1141068,126756340,8074520000000,265384310,pass
12,256 24,3 40,19,10,4652265851531.551,1.2761039556771438e+16,4077112,100673776,1141068,126756340,9689420000000,265384310,pass
13,256 28,3 36,19,10,4652265851531.551,1.2761675569386368e+16,4077112,100678794,1141068,126756340,11304300000000,265384310,pass
14,256 32,3 32,19,10,4652265851531.551,1.2762470585155036e+16,4077112,100685066,1141068,126756340,12919200000000,265384310,pass
15,256 36,3 28,19,10,4652265851531.551,1.276349274828618e+16,4077112,100693130,1141068,126756340,14534100000000,265384310,pass
16,256 40,3 24,19,10,4652265851531.551,1.2764855632461038e+16,4077112,100703882,1141068,126756340,16149000000000,265384310,pass
17,256 44,3 20,19,10,4652265851531.551,1.2766763670305838e+16,4077112,100718935,1141068,126756340,17763900000000,265384310,pass
18,256 48,3 16,19,10,4652265851531.551,1.276962572707304e+16,4077112,100741514,1141068,126756340,19378800000000,265384310,pass
19,256 16,4 48,18,11,3335159442585.87,1.4334797406896644e+16,3455032,102524115,965304,139818786,6459620000000,325698926,pass
20,256 20,4 44,18,11,3335159442585.87,1.4335275739676832e+16,3455032,102527536,965304,139818786,8074520000000,325698926,pass
21,256 24,4 40,18,11,3335159442585.87,1.4335849739013062e+16,3455032,102531641,965304,139818786,9689420000000,325698926,pass
22,256 28,4 36,18,11,3335159442585.87,1.4336551293757344e+16,3455032,102536659,965304,139818786,11304300000000,325698926,pass
23,256 32,4 32,18,11,3335159442585.87,1.4337428237187694e+16,3455032,102542931,965304,139818786,12919200000000,325698926,pass
24,256 36,4 28,18,11,3335159442585.87,1.4338555735883852e+16,3455032,102550995,965304,139818786,14534100000000,325698926,pass
25,256 40,4 24,18,11,3335159442585.87,1.4340059067478744e+16,3455032,102561747,965304,139818786,16149000000000,325698926,pass
26,256 44,4 20,18,11,3335159442585.87,1.4342163731711576e+16,3455032,102576800,965304,139818786,17763900000000,325698926,pass
27,256 48,4 16,18,11,3335159442585.87,1.4345320728060842e+16,3455032,102599379,965304,139818786,19378800000000,325698926,pass
28,256 16,5 48,17,12,2558675953106.37,1.5679116337996012e+16,3023032,102989141,846393,152240480,6459620000000,554894467,pass
29,256 20,5 44,17,12,2558675953106.37,1.567963716651834e+16,3023032,102992562,846393,152240480,8074520000000,554894467,pass
30,256 24,5 40,17,12,2558675953106.37,1.568026216074514e+16,3023032,102996667,846393,152240480,9689420000000,554894467,pass
31,256 28,5 36,17,12,2558675953106.37,1.5681026042577888e+16,3023032,103001685,846393,152240480,11304300000000,554894467,pass
32,256 32,5 32,17,12,2558675953106.37,1.5681980894868826e+16,3023032,103007957,846393,152240480,12919200000000,554894467,pass
33,256 36,5 28,17,12,2558675953106.37,1.568320856210003e+16,3023032,103016021,846393,152240480,14534100000000,554894467,pass
34,256 40,5 24,17,12,2558675953106.37,1.5684845451741638e+16,3023032,103026773,846393,152240480,16149000000000,554894467,pass
35,256 44,5 20,17,12,2558675953106.37,1.568713709723989e+16,3023032,103041826,846393,152240480,17763900000000,554894467,pass
36,256 48,5 16,17,12,2558675953106.37,1.5690574565487264e+16,3023032,103064405,846393,152240480,19378800000000,554894467,pass
37,256 16,6 48,16,13,2063657880237.87,1.7034988094797564e+16,2591032,103454167,796461,164662173,6459620000000,784090008,pass
38,256 20,6 44,16,13,2063657880237.87,1.7035551419062032e+16,2591032,103457588,796461,164662173,8074520000000,784090008,pass
39,256 24,6 40,16,13,2063657880237.87,1.7036227408179394e+16,2591032,103461694,796461,164662173,9689420000000,784090008,pass
40,256 28,6 36,16,13,2063657880237.87,1.7037053617100616e+16,2591032,103466711,796461,164662173,11304300000000,784090008,pass
41,256 32,6 32,16,13,2063657880237.87,1.703808637825214e+16,2591032,103472983,796461,164662173,12919200000000,784090008,pass
42,256 36,6 28,16,13,2063657880237.87,1.7039414214018382e+16,2591032,103481047,796461,164662173,14534100000000,784090008,pass
43,256 40,6 24,16,13,2063657880237.87,1.7041184661706718e+16,2591032,103491799,796461,164662173,16149000000000,784090008,pass
44,256 44,6 20,16,13,2063657880237.87,1.7043663288470372e+16,2591032,103506852,796461,164662173,17763900000000,784090008,pass
45,256 48,6 16,16,13,2063657880237.87,1.704738122861587e+16,2591032,103529431,796461,164662173,19378800000000,784090008,pass
46,256 16,7 48,10,19,50875242154.380005,2.502182129871427e+16,330592,119237968,153891,209847766,6459620000000,1230418167,fail
47,256 20,7 44,10,19,50875242154.380005,2.502253920700099e+16,330592,119241389,153891,209847766,8074520000000,1230418167,fail
48,256 24,7 40,10,19,50875242154.380005,2.502340069694506e+16,330592,119245494,153891,209847766,9689420000000,1230418167,fail
49,256 28,7 36,10,19,50875242154.380005,2.5024453629098916e+16,330592,119250512,153891,209847766,11304300000000,1230418167,fail
50,256 32,7 32,10,19,50875242154.380005,2.5025769794291236e+16,330592,119256784,153891,209847766,12919200000000,1230418167,fail
51,256 36,7 28,10,19,50875242154.380005,2.5027462006681364e+16,330592,119264848,153891,209847766,14534100000000,1230418167,fail
52,256 40,7 24,10,19,50875242154.380005,2.50297182898682e+16,330592,119275600,153891,209847766,16149000000000,1230418167,fail
53,256 44,7 20,10,19,50875242154.380005,2.5032877086329764e+16,330592,119290652,153891,209847766,17763900000000,1230418167,fail
54,256 48,7 16,10,19,50875242154.380005,2.5037615281022124e+16,330592,119313232,153891,209847766,19378800000000,1230418167,fail
55,256 16,8 48,0,29,0.0,2.7104858083537096e+16,0,125193735,0,216503309,6459620000000,1411362015,fail
56,256 20,8 44,0,29,0.0,2.7126915913051268e+16,0,125295617,0,216503309,8074520000000,1411362015,fail
57,256 24,8 40,0,29,0.0,2.7153385308468292e+16,0,125417876,0,216503309,9689420000000,1411362015,fail
58,256 28,8 36,0,29,0.0,2.7185736791755744e+16,0,125567303,0,216503309,11304300000000,1411362015,fail
59,256 32,8 32,0,29,0.0,2.7226176145865064e+16,0,125754087,0,216503309,12919200000000,1411362015,fail
60,256 36,8 28,0,29,0.0,2.727816960114848e+16,0,125994238,0,216503309,14534100000000,1411362015,fail
61,256 40,8 24,0,29,0.0,2.734749420819303e+16,0,126314439,0,216503309,16149000000000,1411362015,fail
62,256 44,8 20,0,29,0.0,2.74445486580554e+16,0,126762721,0,216503309,17763900000000,1411362015,fail
63,256 48,8 16,0,29,0.0,2.759013033284897e+16,0,127435143,0,216503309,19378800000000,1411362015,fail
64,256 16,9 48,0,29,0.0,2.7104858083537096e+16,0,125193735,0,216503309,6459620000000,1411362015,fail
65,256 20,9 44,0,29,0.0,2.7126915913051268e+16,0,125295617,0,216503309,8074520000000,1411362015,fail
66,256 24,9 40,0,29,0.0,2.7153385308468292e+16,0,125417876,0,216503309,9689420000000,1411362015,fail
67,256 28,9 36,0,29,0.0,2.7185736791755744e+16,0,125567303,0,216503309,11304300000000,1411362015,fail
68,256 32,9 32,0,29,0.0,2.7226176145865064e+16,0,125754087,0,216503309,12919200000000,1411362015,fail
69,256 36,9 28,0,29,0.0,2.727816960114848e+16,0,125994238,0,216503309,14534100000000,1411362015,fail
70,256 40,9 24,0,29,0.0,2.734749420819303e+16,0,126314439,0,216503309,16149000000000,1411362015,fail
71,256 44,9 20,0,29,0.0,2.74445486580554e+16,0,126762721,0,216503309,17763900000000,1411362015,fail
72,256 48,9 16,0,29,0.0,2.759013033284897e+16,0,127435143,0,216503309,19378800000000,1411362015,fail
73,256 16,10 48,0,29,0.0,2.7104858083537096e+16,0,125193735,0,216503309,6459620000000,1411362015,fail
74,256 20,10 44,0,29,0.0,2.7126915913051268e+16,0,125295617,0,216503309,8074520000000,1411362015,fail
75,256 24,10 40,0,29,0.0,2.7153385308468292e+16,0,125417876,0,216503309,9689420000000,1411362015,fail
76,256 28,10 36,0,29,0.0,2.7185736791755744e+16,0,125567303,0,216503309,11304300000000,1411362015,fail
77,256 32,10 32,0,29,0.0,2.7226176145865064e+16,0,125754087,0,216503309,12919200000000,1411362015,fail
78,256 36,10 28,0,29,0.0,2.727816960114848e+16,0,125994238,0,216503309,14534100000000,1411362015,fail
79,256 40,10 24,0,29,0.0,2.734749420819303e+16,0,126314439,0,216503309,16149000000000,1411362015,fail
80,256 44,10 20,0,29,0.0,2.74445486580554e+16,0,126762721,0,216503309,17763900000000,1411362015,fail
81,256 48,10 16,0,29,0.0,2.759013033284897e+16,0,127435143,0,216503309,19378800000000,1411362015,fail
82,256 16,11 48,0,29,0.0,2.7104858083537096e+16,0,125193735,0,216503309,6459620000000,1411362015,fail
83,256 20,11 44,0,29,0.0,2.7126915913051268e+16,0,125295617,0,216503309,8074520000000,1411362015,fail
84,256 24,11 40,0,29,0.0,2.7153385308468292e+16,0,125417876,0,216503309,9689420000000,1411362015,fail
85,256 28,11 36,0,29,0.0,2.7185736791755744e+16,0,125567303,0,216503309,11304300000000,1411362015,fail
86,256 32,11 32,0,29,0.0,2.7226176145865064e+16,0,125754087,0,216503309,12919200000000,1411362015,fail
87,256 36,11 28,0,29,0.0,2.727816960114848e+16,0,125994238,0,216503309,14534100000000,1411362015,fail
88,256 40,11 24,0,29,0.0,2.734749420819303e+16,0,126314439,0,216503309,16149000000000,1411362015,fail
89,256 44,11 20,0,29,0.0,2.74445486580554e+16,0,126762721,0,216503309,17763900000000,1411362015,fail
90,256 48,11 16,0,29,0.0,2.759013033284897e+16,0,127435143,0,216503309,19378800000000,1411362015,fail
91,384 16,2 48,21,8,4180343818515.1494,9756271352231266.0,3592702,96950520,1163565,100631448,9664790000000,144755078,pass
92,384 20,2 44,21,8,4180343818515.1494,9756615621565066.0,3592702,96953941,1163565,100631448,12081000000000,144755078,pass
93,384 24,2 40,21,8,4180343818515.1494,9757028744765628.0,3592702,96958047,1163565,100631448,14497100000000,144755078,pass
94,384 28,2 36,21,8,4180343818515.1494,9757533673121870.0,3592702,96963064,1163565,100631448,16913300000000,144755078,pass
95,384 32,2 32,21,8,4180343818515.1494,9758164833567172.0,3592702,96969336,1163565,100631448,19329500000000,144755078,pass
96,384 36,2 28,21,8,4180343818515.1494,9758976325568272.0,3592702,96977400,1163565,100631448,21745700000000,144755078,pass
97,384 40,2 24,21,8,4180343818515.1494,9760058314903076.0,3592702,96988152,1163565,100631448,24161900000000,144755078,pass
98,384 44,2 20,21,8,4180343818515.1494,9761573099971798.0,3592702,97003205,1163565,100631448,26578000000000,144755078,pass
99,384 48,2 16,21,8,4180343818515.1494,9763845277574886.0,3592702,97025784,1163565,100631448,28994200000000,144755078,pass
100,384 16,3 48,19,10,2825738893114.2,1.2760085537849034e+16,2756782,100666250,1025013,126756340,9664790000000,265384310,pass
101,384 20,3 44,19,10,2825738893114.2,1.276051918281376e+16,2756782,100669671,1025013,126756340,12081000000000,265384310,pass
102,384 24,3 40,19,10,2825738893114.2,1.2761039556771438e+16,2756782,100673776,1025013,126756340,14497100000000,265384310,pass
103,384 28,3 36,19,10,2825738893114.2,1.2761675569386368e+16,2756782,100678794,1025013,126756340,16913300000000,265384310,pass
104,384 32,3 32,19,10,2825738893114.2,1.2762470585155036e+16,2756782,100685066,1025013,126756340,19329500000000,265384310,pass
105,384 36,3 28,19,10,2825738893114.2,1.276349274828618e+16,2756782,100693130,1025013,126756340,21745700000000,265384310,pass
106,384 40,3 24,19,10,2825738893114.2,1.2764855632461038e+16,2756782,100703882,1025013,126756340,24161900000000,265384310,pass
107,384 44,3 20,19,10,2825738893114.2,1.2766763670305838e+16,2756782,100718935,1025013,126756340,26578000000000,265384310,pass
108,384 48,3 16,19,10,2825738893114.2,1.276962572707304e+16,2756782,100741514,1025013,126756340,28994200000000,265384310,pass
109,384 16,4 48,18,11,2015684608908.5999,1.4334797406896644e+16,2338822,102524115,861837,139818786,9664790000000,325698926,pass
110,384 20,4 44,18,11,2015684608908.5999,1.4335275739676832e+16,2338822,102527536,861837,139818786,12081000000000,325698926,pass
111,384 24,4 40,18,11,2015684608908.5999,1.4335849739013062e+16,2338822,102531641,861837,139818786,14497100000000,325698926,pass
112,384 28,4 36,18,11,2015684608908.5999,1.4336551293757344e+16,2338822,102536659,861837,139818786,16913300000000,325698926,pass
113,384 32,4 32,18,11,2015684608908.5999,1.4337428237187694e+16,2338822,102542931,861837,139818786,19329500000000,325698926,pass
114,384 36,4 28,18,11,2015684608908.5999,1.4338555735883852e+16,2338822,102550995,861837,139818786,21745700000000,325698926,pass
115,384 40,4 24,18,11,2015684608908.5999,1.4340059067478744e+16,2338822,102561747,861837,139818786,24161900000000,325698926,pass
116,384 44,4 20,18,11,2015684608908.5999,1.4342163731711576e+16,2338822,102576800,861837,139818786,26578000000000,325698926,pass
117,384 48,4 16,18,11,2015684608908.5999,1.4345320728060842e+16,2338822,102599379,861837,139818786,28994200000000,325698926,pass
118,384 16,5 48,17,12,1543495639038.5999,1.5679116337996012e+16,2048572,102989141,753449,152240480,9664790000000,554894467,pass
119,384 20,5 44,17,12,1543495639038.5999,1.567963716651834e+16,2048572,102992562,753449,152240480,12081000000000,554894467,pass
120,384 24,5 40,17,12,1543495639038.5999,1.568026216074514e+16,2048572,102996667,753449,152240480,14497100000000,554894467,pass
121,384 28,5 36,17,12,1543495639038.5999,1.5681026042577888e+16,2048572,103001685,753449,152240480,16913300000000,554894467,pass
122,384 32,5 32,17,12,1543495639038.5999,1.5681980894868826e+16,2048572,103007957,753449,152240480,19329500000000,554894467,pass
123,384 36,5 28,17,12,1543495639038.5999,1.568320856210003e+16,2048572,103016021,753449,152240480,21745700000000,554894467,pass
124,384 40,5 24,17,12,1543495639038.5999,1.5684845451741638e+16,2048572,103026773,753449,152240480,24161900000000,554894467,pass
125,384 44,5 20,17,12,1543495639038.5999,1.568713709723989e+16,2048572,103041826,753449,152240480,26578000000000,554894467,pass
126,384 48,5 16,17,12,1543495639038.5999,1.5690574565487264e+16,2048572,103064405,753449,152240480,28994200000000,554894467,pass
127,384 16,6 48,16,13,1253821548818.85,1.7034988094797564e+16,1758322,103454167,713078,164662173,9664790000000,784090008,pass
128,384 20,6 44,16,13,1253821548818.85,1.7035551419062032e+16,1758322,103457588,713078,164662173,12081000000000,784090008,pass
129,384 24,6 40,16,13,1253821548818.85,1.7036227408179394e+16,1758322,103461694,713078,164662173,14497100000000,784090008,pass
130,384 28,6 36,16,13,1253821548818.85,1.7037053617100616e+16,1758322,103466711,713078,164662173,16913300000000,784090008,pass
131,384 32,6 32,16,13,1253821548818.85,1.703808637825214e+16,1758322,103472983,713078,164662173,19329500000000,784090008,pass
132,384 36,6 28,16,13,1253821548818.85,1.7039414214018382e+16,1758322,103481047,713078,164662173,21745700000000,784090008,pass
133,384 40,6 24,16,13,1253821548818.85,1.7041184661706718e+16,1758322,103491799,713078,164662173,24161900000000,784090008,pass
134,384 44,6 20,16,13,1253821548818.85,1.7043663288470372e+16,1758322,103506852,713078,164662173,26578000000000,784090008,pass
135,384 48,6 16,16,13,1253821548818.85,1.704738122861587e+16,1758322,103529431,713078,164662173,28994200000000,784090008,pass
136,384 16,7 48,10,19,32320796169.750004,2.502182129871427e+16,227287,119237968,142202,209847766,9664790000000,1230418167,fail
137,384 20,7 44,10,19,32320796169.750004,2.502253920700099e+16,227287,119241389,142202,209847766,12081000000000,1230418167,fail
138,384 24,7 40,10,19,32320796169.750004,2.502340069694506e+16,227287,119245494,142202,209847766,14497100000000,1230418167,fail
139,384 28,7 36,10,19,32320796169.750004,2.5024453629098916e+16,227287,119250512,142202,209847766,16913300000000,1230418167,fail
140,384 32,7 32,10,19,32320796169.750004,2.5025769794291236e+16,227287,119256784,142202,209847766,19329500000000,1230418167,fail
141,384 36,7 28,10,19,32320796169.750004,2.5027462006681364e+16,227287,119264848,142202,209847766,21745700000000,1230418167,fail
142,384 40,7 24,10,19,32320796169.750004,2.50297182898682e+16,227287,119275600,142202,209847766,24161900000000,1230418167,fail
143,384 44,7 20,10,19,32320796169.750004,2.5032877086329764e+16,227287,119290652,142202,209847766,26578000000000,1230418167,fail
144,384 48,7 16,10,19,32320796169.750004,2.5037615281022124e+16,227287,119313232,142202,209847766,28994200000000,1230418167,fail
145,384 16,8 48,0,29,0.0,2.7104858083537096e+16,0,125193735,0,216503309,9664790000000,1411362015,fail
146,384 20,8 44,0,29,0.0,2.7126915913051268e+16,0,125295617,0,216503309,12081000000000,1411362015,fail
147,384 24,8 40,0,29,0.0,2.7153385308468292e+16,0,125417876,0,216503309,14497100000000,1411362015,fail
148,384 28,8 36,0,29,0.0,2.7185736791755744e+16,0,125567303,0,216503309,16913300000000,1411362015,fail
149,384 32,8 32,0,29,0.0,2.7226176145865064e+16,0,125754087,0,216503309,19329500000000,1411362015,fail
150,384 36,8 28,0,29,0.0,2.727816960114848e+16,0,125994238,0,216503309,21745700000000,1411362015,fail
151,384 40,8 24,0,29,0.0,2.734749420819303e+16,0,126314439,0,216503309,24161900000000,1411362015,fail
152,384 44,8 20,0,29,0.0,2.74445486580554e+16,0,126762721,0,216503309,26578000000000,1411362015,fail
153,384 48,8 16,0,29,0.0,2.759013033284897e+16,0,127435143,0,216503309,28994200000000,1411362015,fail
154,384 16,9 48,0,29,0.0,2.7104858083537096e+16,0,125193735,0,216503309,9664790000000,1411362015,fail
155,384 20,9 44,0,29,0.0,2.7126915913051268e+16,0,125295617,0,216503309,12081000000000,1411362015,fail
156,384 24,9 40,0,29,0.0,2.7153385308468292e+16,0,125417876,0,216503309,14497100000000,1411362015,fail
157,384 28,9 36,0,29,0.0,2.7185736791755744e+16,0,125567303,0,216503309,16913300000000,1411362015,fail
158,384 32,9 32,0,29,0.0,2.7226176145865064e+16,0,125754087,0,216503309,19329500000000,1411362015,fail
159,384 36,9 28,0,29,0.0,2.727816960114848e+16,0,125994238,0,216503309,21745700000000,1411362015,fail
160,384 40,9 24,0,29,0.0,2.734749420819303e+16,0,126314439,0,216503309,24161900000000,1411362015,fail
161,384 44,9 20,0,29,0.0,2.74445486580554e+16,0,126762721,0,216503309,26578000000000,1411362015,fail
162,384 48,9 16,0,29,0.0,2.759013033284897e+16,0,127435143,0,216503309,28994200000000,1411362015,fail
163,384 16,10 48,0,29,0.0,2.7104858083537096e+16,0,125193735,0,216503309,9664790000000,1411362015,fail
164,384 20,10 44,0,29,0.0,2.7126915913051268e+16,0,125295617,0,216503309,12081000000000,1411362015,fail
165,384 24,10 40,0,29,0.0,2.7153385308468292e+16,0,125417876,0,216503309,14497100000000,1411362015,fail
166,384 28,10 36,0,29,0.0,2.7185736791755744e+16,0,125567303,0,216503309,16913300000000,1411362015,fail
167,384 32,10 32,0,29,0.0,2.7226176145865064e+16,0,125754087,0,216503309,19329500000000,1411362015,fail
168,384 36,10 28,0,29,0.0,2.727816960114848e+16,0,125994238,0,216503309,21745700000000,1411362015,fail
169,384 40,10 24,0,29,0.0,2.734749420819303e+16,0,126314439,0,216503309,24161900000000,1411362015,fail
170,384 44,10 20,0,29,0.0,2.74445486580554e+16,0,126762721,0,216503309,26578000000000,1411362015,fail
171,384 48,10 16,0,29,0.0,2.759013033284897e+16,0,127435143,0,216503309,28994200000000,1411362015,fail
172,384 16,11 48,0,29,0.0,2.7104858083537096e+16,0,125193735,0,216503309,9664790000000,1411362015,fail
173,384 20,11 44,0,29,0.0,2.7126915913051268e+16,0,125295617,0,216503309,12081000000000,1411362015,fail
174,384 24,11 40,0,29,0.0,2.7153385308468292e+16,0,125417876,0,216503309,14497100000000,1411362015,fail
175,384 28,11 36,0,29,0.0,2.7185736791755744e+16,0,125567303,0,216503309,16913300000000,1411362015,fail
176,384 32,11 32,0,29,0.0,2.7226176145865064e+16,0,125754087,0,216503309,19329500000000,1411362015,fail
177,384 36,11 28,0,29,0.0,2.727816960114848e+16,0,125994238,0,216503309,21745700000000,1411362015,fail
178,384 40,11 24,0,29,0.0,2.734749420819303e+16,0,126314439,0,216503309,24161900000000,1411362015,fail
179,384 44,11 20,0,29,0.0,2.74445486580554e+16,0,126762721,0,216503309,26578000000000,1411362015,fail
180,384 48,11 16,0,29,0.0,2.759013033284897e+16,0,127435143,0,216503309,28994200000000,1411362015,fail
181,512 16,2 48,21,8,2903629224388.951,9756271352231266.0,2668353,96950520,1088172,100631448,12870000000000,144755078,pass
182,512 20,2 44,21,8,2903629224388.951,9756615621565066.0,2668353,96953941,1088172,100631448,16087400000000,144755078,pass
183,512 24,2 40,21,8,2903629224388.951,9757028744765628.0,2668353,96958047,1088172,100631448,19304900000000,144755078,pass
184,512 28,2 36,21,8,2903629224388.951,9757533673121870.0,2668353,96963064,1088172,100631448,22522300000000,144755078,pass
185,512 32,2 32,21,8,2903629224388.951,9758164833567172.0,2668353,96969336,1088172,100631448,25739800000000,144755078,pass
186,512 36,2 28,21,8,2903629224388.951,9758976325568272.0,2668353,96977400,1088172,100631448,28957300000000,144755078,pass
187,512 40,2 24,21,8,2903629224388.951,9760058314903076.0,2668353,96988152,1088172,100631448,32174700000000,144755078,pass
188,512 44,2 20,21,8,2903629224388.951,9761573099971798.0,2668353,97003205,1088172,100631448,35392200000000,144755078,pass
189,512 48,2 16,21,8,2903629224388.951,9763845277574886.0,2668353,97025784,1088172,100631448,38609600000000,144755078,pass
190,512 16,3 48,19,10,1969101441227.475,1.2760085537849034e+16,2046273,100666250,962286,126756340,12870000000000,265384310,pass
191,512 20,3 44,19,10,1969101441227.475,1.276051918281376e+16,2046273,100669671,962286,126756340,16087400000000,265384310,pass
192,512 24,3 40,19,10,1969101441227.475,1.2761039556771438e+16,2046273,100673776,962286,126756340,19304900000000,265384310,pass
193,512 28,3 36,19,10,1969101441227.475,1.2761675569386368e+16,2046273,100678794,962286,126756340,22522300000000,265384310,pass
194,512 32,3 32,19,10,1969101441227.475,1.2762470585155036e+16,2046273,100685066,962286,126756340,25739800000000,265384310,pass
195,512 36,3 28,19,10,1969101441227.475,1.276349274828618e+16,2046273,100693130,962286,126756340,28957300000000,265384310,pass
196,512 40,3 24,19,10,1969101441227.475,1.2764855632461038e+16,2046273,100703882,962286,126756340,32174700000000,265384310,pass
197,512 44,3 20,19,10,1969101441227.475,1.2766763670305838e+16,2046273,100718935,962286,126756340,35392200000000,265384310,pass
198,512 48,3 16,19,10,1969101441227.475,1.276962572707304e+16,2046273,100741514,962286,126756340,38609600000000,265384310,pass
199,512 16,4 48,18,11,1398085502108.1748,1.4334797406896644e+16,1735233,102524115,805704,139818786,12870000000000,325698926,pass
200,512 20,4 44,18,11,1398085502108.1748,1.4335275739676832e+16,1735233,102527536,805704,139818786,16087400000000,325698926,pass
201,512 24,4 40,18,11,1398085502108.1748,1.4335849739013062e+16,1735233,102531641,805704,139818786,19304900000000,325698926,pass
202,512 28,4 36,18,11,1398085502108.1748,1.4336551293757344e+16,1735233,102536659,805704,139818786,22522300000000,325698926,pass
203,512 32,4 32,18,11,1398085502108.1748,1.4337428237187694e+16,1735233,102542931,805704,139818786,25739800000000,325698926,pass
204,512 36,4 28,18,11,1398085502108.1748,1.4338555735883852e+16,1735233,102550995,805704,139818786,28957300000000,325698926,pass
205,512 40,4 24,18,11,1398085502108.1748,1.4340059067478744e+16,1735233,102561747,805704,139818786,32174700000000,325698926,pass
206,512 44,4 20,18,11,1398085502108.1748,1.4342163731711576e+16,1735233,102576800,805704,139818786,35392200000000,325698926,pass
207,512 48,4 16,18,11,1398085502108.1748,1.4345320728060842e+16,1735233,102599379,805704,139818786,38609600000000,325698926,pass
208,512 16,5 48,17,12,1067762175356.925,1.5679116337996012e+16,1519233,102989141,702829,152240480,12870000000000,554894467,pass
209,512 20,5 44,17,12,1067762175356.925,1.567963716651834e+16,1519233,102992562,702829,152240480,16087400000000,554894467,pass
210,512 24,5 40,17,12,1067762175356.925,1.568026216074514e+16,1519233,102996667,702829,152240480,19304900000000,554894467,pass
211,512 28,5 36,17,12,1067762175356.925,1.5681026042577888e+16,1519233,103001685,702829,152240480,22522300000000,554894467,pass
212,512 32,5 32,17,12,1067762175356.925,1.5681980894868826e+16,1519233,103007957,702829,152240480,25739800000000,554894467,pass
213,512 36,5 28,17,12,1067762175356.925,1.568320856210003e+16,1519233,103016021,702829,152240480,28957300000000,554894467,pass
214,512 40,5 24,17,12,1067762175356.925,1.5684845451741638e+16,1519233,103026773,702829,152240480,32174700000000,554894467,pass
215,512 44,5 20,17,12,1067762175356.925,1.568713709723989e+16,1519233,103041826,702829,152240480,35392200000000,554894467,pass
216,512 48,5 16,17,12,1067762175356.925,1.5690574565487264e+16,1519233,103064405,702829,152240480,38609600000000,554894467,pass
217,512 16,6 48,16,13,869864765535.675,1.7034988094797564e+16,1303233,103454167,667466,164662173,12870000000000,784090008,pass
218,512 20,6 44,16,13,869864765535.675,1.7035551419062032e+16,1303233,103457588,667466,164662173,16087400000000,784090008,pass
219,512 24,6 40,16,13,869864765535.675,1.7036227408179394e+16,1303233,103461694,667466,164662173,19304900000000,784090008,pass
220,512 28,6 36,16,13,869864765535.675,1.7037053617100616e+16,1303233,103466711,667466,164662173,22522300000000,784090008,pass
221,512 32,6 32,16,13,869864765535.675,1.703808637825214e+16,1303233,103472983,667466,164662173,25739800000000,784090008,pass
222,512 36,6 28,16,13,869864765535.675,1.7039414214018382e+16,1303233,103481047,667466,164662173,28957300000000,784090008,pass
223,512 40,6 24,16,13,869864765535.675,1.7041184661706718e+16,1303233,103491799,667466,164662173,32174700000000,784090008,pass
224,512 44,6 20,16,13,869864765535.675,1.7043663288470372e+16,1303233,103506852,667466,164662173,35392200000000,784090008,pass
225,512 48,6 16,16,13,869864765535.675,1.704738122861587e+16,1303233,103529431,667466,164662173,38609600000000,784090008,pass
226,512 16,7 48,10,19,23544181697.4,2.502182129871427e+16,173013,119237968,136082,209847766,12870000000000,1230418167,fail
227,512 20,7 44,10,19,23544181697.4,2.502253920700099e+16,173013,119241389,136082,209847766,16087400000000,1230418167,fail
228,512 24,7 40,10,19,23544181697.4,2.502340069694506e+16,173013,119245494,136082,209847766,19304900000000,1230418167,fail
229,512 28,7 36,10,19,23544181697.4,2.5024453629098916e+16,173013,119250512,136082,209847766,22522300000000,1230418167,fail
230,512 32,7 32,10,19,23544181697.4,2.5025769794291236e+16,173013,119256784,136082,209847766,25739800000000,1230418167,fail
231,512 36,7 28,10,19,23544181697.4,2.5027462006681364e+16,173013,119264848,136082,209847766,28957300000000,1230418167,fail
232,512 40,7 24,10,19,23544181697.4,2.50297182898682e+16,173013,119275600,136082,209847766,32174700000000,1230418167,fail
233,512 44,7 20,10,19,23544181697.4,2.5032877086329764e+16,173013,119290652,136082,209847766,35392200000000,1230418167,fail
234,512 48,7 16,10,19,23544181697.4,2.5037615281022124e+16,173013,119313232,136082,209847766,38609600000000,1230418167,fail
235,512 16,8 48,0,29,0.0,2.7104858083537096e+16,0,125193735,0,216503309,12870000000000,1411362015,fail
236,512 20,8 44,0,29,0.0,2.7126915913051268e+16,0,125295617,0,216503309,16087400000000,1411362015,fail
237,512 24,8 40,0,29,0.0,2.7153385308468292e+16,0,125417876,0,216503309,19304900000000,1411362015,fail
238,512 28,8 36,0,29,0.0,2.7185736791755744e+16,0,125567303,0,216503309,22522300000000,1411362015,fail
239,512 32,8 32,0,29,0.0,2.7226176145865064e+16,0,125754087,0,216503309,25739800000000,1411362015,fail
240,512 36,8 28,0,29,0.0,2.727816960114848e+16,0,125994238,0,216503309,28957300000000,1411362015,fail
241,512 40,8 24,0,29,0.0,2.734749420819303e+16,0,126314439,0,216503309,32174700000000,1411362015,fail
242,512 44,8 20,0,29,0.0,2.74445486580554e+16,0,126762721,0,216503309,35392200000000,1411362015,fail
243,512 48,8 16,0,29,0.0,2.759013033284897e+16,0,127435143,0,216503309,38609600000000,1411362015,fail
244,512 16,9 48,0,29,0.0,2.7104858083537096e+16,0,125193735,0,216503309,12870000000000,1411362015,fail
245,512 20,9 44,0,29,0.0,2.7126915913051268e+16,0,125295617,0,216503309,16087400000000,1411362015,fail
246,512 24,9 40,0,29,0.0,2.7153385308468292e+16,0,125417876,0,216503309,19304900000000,1411362015,fail
247,512 28,9 36,0,29,0.0,2.7185736791755744e+16,0,125567303,0,216503309,22522300000000,1411362015,fail
248,512 32,9 32,0,29,0.0,2.7226176145865064e+16,0,125754087,0,216503309,25739800000000,1411362015,fail
249,512 36,9 28,0,29,0.0,2.727816960114848e+16,0,125994238,0,216503309,28957300000000,1411362015,fail
250,512 40,9 24,0,29,0.0,2.734749420819303e+16,0,126314439,0,216503309,32174700000000,1411362015,fail
251,512 44,9 20,0,29,0.0,2.74445486580554e+16,0,126762721,0,216503309,35392200000000,1411362015,fail
252,512 48,9 16,0,29,0.0,2.759013033284897e+16,0,127435143,0,216503309,38609600000000,1411362015,fail
253,512 16,10 48,0,29,0.0,2.7104858083537096e+16,0,125193735,0,216503309,12870000000000,1411362015,fail
254,512 20,10 44,0,29,0.0,2.7126915913051268e+16,0,125295617,0,216503309,16087400000000,1411362015,fail
255,512 24,10 40,0,29,0.0,2.7153385308468292e+16,0,125417876,0,216503309,19304900000000,1411362015,fail
256,512 28,10 36,0,29,0.0,2.7185736791755744e+16,0,125567303,0,216503309,22522300000000,1411362015,fail
257,512 32,10 32,0,29,0.0,2.7226176145865064e+16,0,125754087,0,216503309,25739800000000,1411362015,fail
258,512 36,10 28,0,29,0.0,2.727816960114848e+16,0,125994238,0,216503309,28957300000000,1411362015,fail
259,512 40,10 24,0,29,0.0,2.734749420819303e+16,0,126314439,0,216503309,32174700000000,1411362015,fail
260,512 44,10 20,0,29,0.0,2.74445486580554e+16,0,126762721,0,216503309,35392200000000,1411362015,fail
261,512 48,10 16,0,29,0.0,2.759013033284897e+16,0,127435143,0,216503309,38609600000000,1411362015,fail
262,512 16,11 48,0,29,0.0,2.7104858083537096e+16,0,125193735,0,216503309,12870000000000,1411362015,fail
263,512 20,11 44,0,29,0.0,2.7126915913051268e+16,0,125295617,0,216503309,16087400000000,1411362015,fail
264,512 24,11 40,0,29,0.0,2.7153385308468292e+16,0,125417876,0,216503309,19304900000000,1411362015,fail
265,512 28,11 36,0,29,0.0,2.7185736791755744e+16,0,125567303,0,216503309,22522300000000,1411362015,fail
266,512 32,11 32,0,29,0.0,2.7226176145865064e+16,0,125754087,0,216503309,25739800000000,1411362015,fail
267,512 36,11 28,0,29,0.0,2.727816960114848e+16,0,125994238,0,216503309,28957300000000,1411362015,fail
268,512 40,11 24,0,29,0.0,2.734749420819303e+16,0,126314439,0,216503309,32174700000000,1411362015,fail
269,512 44,11 20,0,29,0.0,2.74445486580554e+16,0,126762721,0,216503309,35392200000000,1411362015,fail
270,512 48,11 16,0,29,0.0,2.759013033284897e+16,0,127435143,0,216503309,38609600000000,1411362015,fail
271,640 16,2 48,21,8,2274578653474.935,9756271352231266.0,2170942,96950520,1047737,100631448,16075200000000,144755078,pass
272,640 20,2 44,21,8,2274578653474.935,9756615621565066.0,2170942,96953941,1047737,100631448,20093900000000,144755078,pass
273,640 24,2 40,21,8,2274578653474.935,9757028744765628.0,2170942,96958047,1047737,100631448,24112600000000,144755078,pass
274,640 28,2 36,21,8,2274578653474.935,9757533673121870.0,2170942,96963064,1047737,100631448,28131400000000,144755078,pass
275,640 32,2 32,21,8,2274578653474.935,9758164833567172.0,2170942,96969336,1047737,100631448,32150100000000,144755078,pass
276,640 36,2 28,21,8,2274578653474.935,9758976325568272.0,2170942,96977400,1047737,100631448,36168900000000,144755078,pass
277,640 40,2 24,21,8,2274578653474.935,9760058314903076.0,2170942,96988152,1047737,100631448,40187600000000,144755078,pass
278,640 44,2 20,21,8,2274578653474.935,9761573099971798.0,2170942,97003205,1047737,100631448,44206300000000,144755078,pass
279,640 48,2 16,21,8,2274578653474.935,9763845277574886.0,2170942,97025784,1047737,100631448,48225100000000,144755078,pass
280,640 16,3 48,19,10,1546853371012.905,1.2760085537849034e+16,1665502,100666250,928760,126756340,16075200000000,265384310,pass
281,640 20,3 44,19,10,1546853371012.905,1.276051918281376e+16,1665502,100669671,928760,126756340,20093900000000,265384310,pass
282,640 24,3 40,19,10,1546853371012.905,1.2761039556771438e+16,1665502,100673776,928760,126756340,24112600000000,265384310,pass
283,640 28,3 36,19,10,1546853371012.905,1.2761675569386368e+16,1665502,100678794,928760,126756340,28131400000000,265384310,pass
284,640 32,3 32,19,10,1546853371012.905,1.2762470585155036e+16,1665502,100685066,928760,126756340,32150100000000,265384310,pass
285,640 36,3 28,19,10,1546853371012.905,1.276349274828618e+16,1665502,100693130,928760,126756340,36168900000000,265384310,pass
286,640 40,3 24,19,10,1546853371012.905,1.2764855632461038e+16,1665502,100703882,928760,126756340,40187600000000,265384310,pass
287,640 44,3 20,19,10,1546853371012.905,1.2766763670305838e+16,1665502,100718935,928760,126756340,44206300000000,265384310,pass
288,640 48,3 16,19,10,1546853371012.905,1.276962572707304e+16,1665502,100741514,928760,126756340,48225100000000,265384310,pass
289,640 16,4 48,18,11,1096001007695.265,1.4334797406896644e+16,1412782,102524115,775774,139818786,16075200000000,325698926,pass
290,640 20,4 44,18,11,1096001007695.265,1.4335275739676832e+16,1412782,102527536,775774,139818786,20093900000000,325698926,pass
291,640 24,4 40,18,11,1096001007695.265,1.4335849739013062e+16,1412782,102531641,775774,139818786,24112600000000,325698926,pass
292,640 28,4 36,18,11,1096001007695.265,1.4336551293757344e+16,1412782,102536659,775774,139818786,28131400000000,325698926,pass
293,640 32,4 32,18,11,1096001007695.265,1.4337428237187694e+16,1412782,102542931,775774,139818786,32150100000000,325698926,pass
294,640 36,4 28,18,11,1096001007695.265,1.4338555735883852e+16,1412782,102550995,775774,139818786,36168900000000,325698926,pass
295,640 40,4 24,18,11,1096001007695.265,1.4340059067478744e+16,1412782,102561747,775774,139818786,40187600000000,325698926,pass
296,640 44,4 20,18,11,1096001007695.265,1.4342163731711576e+16,1412782,102576800,775774,139818786,44206300000000,325698926,pass
297,640 48,4 16,18,11,1096001007695.265,1.4345320728060842e+16,1412782,102599379,775774,139818786,48225100000000,325698926,pass
298,640 16,5 48,17,12,836287360797.765,1.5679116337996012e+16,1237282,102989141,675906,152240480,16075200000000,554894467,pass
299,640 20,5 44,17,12,836287360797.765,1.567963716651834e+16,1237282,102992562,675906,152240480,20093900000000,554894467,pass
300,640 24,5 40,17,12,836287360797.765,1.568026216074514e+16,1237282,102996667,675906,152240480,24112600000000,554894467,pass
301,640 28,5 36,17,12,836287360797.765,1.5681026042577888e+16,1237282,103001685,675906,152240480,28131400000000,554894467,pass
302,640 32,5 32,17,12,836287360797.765,1.5681980894868826e+16,1237282,103007957,675906,152240480,32150100000000,554894467,pass
303,640 36,5 28,17,12,836287360797.765,1.568320856210003e+16,1237282,103016021,675906,152240480,36168900000000,554894467,pass
304,640 40,5 24,17,12,836287360797.765,1.5684845451741638e+16,1237282,103026773,675906,152240480,40187600000000,554894467,pass
305,640 44,5 20,17,12,836287360797.765,1.568713709723989e+16,1237282,103041826,675906,152240480,44206300000000,554894467,pass
306,640 48,5 16,17,12,836287360797.765,1.5690574565487264e+16,1237282,103064405,675906,152240480,48225100000000,554894467,pass
307,640 16,6 48,16,13,683018415874.515,1.7034988094797564e+16,1061782,103454167,643275,164662173,16075200000000,784090008,pass
308,640 20,6 44,16,13,683018415874.515,1.7035551419062032e+16,1061782,103457588,643275,164662173,20093900000000,784090008,pass
309,640 24,6 40,16,13,683018415874.515,1.7036227408179394e+16,1061782,103461694,643275,164662173,24112600000000,784090008,pass
310,640 28,6 36,16,13,683018415874.515,1.7037053617100616e+16,1061782,103466711,643275,164662173,28131400000000,784090008,pass
311,640 32,6 32,16,13,683018415874.515,1.703808637825214e+16,1061782,103472983,643275,164662173,32150100000000,784090008,pass
312,640 36,6 28,16,13,683018415874.515,1.7039414214018382e+16,1061782,103481047,643275,164662173,36168900000000,784090008,pass
313,640 40,6 24,16,13,683018415874.515,1.7041184661706718e+16,1061782,103491799,643275,164662173,40187600000000,784090008,pass
314,640 44,6 20,16,13,683018415874.515,1.7043663288470372e+16,1061782,103506852,643275,164662173,44206300000000,784090008,pass
315,640 48,6 16,16,13,683018415874.515,1.704738122861587e+16,1061782,103529431,643275,164662173,48225100000000,784090008,pass
316,640 16,7 48,10,19,19045421214.307503,2.502182129871427e+16,143478,119237968,132740,209847766,16075200000000,1230418167,fail
317,640 20,7 44,10,19,19045421214.307503,2.502253920700099e+16,143478,119241389,132740,209847766,20093900000000,1230418167,fail
318,640 24,7 40,10,19,19045421214.307503,2.502340069694506e+16,143478,119245494,132740,209847766,24112600000000,1230418167,fail
319,640 28,7 36,10,19,19045421214.307503,2.5024453629098916e+16,143478,119250512,132740,209847766,28131400000000,1230418167,fail
320,640 32,7 32,10,19,19045421214.307503,2.5025769794291236e+16,143478,119256784,132740,209847766,32150100000000,1230418167,fail
321,640 36,7 28,10,19,19045421214.307503,2.5027462006681364e+16,143478,119264848,132740,209847766,36168900000000,1230418167,fail
322,640 40,7 24,10,19,19045421214.307503,2.50297182898682e+16,143478,119275600,132740,209847766,40187600000000,1230418167,fail
323,640 44,7 20,10,19,19045421214.307503,2.5032877086329764e+16,143478,119290652,132740,209847766,44206300000000,1230418167,fail
324,640 48,7 16,10,19,19045421214.307503,2.5037615281022124e+16,143478,119313232,132740,209847766,48225100000000,1230418167,fail
325,640 16,8 48,0,29,0.0,2.7104858083537096e+16,0,125193735,0,216503309,16075200000000,1411362015,fail
326,640 20,8 44,0,29,0.0,2.7126915913051268e+16,0,125295617,0,216503309,20093900000000,1411362015,fail
327,640 24,8 40,0,29,0.0,2.7153385308468292e+16,0,125417876,0,216503309,24112600000000,1411362015,fail
328,640 28,8 36,0,29,0.0,2.7185736791755744e+16,0,125567303,0,216503309,28131400000000,1411362015,fail
329,640 32,8 32,0,29,0.0,2.7226176145865064e+16,0,125754087,0,216503309,32150100000000,1411362015,fail
330,640 36,8 28,0,29,0.0,2.727816960114848e+16,0,125994238,0,216503309,36168900000000,1411362015,fail
331,640 40,8 24,0,29,0.0,2.734749420819303e+16,0,126314439,0,216503309,40187600000000,1411362015,fail
332,640 44,8 20,0,29,0.0,2.74445486580554e+16,0,126762721,0,216503309,44206300000000,1411362015,fail
333,640 48,8 16,0,29,0.0,2.759013033284897e+16,0,127435143,0,216503309,48225100000000,1411362015,fail
334,640 16,9 48,0,29,0.0,2.7104858083537096e+16,0,125193735,0,216503309,16075200000000,1411362015,fail
335,640 20,9 44,0,29,0.0,2.7126915913051268e+16,0,125295617,0,216503309,20093900000000,1411362015,fail
336,640 24,9 40,0,29,0.0,2.7153385308468292e+16,0,125417876,0,216503309,24112600000000,1411362015,fail
337,640 28,9 36,0,29,0.0,2.7185736791755744e+16,0,125567303,0,216503309,28131400000000,1411362015,fail
338,640 32,9 32,0,29,0.0,2.7226176145865064e+16,0,125754087,0,216503309,32150100000000,1411362015,fail
339,640 36,9 28,0,29,0.0,2.727816960114848e+16,0,125994238,0,216503309,36168900000000,1411362015,fail
340,640 40,9 24,0,29,0.0,2.734749420819303e+16,0,126314439,0,216503309,40187600000000,1411362015,fail
341,640 44,9 20,0,29,0.0,2.74445486580554e+16,0,126762721,0,216503309,44206300000000,1411362015,fail
342,640 48,9 16,0,29,0.0,2.759013033284897e+16,0,127435143,0,216503309,48225100000000,1411362015,fail
343,640 16,10 48,0,29,0.0,2.7104858083537096e+16,0,125193735,0,216503309,16075200000000,1411362015,fail
344,640 20,10 44,0,29,0.0,2.7126915913051268e+16,0,125295617,0,216503309,20093900000000,1411362015,fail
345,640 24,10 40,0,29,0.0,2.7153385308468292e+16,0,125417876,0,216503309,24112600000000,1411362015,fail
346,640 28,10 36,0,29,0.0,2.7185736791755744e+16,0,125567303,0,216503309,28131400000000,1411362015,fail
347,640 32,10 32,0,29,0.0,2.7226176145865064e+16,0,125754087,0,216503309,32150100000000,1411362015,fail
348,640 36,10 28,0,29,0.0,2.727816960114848e+16,0,125994238,0,216503309,36168900000000,1411362015,fail
349,640 40,10 24,0,29,0.0,2.734749420819303e+16,0,126314439,0,216503309,40187600000000,1411362015,fail
350,640 44,10 20,0,29,0.0,2.74445486580554e+16,0,126762721,0,216503309,44206300000000,1411362015,fail
351,640 48,10 16,0,29,0.0,2.759013033284897e+16,0,127435143,0,216503309,48225100000000,1411362015,fail
352,640 16,11 48,0,29,0.0,2.7104858083537096e+16,0,125193735,0,216503309,16075200000000,1411362015,fail
353,640 20,11 44,0,29,0.0,2.7126915913051268e+16,0,125295617,0,216503309,20093900000000,1411362015,fail
354,640 24,11 40,0,29,0.0,2.7153385308468292e+16,0,125417876,0,216503309,24112600000000,1411362015,fail
355,640 28,11 36,0,29,0.0,2.7185736791755744e+16,0,125567303,0,216503309,28131400000000,1411362015,fail
356,640 32,11 32,0,29,0.0,2.7226176145865064e+16,0,125754087,0,216503309,32150100000000,1411362015,fail
357,640 36,11 28,0,29,0.0,2.727816960114848e+16,0,125994238,0,216503309,36168900000000,1411362015,fail
358,640 40,11 24,0,29,0.0,2.734749420819303e+16,0,126314439,0,216503309,40187600000000,1411362015,fail
359,640 44,11 20,0,29,0.0,2.74445486580554e+16,0,126762721,0,216503309,44206300000000,1411362015,fail
360,640 48,11 16,0,29,0.0,2.759013033284897e+16,0,127435143,0,216503309,48225100000000,1411362015,fail
361,768 16,2 48,21,8,1859988623345.52,9756271352231266.0,1824360,96950520,1019529,100631448,19280400000000,144755078,pass
362,768 20,2 44,21,8,1859988623345.52,9756615621565066.0,1824360,96953941,1019529,100631448,24100400000000,144755078,pass
363,768 24,2 40,21,8,1859988623345.52,9757028744765628.0,1824360,96958047,1019529,100631448,28920400000000,144755078,pass
364,768 28,2 36,21,8,1859988623345.52,9757533673121870.0,1824360,96963064,1019529,100631448,33740400000000,144755078,pass
365,768 32,2 32,21,8,1859988623345.52,9758164833567172.0,1824360,96969336,1019529,100631448,38560400000000,144755078,pass
366,768 36,2 28,21,8,1859988623345.52,9758976325568272.0,1824360,96977400,1019529,100631448,43380500000000,144755078,pass
367,768 40,2 24,21,8,1859988623345.52,9760058314903076.0,1824360,96988152,1019529,100631448,48200500000000,144755078,pass
368,768 44,2 20,21,8,1859988623345.52,9761573099971798.0,1824360,97003205,1019529,100631448,53020500000000,144755078,pass
369,768 48,2 16,21,8,1859988623345.52,9763845277574886.0,1824360,97025784,1019529,100631448,57840500000000,144755078,pass
370,768 16,3 48,19,10,1264216189967.76,1.2760085537849034e+16,1396680,100666250,905158,126756340,19280400000000,265384310,pass
371,768 20,3 44,19,10,1264216189967.76,1.276051918281376e+16,1396680,100669671,905158,126756340,24100400000000,265384310,pass
372,768 24,3 40,19,10,1264216189967.76,1.2761039556771438e+16,1396680,100673776,905158,126756340,28920400000000,265384310,pass
373,768 28,3 36,19,10,1264216189967.76,1.2761675569386368e+16,1396680,100678794,905158,126756340,33740400000000,265384310,pass
374,768 32,3 32,19,10,1264216189967.76,1.2762470585155036e+16,1396680,100685066,905158,126756340,38560400000000,265384310,pass
375,768 36,3 28,19,10,1264216189967.76,1.276349274828618e+16,1396680,100693130,905158,126756340,43380500000000,265384310,pass
376,768 40,3 24,19,10,1264216189967.76,1.2764855632461038e+16,1396680,100703882,905158,126756340,48200500000000,265384310,pass
377,768 44,3 20,19,10,1264216189967.76,1.2766763670305838e+16,1396680,100718935,905158,126756340,53020500000000,265384310,pass
378,768 48,3 16,19,10,1264216189967.76,1.276962572707304e+16,1396680,100741514,905158,126756340,57840500000000,265384310,pass
379,768 16,4 48,18,11,892535675792.8799,1.4334797406896644e+16,1182840,102524115,754570,139818786,19280400000000,325698926,pass
380,768 20,4 44,18,11,892535675792.8799,1.4335275739676832e+16,1182840,102527536,754570,139818786,24100400000000,325698926,pass
381,768 24,4 40,18,11,892535675792.8799,1.4335849739013062e+16,1182840,102531641,754570,139818786,28920400000000,325698926,pass
382,768 28,4 36,18,11,892535675792.8799,1.4336551293757344e+16,1182840,102536659,754570,139818786,33740400000000,325698926,pass
383,768 32,4 32,18,11,892535675792.8799,1.4337428237187694e+16,1182840,102542931,754570,139818786,38560400000000,325698926,pass
384,768 36,4 28,18,11,892535675792.8799,1.4338555735883852e+16,1182840,102550995,754570,139818786,43380500000000,325698926,pass
385,768 40,4 24,18,11,892535675792.8799,1.4340059067478744e+16,1182840,102561747,754570,139818786,48200500000000,325698926,pass
386,768 44,4 20,18,11,892535675792.8799,1.4342163731711576e+16,1182840,102576800,754570,139818786,53020500000000,325698926,pass
387,768 48,4 16,18,11,892535675792.8799,1.4345320728060842e+16,1182840,102599379,754570,139818786,57840500000000,325698926,pass
388,768 16,5 48,17,12,681734114576.13,1.5679116337996012e+16,1037715,102989141,656956,152240480,19280400000000,554894467,pass
389,768 20,5 44,17,12,681734114576.13,1.567963716651834e+16,1037715,102992562,656956,152240480,24100400000000,554894467,pass
390,768 24,5 40,17,12,681734114576.13,1.568026216074514e+16,1037715,102996667,656956,152240480,28920400000000,554894467,pass
391,768 28,5 36,17,12,681734114576.13,1.5681026042577888e+16,1037715,103001685,656956,152240480,33740400000000,554894467,pass
392,768 32,5 32,17,12,681734114576.13,1.5681980894868826e+16,1037715,103007957,656956,152240480,38560400000000,554894467,pass
393,768 36,5 28,17,12,681734114576.13,1.568320856210003e+16,1037715,103016021,656956,152240480,43380500000000,554894467,pass
394,768 40,5 24,17,12,681734114576.13,1.5684845451741638e+16,1037715,103026773,656956,152240480,48200500000000,554894467,pass
395,768 44,5 20,17,12,681734114576.13,1.568713709723989e+16,1037715,103041826,656956,152240480,53020500000000,554894467,pass
396,768 48,5 16,17,12,681734114576.13,1.5690574565487264e+16,1037715,103064405,656956,152240480,57840500000000,554894467,pass
397,768 16,6 48,16,13,559095598888.38,1.7034988094797564e+16,892590,103454167,626374,164662173,19280400000000,784090008,pass
398,768 20,6 44,16,13,559095598888.38,1.7035551419062032e+16,892590,103457588,626374,164662173,24100400000000,784090008,pass
399,768 24,6 40,16,13,559095598888.38,1.7036227408179394e+16,892590,103461694,626374,164662173,28920400000000,784090008,pass
400,768 28,6 36,16,13,559095598888.38,1.7037053617100616e+16,892590,103466711,626374,164662173,33740400000000,784090008,pass
401,768 32,6 32,16,13,559095598888.38,1.703808637825214e+16,892590,103472983,626374,164662173,38560400000000,784090008,pass
402,768 36,6 28,16,13,559095598888.38,1.7039414214018382e+16,892590,103481047,626374,164662173,43380500000000,784090008,pass
403,768 40,6 24,16,13,559095598888.38,1.7041184661706718e+16,892590,103491799,626374,164662173,48200500000000,784090008,pass
404,768 44,6 20,16,13,559095598888.38,1.7043663288470372e+16,892590,103506852,626374,164662173,53020500000000,784090008,pass
405,768 48,6 16,16,13,559095598888.38,1.704738122861587e+16,892590,103529431,626374,164662173,57840500000000,784090008,pass
406,768 16,7 48,10,19,15807027404.737501,2.502182129871427e+16,121368,119237968,130239,209847766,19280400000000,1230418167,fail
407,768 20,7 44,10,19,15807027404.737501,2.502253920700099e+16,121368,119241389,130239,209847766,24100400000000,1230418167,fail
408,768 24,7 40,10,19,15807027404.737501,2.502340069694506e+16,121368,119245494,130239,209847766,28920400000000,1230418167,fail
409,768 28,7 36,10,19,15807027404.737501,2.5024453629098916e+16,121368,119250512,130239,209847766,33740400000000,1230418167,fail
410,768 32,7 32,10,19,15807027404.737501,2.5025769794291236e+16,121368,119256784,130239,209847766,38560400000000,1230418167,fail
411,768 36,7 28,10,19,15807027404.737501,2.5027462006681364e+16,121368,119264848,130239,209847766,43380500000000,1230418167,fail
412,768 40,7 24,10,19,15807027404.737501,2.50297182898682e+16,121368,119275600,130239,209847766,48200500000000,1230418167,fail
413,768 44,7 20,10,19,15807027404.737501,2.5032877086329764e+16,121368,119290652,130239,209847766,53020500000000,1230418167,fail
414,768 48,7 16,10,19,15807027404.737501,2.5037615281022124e+16,121368,119313232,130239,209847766,57840500000000,1230418167,fail
415,768 16,8 48,0,29,0.0,2.7104858083537096e+16,0,125193735,0,216503309,19280400000000,1411362015,fail
416,768 20,8 44,0,29,0.0,2.7126915913051268e+16,0,125295617,0,216503309,24100400000000,1411362015,fail
417,768 24,8 40,0,29,0.0,2.7153385308468292e+16,0,125417876,0,216503309,28920400000000,1411362015,fail
418,768 28,8 36,0,29,0.0,2.7185736791755744e+16,0,125567303,0,216503309,33740400000000,1411362015,fail
419,768 32,8 32,0,29,0.0,2.7226176145865064e+16,0,125754087,0,216503309,38560400000000,1411362015,fail
420,768 36,8 28,0,29,0.0,2.727816960114848e+16,0,125994238,0,216503309,43380500000000,1411362015,fail
421,768 40,8 24,0,29,0.0,2.734749420819303e+16,0,126314439,0,216503309,48200500000000,1411362015,fail
422,768 44,8 20,0,29,0.0,2.74445486580554e+16,0,126762721,0,216503309,53020500000000,1411362015,fail
423,768 48,8 16,0,29,0.0,2.759013033284897e+16,0,127435143,0,216503309,57840500000000,1411362015,fail
424,768 16,9 48,0,29,0.0,2.7104858083537096e+16,0,125193735,0,216503309,19280400000000,1411362015,fail
425,768 20,9 44,0,29,0.0,2.7126915913051268e+16,0,125295617,0,216503309,24100400000000,1411362015,fail
426,768 24,9 40,0,29,0.0,2.7153385308468292e+16,0,125417876,0,216503309,28920400000000,1411362015,fail
427,768 28,9 36,0,29,0.0,2.7185736791755744e+16,0,125567303,0,216503309,33740400000000,1411362015,fail
428,768 32,9 32,0,29,0.0,2.7226176145865064e+16,0,125754087,0,216503309,38560400000000,1411362015,fail
429,768 36,9 28,0,29,0.0,2.727816960114848e+16,0,125994238,0,216503309,43380500000000,1411362015,fail
430,768 40,9 24,0,29,0.0,2.734749420819303e+16,0,126314439,0,216503309,48200500000000,1411362015,fail
431,768 44,9 20,0,29,0.0,2.74445486580554e+16,0,126762721,0,216503309,53020500000000,1411362015,fail
432,768 48,9 16,0,29,0.0,2.759013033284897e+16,0,127435143,0,216503309,57840500000000,1411362015,fail
433,768 16,10 48,0,29,0.0,2.7104858083537096e+16,0,125193735,0,216503309,19280400000000,1411362015,fail
434,768 20,10 44,0,29,0.0,2.7126915913051268e+16,0,125295617,0,216503309,24100400000000,1411362015,fail
435,768 24,10 40,0,29,0.0,2.7153385308468292e+16,0,125417876,0,216503309,28920400000000,1411362015,fail
436,768 28,10 36,0,29,0.0,2.7185736791755744e+16,0,125567303,0,216503309,33740400000000,1411362015,fail
437,768 32,10 32,0,29,0.0,2.7226176145865064e+16,0,125754087,0,216503309,38560400000000,1411362015,fail
438,768 36,10 28,0,29,0.0,2.727816960114848e+16,0,125994238,0,216503309,43380500000000,1411362015,fail
439,768 40,10 24,0,29,0.0,2.734749420819303e+16,0,126314439,0,216503309,48200500000000,1411362015,fail
440,768 44,10 20,0,29,0.0,2.74445486580554e+16,0,126762721,0,216503309,53020500000000,1411362015,fail
441,768 48,10 16,0,29,0.0,2.759013033284897e+16,0,127435143,0,216503309,57840500000000,1411362015,fail
442,768 16,11 48,0,29,0.0,2.7104858083537096e+16,0,125193735,0,216503309,19280400000000,1411362015,fail
443,768 20,11 44,0,29,0.0,2.7126915913051268e+16,0,125295617,0,216503309,24100400000000,1411362015,fail
444,768 24,11 40,0,29,0.0,2.7153385308468292e+16,0,125417876,0,216503309,28920400000000,1411362015,fail
445,768 28,11 36,0,29,0.0,2.7185736791755744e+16,0,125567303,0,216503309,33740400000000,1411362015,fail
446,768 32,11 32,0,29,0.0,2.7226176145865064e+16,0,125754087,0,216503309,38560400000000,1411362015,fail
447,768 36,11 28,0,29,0.0,2.727816960114848e+16,0,125994238,0,216503309,43380500000000,1411362015,fail
448,768 40,11 24,0,29,0.0,2.734749420819303e+16,0,126314439,0,216503309,48200500000000,1411362015,fail
449,768 44,11 20,0,29,0.0,2.74445486580554e+16,0,126762721,0,216503309,53020500000000,1411362015,fail
450,768 48,11 16,0,29,0.0,2.759013033284897e+16,0,127435143,0,216503309,57840500000000,1411362015,fail
451,896 16,2 48,21,8,1588892346738.0146,9756271352231266.0,1587963,96950520,1000584,100631448,22485600000000,144755078,pass
452,896 20,2 44,21,8,1588892346738.0146,9756615621565066.0,1587963,96953941,1000584,100631448,28106900000000,144755078,pass
453,896 24,2 40,21,8,1588892346738.0146,9757028744765628.0,1587963,96958047,1000584,100631448,33728200000000,144755078,pass
454,896 28,2 36,21,8,1588892346738.0146,9757533673121870.0,1587963,96963064,1000584,100631448,39349500000000,144755078,pass
455,896 32,2 32,21,8,1588892346738.0146,9758164833567172.0,1587963,96969336,1000584,100631448,44970800000000,144755078,pass
456,896 36,2 28,21,8,1588892346738.0146,9758976325568272.0,1587963,96977400,1000584,100631448,50592100000000,144755078,pass
457,896 40,2 24,21,8,1588892346738.0146,9760058314903076.0,1587963,96988152,1000584,100631448,56213400000000,144755078,pass
458,896 44,2 20,21,8,1588892346738.0146,9761573099971798.0,1587963,97003205,1000584,100631448,61834700000000,144755078,pass
459,896 48,2 16,21,8,1588892346738.0146,9763845277574886.0,1587963,97025784,1000584,100631448,67456000000000,144755078,pass
460,896 16,3 48,19,10,1084152605073.72,1.2760085537849034e+16,1218603,100666250,889667,126756340,22485600000000,265384310,pass
461,896 20,3 44,19,10,1084152605073.72,1.276051918281376e+16,1218603,100669671,889667,126756340,28106900000000,265384310,pass
462,896 24,3 40,19,10,1084152605073.72,1.2761039556771438e+16,1218603,100673776,889667,126756340,33728200000000,265384310,pass
463,896 28,3 36,19,10,1084152605073.72,1.2761675569386368e+16,1218603,100678794,889667,126756340,39349500000000,265384310,pass
464,896 32,3 32,19,10,1084152605073.72,1.2762470585155036e+16,1218603,100685066,889667,126756340,44970800000000,265384310,pass
465,896 36,3 28,19,10,1084152605073.72,1.276349274828618e+16,1218603,100693130,889667,126756340,50592100000000,265384310,pass
466,896 40,3 24,19,10,1084152605073.72,1.2764855632461038e+16,1218603,100703882,889667,126756340,56213400000000,265384310,pass
467,896 44,3 20,19,10,1084152605073.72,1.2766763670305838e+16,1218603,100718935,889667,126756340,61834700000000,265384310,pass
468,896 48,3 16,19,10,1084152605073.72,1.276962572707304e+16,1218603,100741514,889667,126756340,67456000000000,265384310,pass
469,896 16,4 48,18,11,766011227710.26,1.4334797406896644e+16,1033923,102524115,740877,139818786,22485600000000,325698926,pass
470,896 20,4 44,18,11,766011227710.26,1.4335275739676832e+16,1033923,102527536,740877,139818786,28106900000000,325698926,pass
471,896 24,4 40,18,11,766011227710.26,1.4335849739013062e+16,1033923,102531641,740877,139818786,33728200000000,325698926,pass
472,896 28,4 36,18,11,766011227710.26,1.4336551293757344e+16,1033923,102536659,740877,139818786,39349500000000,325698926,pass
473,896 32,4 32,18,11,766011227710.26,1.4337428237187694e+16,1033923,102542931,740877,139818786,44970800000000,325698926,pass
474,896 36,4 28,18,11,766011227710.26,1.4338555735883852e+16,1033923,102550995,740877,139818786,50592100000000,325698926,pass
475,896 40,4 24,18,11,766011227710.26,1.4340059067478744e+16,1033923,102561747,740877,139818786,56213400000000,325698926,pass
476,896 44,4 20,18,11,766011227710.26,1.4342163731711576e+16,1033923,102576800,740877,139818786,61834700000000,325698926,pass
477,896 48,4 16,18,11,766011227710.26,1.4345320728060842e+16,1033923,102599379,740877,139818786,67456000000000,325698926,pass
478,896 16,5 48,17,12,586125700796.385,1.5679116337996012e+16,909048,102989141,644768,152240480,22485600000000,554894467,pass
479,896 20,5 44,17,12,586125700796.385,1.567963716651834e+16,909048,102992562,644768,152240480,28106900000000,554894467,pass
480,896 24,5 40,17,12,586125700796.385,1.568026216074514e+16,909048,102996667,644768,152240480,33728200000000,554894467,pass
481,896 28,5 36,17,12,586125700796.385,1.5681026042577888e+16,909048,103001685,644768,152240480,39349500000000,554894467,pass
482,896 32,5 32,17,12,586125700796.385,1.5681980894868826e+16,909048,103007957,644768,152240480,44970800000000,554894467,pass
483,896 36,5 28,17,12,586125700796.385,1.568320856210003e+16,909048,103016021,644768,152240480,50592100000000,554894467,pass
484,896 40,5 24,17,12,586125700796.385,1.5684845451741638e+16,909048,103026773,644768,152240480,56213400000000,554894467,pass
485,896 44,5 20,17,12,586125700796.385,1.568713709723989e+16,909048,103041826,644768,152240480,61834700000000,554894467,pass
486,896 48,5 16,17,12,586125700796.385,1.5690574565487264e+16,909048,103064405,644768,152240480,67456000000000,554894467,pass
487,896 16,6 48,16,13,482699384533.635,1.7034988094797564e+16,784173,103454167,615551,164662173,22485600000000,784090008,pass
488,896 20,6 44,16,13,482699384533.635,1.7035551419062032e+16,784173,103457588,615551,164662173,28106900000000,784090008,pass
489,896 24,6 40,16,13,482699384533.635,1.7036227408179394e+16,784173,103461694,615551,164662173,33728200000000,784090008,pass
490,896 28,6 36,16,13,482699384533.635,1.7037053617100616e+16,784173,103466711,615551,164662173,39349500000000,784090008,pass
491,896 32,6 32,16,13,482699384533.635,1.703808637825214e+16,784173,103472983,615551,164662173,44970800000000,784090008,pass
492,896 36,6 28,16,13,482699384533.635,1.7039414214018382e+16,784173,103481047,615551,164662173,50592100000000,784090008,pass
493,896 40,6 24,16,13,482699384533.635,1.7041184661706718e+16,784173,103491799,615551,164662173,56213400000000,784090008,pass
494,896 44,6 20,16,13,482699384533.635,1.7043663288470372e+16,784173,103506852,615551,164662173,61834700000000,784090008,pass
495,896 48,6 16,16,13,482699384533.635,1.704738122861587e+16,784173,103529431,615551,164662173,67456000000000,784090008,pass
496,896 16,7 48,10,19,13706652019.830002,2.502182129871427e+16,106608,119237968,128569,209847766,22485600000000,1230418167,fail
497,896 20,7 44,10,19,13706652019.830002,2.502253920700099e+16,106608,119241389,128569,209847766,28106900000000,1230418167,fail
498,896 24,7 40,10,19,13706652019.830002,2.502340069694506e+16,106608,119245494,128569,209847766,33728200000000,1230418167,fail
499,896 28,7 36,10,19,13706652019.830002,2.5024453629098916e+16,106608,119250512,128569,209847766,39349500000000,1230418167,fail
500,896 32,7 32,10,19,13706652019.830002,2.5025769794291236e+16,106608,119256784,128569,209847766,44970800000000,1230418167,fail
501,896 36,7 28,10,19,13706652019.830002,2.5027462006681364e+16,106608,119264848,128569,209847766,50592100000000,1230418167,fail
502,896 40,7 24,10,19,13706652019.830002,2.50297182898682e+16,106608,119275600,128569,209847766,56213400000000,1230418167,fail
503,896 44,7 20,10,19,13706652019.830002,2.5032877086329764e+16,106608,119290652,128569,209847766,61834700000000,1230418167,fail
504,896 48,7 16,10,19,13706652019.830002,2.5037615281022124e+16,106608,119313232,128569,209847766,67456000000000,1230418167,fail
505,896 16,8 48,0,29,0.0,2.7104858083537096e+16,0,125193735,0,216503309,22485600000000,1411362015,fail
506,896 20,8 44,0,29,0.0,2.7126915913051268e+16,0,125295617,0,216503309,28106900000000,1411362015,fail
507,896 24,8 40,0,29,0.0,2.7153385308468292e+16,0,125417876,0,216503309,33728200000000,1411362015,fail
508,896 28,8 36,0,29,0.0,2.7185736791755744e+16,0,125567303,0,216503309,39349500000000,1411362015,fail
509,896 32,8 32,0,29,0.0,2.7226176145865064e+16,0,125754087,0,216503309,44970800000000,1411362015,fail
510,896 36,8 28,0,29,0.0,2.727816960114848e+16,0,125994238,0,216503309,50592100000000,1411362015,fail
511,896 40,8 24,0,29,0.0,2.734749420819303e+16,0,126314439,0,216503309,56213400000000,1411362015,fail
512,896 44,8 20,0,29,0.0,2.74445486580554e+16,0,126762721,0,216503309,61834700000000,1411362015,fail
513,896 48,8 16,0,29,0.0,2.759013033284897e+16,0,127435143,0,216503309,67456000000000,1411362015,fail
514,896 16,9 48,0,29,0.0,2.7104858083537096e+16,0,125193735,0,216503309,22485600000000,1411362015,fail
515,896 20,9 44,0,29,0.0,2.7126915913051268e+16,0,125295617,0,216503309,28106900000000,1411362015,fail
516,896 24,9 40,0,29,0.0,2.7153385308468292e+16,0,125417876,0,216503309,33728200000000,1411362015,fail
517,896 28,9 36,0,29,0.0,2.7185736791755744e+16,0,125567303,0,216503309,39349500000000,1411362015,fail
518,896 32,9 32,0,29,0.0,2.7226176145865064e+16,0,125754087,0,216503309,44970800000000,1411362015,fail
519,896 36,9 28,0,29,0.0,2.727816960114848e+16,0,125994238,0,216503309,50592100000000,1411362015,fail
520,896 40,9 24,0,29,0.0,2.734749420819303e+16,0,126314439,0,216503309,56213400000000,1411362015,fail
521,896 44,9 20,0,29,0.0,2.74445486580554e+16,0,126762721,0,216503309,61834700000000,1411362015,fail
522,896 48,9 16,0,29,0.0,2.759013033284897e+16,0,127435143,0,216503309,67456000000000,1411362015,fail
523,896 16,10 48,0,29,0.0,2.7104858083537096e+16,0,125193735,0,216503309,22485600000000,1411362015,fail
524,896 20,10 44,0,29,0.0,2.7126915913051268e+16,0,125295617,0,216503309,28106900000000,1411362015,fail
525,896 24,10 40,0,29,0.0,2.7153385308468292e+16,0,125417876,0,216503309,33728200000000,1411362015,fail
526,896 28,10 36,0,29,0.0,2.7185736791755744e+16,0,125567303,0,216503309,39349500000000,1411362015,fail
527,896 32,10 32,0,29,0.0,2.7226176145865064e+16,0,125754087,0,216503309,44970800000000,1411362015,fail
528,896 36,10 28,0,29,0.0,2.727816960114848e+16,0,125994238,0,216503309,50592100000000,1411362015,fail
529,896 40,10 24,0,29,0.0,2.734749420819303e+16,0,126314439,0,216503309,56213400000000,1411362015,fail
530,896 44,10 20,0,29,0.0,2.74445486580554e+16,0,126762721,0,216503309,61834700000000,1411362015,fail
531,896 48,10 16,0,29,0.0,2.759013033284897e+16,0,127435143,0,216503309,67456000000000,1411362015,fail
532,896 16,11 48,0,29,0.0,2.7104858083537096e+16,0,125193735,0,216503309,22485600000000,1411362015,fail
533,896 20,11 44,0,29,0.0,2.7126915913051268e+16,0,125295617,0,216503309,28106900000000,1411362015,fail
534,896 24,11 40,0,29,0.0,2.7153385308468292e+16,0,125417876,0,216503309,33728200000000,1411362015,fail
535,896 28,11 36,0,29,0.0,2.7185736791755744e+16,0,125567303,0,216503309,39349500000000,1411362015,fail
536,896 32,11 32,0,29,0.0,2.7226176145865064e+16,0,125754087,0,216503309,44970800000000,1411362015,fail
537,896 36,11 28,0,29,0.0,2.727816960114848e+16,0,125994238,0,216503309,50592100000000,1411362015,fail
538,896 40,11 24,0,29,0.0,2.734749420819303e+16,0,126314439,0,216503309,56213400000000,1411362015,fail
539,896 44,11 20,0,29,0.0,2.74445486580554e+16,0,126762721,0,216503309,61834700000000,1411362015,fail
540,896 48,11 16,0,29,0.0,2.759013033284897e+16,0,127435143,0,216503309,67456000000000,1411362015,fail
541,1024 16,2 48,21,8,1315633385470.7998,9756271352231266.0,1341993,96950520,980357,100631448,25690900000000,144755078,pass
542,1024 20,2 44,21,8,1315633385470.7998,9756615621565066.0,1341993,96953941,980357,100631448,32113400000000,144755078,pass
543,1024 24,2 40,21,8,1315633385470.7998,9757028744765628.0,1341993,96958047,980357,100631448,38536000000000,144755078,pass
544,1024 28,2 36,21,8,1315633385470.7998,9757533673121870.0,1341993,96963064,980357,100631448,44958600000000,144755078,pass
545,1024 32,2 32,21,8,1315633385470.7998,9758164833567172.0,1341993,96969336,980357,100631448,51381200000000,144755078,pass
546,1024 36,2 28,21,8,1315633385470.7998,9758976325568272.0,1341993,96977400,980357,100631448,57803700000000,144755078,pass
547,1024 40,2 24,21,8,1315633385470.7998,9760058314903076.0,1341993,96988152,980357,100631448,64226300000000,144755078,pass
548,1024 44,2 20,21,8,1315633385470.7998,9761573099971798.0,1341993,97003205,980357,100631448,70648900000000,144755078,pass
549,1024 48,2 16,21,8,1315633385470.7998,9763845277574886.0,1341993,97025784,980357,100631448,77071500000000,144755078,pass
550,1024 16,3 48,19,10,899914076691.57,1.2760085537849034e+16,1030953,100666250,872894,126756340,25690900000000,265384310,pass
551,1024 20,3 44,19,10,899914076691.57,1.276051918281376e+16,1030953,100669671,872894,126756340,32113400000000,265384310,pass
552,1024 24,3 40,19,10,899914076691.57,1.2761039556771438e+16,1030953,100673776,872894,126756340,38536000000000,265384310,pass
553,1024 28,3 36,19,10,899914076691.57,1.2761675569386368e+16,1030953,100678794,872894,126756340,44958600000000,265384310,pass
554,1024 32,3 32,19,10,899914076691.57,1.2762470585155036e+16,1030953,100685066,872894,126756340,51381200000000,265384310,pass
555,1024 36,3 28,19,10,899914076691.57,1.276349274828618e+16,1030953,100693130,872894,126756340,57803700000000,265384310,pass
556,1024 40,3 24,19,10,899914076691.57,1.2764855632461038e+16,1030953,100703882,872894,126756340,64226300000000,265384310,pass
557,1024 44,3 20,19,10,899914076691.57,1.2766763670305838e+16,1030953,100718935,872894,126756340,70648900000000,265384310,pass
558,1024 48,3 16,19,10,899914076691.57,1.276962572707304e+16,1030953,100741514,872894,126756340,77071500000000,265384310,pass
559,1024 16,4 48,18,11,635479733301.3298,1.4334797406896644e+16,875433,102524115,725902,139818786,25690900000000,325698926,pass
560,1024 20,4 44,18,11,635479733301.3298,1.4335275739676832e+16,875433,102527536,725902,139818786,32113400000000,325698926,pass
561,1024 24,4 40,18,11,635479733301.3298,1.4335849739013062e+16,875433,102531641,725902,139818786,38536000000000,325698926,pass
562,1024 28,4 36,18,11,635479733301.3298,1.4336551293757344e+16,875433,102536659,725902,139818786,44958600000000,325698926,pass
563,1024 32,4 32,18,11,635479733301.3298,1.4337428237187694e+16,875433,102542931,725902,139818786,51381200000000,325698926,pass
564,1024 36,4 28,18,11,635479733301.3298,1.4338555735883852e+16,875433,102550995,725902,139818786,57803700000000,325698926,pass
565,1024 40,4 24,18,11,635479733301.3298,1.4340059067478744e+16,875433,102561747,725902,139818786,64226300000000,325698926,pass
566,1024 44,4 20,18,11,635479733301.3298,1.4342163731711576e+16,875433,102576800,725902,139818786,70648900000000,325698926,pass
567,1024 48,4 16,18,11,635479733301.3298,1.4345320728060842e+16,875433,102599379,725902,139818786,77071500000000,325698926,pass
568,1024 16,5 48,17,12,484285853924.955,1.5679116337996012e+16,767433,102989141,631045,152240480,25690900000000,554894467,pass
569,1024 20,5 44,17,12,484285853924.955,1.567963716651834e+16,767433,102992562,631045,152240480,32113400000000,554894467,pass
570,1024 24,5 40,17,12,484285853924.955,1.568026216074514e+16,767433,102996667,631045,152240480,38536000000000,554894467,pass
571,1024 28,5 36,17,12,484285853924.955,1.5681026042577888e+16,767433,103001685,631045,152240480,44958600000000,554894467,pass
572,1024 32,5 32,17,12,484285853924.955,1.5681980894868826e+16,767433,103007957,631045,152240480,51381200000000,554894467,pass
573,1024 36,5 28,17,12,484285853924.955,1.568320856210003e+16,767433,103016021,631045,152240480,57803700000000,554894467,pass
574,1024 40,5 24,17,12,484285853924.955,1.5684845451741638e+16,767433,103026773,631045,152240480,64226300000000,554894467,pass
575,1024 44,5 20,17,12,484285853924.955,1.568713709723989e+16,767433,103041826,631045,152240480,70648900000000,554894467,pass
576,1024 48,5 16,17,12,484285853924.955,1.5690574565487264e+16,767433,103064405,631045,152240480,77071500000000,554894467,pass
577,1024 16,6 48,16,13,397617061622.955,1.7034988094797564e+16,659433,103454167,602967,164662173,25690900000000,784090008,pass
578,1024 20,6 44,16,13,397617061622.955,1.7035551419062032e+16,659433,103457588,602967,164662173,32113400000000,784090008,pass
579,1024 24,6 40,16,13,397617061622.955,1.7036227408179394e+16,659433,103461694,602967,164662173,38536000000000,784090008,pass
580,1024 28,6 36,16,13,397617061622.955,1.7037053617100616e+16,659433,103466711,602967,164662173,44958600000000,784090008,pass
581,1024 32,6 32,16,13,397617061622.955,1.703808637825214e+16,659433,103472983,602967,164662173,51381200000000,784090008,pass
582,1024 36,6 28,16,13,397617061622.955,1.7039414214018382e+16,659433,103481047,602967,164662173,57803700000000,784090008,pass
583,1024 40,6 24,16,13,397617061622.955,1.7041184661706718e+16,659433,103491799,602967,164662173,64226300000000,784090008,pass
584,1024 44,6 20,16,13,397617061622.955,1.7043663288470372e+16,659433,103506852,602967,164662173,70648900000000,784090008,pass
585,1024 48,6 16,16,13,397617061622.955,1.704738122861587e+16,659433,103529431,602967,164662173,77071500000000,784090008,pass
586,1024 16,7 48,10,19,11996039062.635004,2.502182129871427e+16,94323,119237968,127179,209847766,25690900000000,1230418167,fail
587,1024 20,7 44,10,19,11996039062.635004,2.502253920700099e+16,94323,119241389,127179,209847766,32113400000000,1230418167,fail
588,1024 24,7 40,10,19,11996039062.635004,2.502340069694506e+16,94323,119245494,127179,209847766,38536000000000,1230418167,fail
589,1024 28,7 36,10,19,11996039062.635004,2.5024453629098916e+16,94323,119250512,127179,209847766,44958600000000,1230418167,fail
590,1024 32,7 32,10,19,11996039062.635004,2.5025769794291236e+16,94323,119256784,127179,209847766,51381200000000,1230418167,fail
591,1024 36,7 28,10,19,11996039062.635004,2.5027462006681364e+16,94323,119264848,127179,209847766,57803700000000,1230418167,fail
592,1024 40,7 24,10,19,11996039062.635004,2.50297182898682e+16,94323,119275600,127179,209847766,64226300000000,1230418167,fail
593,1024 44,7 20,10,19,11996039062.635004,2.5032877086329764e+16,94323,119290652,127179,209847766,70648900000000,1230418167,fail
594,1024 48,7 16,10,19,11996039062.635004,2.5037615281022124e+16,94323,119313232,127179,209847766,77071500000000,1230418167,fail
595,1024 16,8 48,0,29,0.0,2.7104858083537096e+16,0,125193735,0,216503309,25690900000000,1411362015,fail
596,1024 20,8 44,0,29,0.0,2.7126915913051268e+16,0,125295617,0,216503309,32113400000000,1411362015,fail
597,1024 24,8 40,0,29,0.0,2.7153385308468292e+16,0,125417876,0,216503309,38536000000000,1411362015,fail
598,1024 28,8 36,0,29,0.0,2.7185736791755744e+16,0,125567303,0,216503309,44958600000000,1411362015,fail
599,1024 32,8 32,0,29,0.0,2.7226176145865064e+16,0,125754087,0,216503309,51381200000000,1411362015,fail
600,1024 36,8 28,0,29,0.0,2.727816960114848e+16,0,125994238,0,216503309,57803700000000,1411362015,fail
601,1024 40,8 24,0,29,0.0,2.734749420819303e+16,0,126314439,0,216503309,64226300000000,1411362015,fail
602,1024 44,8 20,0,29,0.0,2.74445486580554e+16,0,126762721,0,216503309,70648900000000,1411362015,fail
603,1024 48,8 16,0,29,0.0,2.759013033284897e+16,0,127435143,0,216503309,77071500000000,1411362015,fail
604,1024 16,9 48,0,29,0.0,2.7104858083537096e+16,0,125193735,0,216503309,25690900000000,1411362015,fail
605,1024 20,9 44,0,29,0.0,2.7126915913051268e+16,0,125295617,0,216503309,32113400000000,1411362015,fail
606,1024 24,9 40,0,29,0.0,2.7153385308468292e+16,0,125417876,0,216503309,38536000000000,1411362015,fail
607,1024 28,9 36,0,29,0.0,2.7185736791755744e+16,0,125567303,0,216503309,44958600000000,1411362015,fail
608,1024 32,9 32,0,29,0.0,2.7226176145865064e+16,0,125754087,0,216503309,51381200000000,1411362015,fail
609,1024 36,9 28,0,29,0.0,2.727816960114848e+16,0,125994238,0,216503309,57803700000000,1411362015,fail
610,1024 40,9 24,0,29,0.0,2.734749420819303e+16,0,126314439,0,216503309,64226300000000,1411362015,fail
611,1024 44,9 20,0,29,0.0,2.74445486580554e+16,0,126762721,0,216503309,70648900000000,1411362015,fail
612,1024 48,9 16,0,29,0.0,2.759013033284897e+16,0,127435143,0,216503309,77071500000000,1411362015,fail
613,1024 16,10 48,0,29,0.0,2.7104858083537096e+16,0,125193735,0,216503309,25690900000000,1411362015,fail
614,1024 20,10 44,0,29,0.0,2.7126915913051268e+16,0,125295617,0,216503309,32113400000000,1411362015,fail
615,1024 24,10 40,0,29,0.0,2.7153385308468292e+16,0,125417876,0,216503309,38536000000000,1411362015,fail
616,1024 28,10 36,0,29,0.0,2.7185736791755744e+16,0,125567303,0,216503309,44958600000000,1411362015,fail
617,1024 32,10 32,0,29,0.0,2.7226176145865064e+16,0,125754087,0,216503309,51381200000000,1411362015,fail
618,1024 36,10 28,0,29,0.0,2.727816960114848e+16,0,125994238,0,216503309,57803700000000,1411362015,fail
619,1024 40,10 24,0,29,0.0,2.734749420819303e+16,0,126314439,0,216503309,64226300000000,1411362015,fail
620,1024 44,10 20,0,29,0.0,2.74445486580554e+16,0,126762721,0,216503309,70648900000000,1411362015,fail
621,1024 48,10 16,0,29,0.0,2.759013033284897e+16,0,127435143,0,216503309,77071500000000,1411362015,fail
622,1024 16,11 48,0,29,0.0,2.7104858083537096e+16,0,125193735,0,216503309,25690900000000,1411362015,fail
623,1024 20,11 44,0,29,0.0,2.7126915913051268e+16,0,125295617,0,216503309,32113400000000,1411362015,fail
624,1024 24,11 40,0,29,0.0,2.7153385308468292e+16,0,125417876,0,216503309,38536000000000,1411362015,fail
625,1024 28,11 36,0,29,0.0,2.7185736791755744e+16,0,125567303,0,216503309,44958600000000,1411362015,fail
626,1024 32,11 32,0,29,0.0,2.7226176145865064e+16,0,125754087,0,216503309,51381200000000,1411362015,fail
627,1024 36,11 28,0,29,0.0,2.727816960114848e+16,0,125994238,0,216503309,57803700000000,1411362015,fail
628,1024 40,11 24,0,29,0.0,2.734749420819303e+16,0,126314439,0,216503309,64226300000000,1411362015,fail
629,1024 44,11 20,0,29,0.0,2.74445486580554e+16,0,126762721,0,216503309,70648900000000,1411362015,fail
630,1024 48,11 16,0,29,0.0,2.759013033284897e+16,0,127435143,0,216503309,77071500000000,1411362015,fail
