DSE index,layers,latency,energy,area,power,"HW (pes, bw)",restraint
0,73,70563367.5,2204619.072,102762000000000.0,807605000.0,1024 64,pass
1,0,0.0,0.0,6459620000000.0,,256 16,fail
2,0,0.0,0.0,8074520000000.0,,256 20,fail
3,0,0.0,0.0,9689420000000.0,,256 24,fail
4,0,0.0,0.0,11304300000000.0,,256 28,fail
5,0,0.0,0.0,12919200000000.0,,256 32,fail
6,0,0.0,0.0,14534100000000.0,,256 36,fail
7,0,0.0,0.0,16149000000000.0,,256 40,fail
8,0,0.0,0.0,17763900000000.0,,256 44,fail
9,0,0.0,0.0,19378800000000.0,,256 48,fail
10,0,0.0,0.0,6459620000000.0,,256 16,fail
11,0,0.0,0.0,8074520000000.0,,256 20,fail
12,0,0.0,0.0,9689420000000.0,,256 24,fail
13,0,0.0,0.0,11304300000000.0,,256 28,fail
14,0,0.0,0.0,12919200000000.0,,256 32,fail
15,0,0.0,0.0,14534100000000.0,,256 36,fail
16,0,0.0,0.0,16149000000000.0,,256 40,fail
17,0,0.0,0.0,17763900000000.0,,256 44,fail
18,0,0.0,0.0,19378800000000.0,,256 48,fail
19,0,0.0,0.0,6459620000000.0,,256 16,fail
20,0,0.0,0.0,8074520000000.0,,256 20,fail
21,0,0.0,0.0,9689420000000.0,,256 24,fail
22,0,0.0,0.0,11304300000000.0,,256 28,fail
23,0,0.0,0.0,12919200000000.0,,256 32,fail
24,0,0.0,0.0,14534100000000.0,,256 36,fail
25,0,0.0,0.0,16149000000000.0,,256 40,fail
26,0,0.0,0.0,17763900000000.0,,256 44,fail
27,0,0.0,0.0,19378800000000.0,,256 48,fail
28,0,0.0,0.0,6459620000000.0,,256 16,fail
29,0,0.0,0.0,8074520000000.0,,256 20,fail
30,0,0.0,0.0,9689420000000.0,,256 24,fail
31,0,0.0,0.0,11304300000000.0,,256 28,fail
32,0,0.0,0.0,12919200000000.0,,256 32,fail
33,0,0.0,0.0,14534100000000.0,,256 36,fail
34,0,0.0,0.0,16149000000000.0,,256 40,fail
35,0,0.0,0.0,17763900000000.0,,256 44,fail
36,0,0.0,0.0,19378800000000.0,,256 48,fail
37,0,0.0,0.0,6459620000000.0,,256 16,fail
38,0,0.0,0.0,8074520000000.0,,256 20,fail
39,0,0.0,0.0,9689420000000.0,,256 24,fail
40,0,0.0,0.0,11304300000000.0,,256 28,fail
41,0,0.0,0.0,12919200000000.0,,256 32,fail
42,0,0.0,0.0,14534100000000.0,,256 36,fail
43,0,0.0,0.0,16149000000000.0,,256 40,fail
44,0,0.0,0.0,17763900000000.0,,256 44,fail
45,0,0.0,0.0,19378800000000.0,,256 48,fail
46,0,0.0,0.0,6459620000000.0,,256 16,fail
47,0,0.0,0.0,8074520000000.0,,256 20,fail
48,0,0.0,0.0,9689420000000.0,,256 24,fail
49,0,0.0,0.0,11304300000000.0,,256 28,fail
50,0,0.0,0.0,12919200000000.0,,256 32,fail
51,0,0.0,0.0,14534100000000.0,,256 36,fail
52,0,0.0,0.0,16149000000000.0,,256 40,fail
53,0,0.0,0.0,17763900000000.0,,256 44,fail
54,0,0.0,0.0,19378800000000.0,,256 48,fail
55,0,0.0,0.0,6459620000000.0,,256 16,fail
56,0,0.0,0.0,8074520000000.0,,256 20,fail
57,0,0.0,0.0,9689420000000.0,,256 24,fail
58,0,0.0,0.0,11304300000000.0,,256 28,fail
59,0,0.0,0.0,12919200000000.0,,256 32,fail
60,0,0.0,0.0,14534100000000.0,,256 36,fail
61,0,0.0,0.0,16149000000000.0,,256 40,fail
62,0,0.0,0.0,17763900000000.0,,256 44,fail
63,0,0.0,0.0,19378800000000.0,,256 48,fail
64,0,0.0,0.0,6459620000000.0,,256 16,fail
65,0,0.0,0.0,8074520000000.0,,256 20,fail
66,0,0.0,0.0,9689420000000.0,,256 24,fail
67,0,0.0,0.0,11304300000000.0,,256 28,fail
68,0,0.0,0.0,12919200000000.0,,256 32,fail
69,0,0.0,0.0,14534100000000.0,,256 36,fail
70,0,0.0,0.0,16149000000000.0,,256 40,fail
71,0,0.0,0.0,17763900000000.0,,256 44,fail
72,0,0.0,0.0,19378800000000.0,,256 48,fail
73,0,0.0,0.0,6459620000000.0,,256 16,fail
74,0,0.0,0.0,8074520000000.0,,256 20,fail
75,0,0.0,0.0,9689420000000.0,,256 24,fail
76,0,0.0,0.0,11304300000000.0,,256 28,fail
77,0,0.0,0.0,12919200000000.0,,256 32,fail
78,0,0.0,0.0,14534100000000.0,,256 36,fail
79,0,0.0,0.0,16149000000000.0,,256 40,fail
80,0,0.0,0.0,17763900000000.0,,256 44,fail
81,0,0.0,0.0,19378800000000.0,,256 48,fail
82,0,0.0,0.0,6459620000000.0,,256 16,fail
83,0,0.0,0.0,8074520000000.0,,256 20,fail
84,0,0.0,0.0,9689420000000.0,,256 24,fail
85,0,0.0,0.0,11304300000000.0,,256 28,fail
86,0,0.0,0.0,12919200000000.0,,256 32,fail
87,0,0.0,0.0,14534100000000.0,,256 36,fail
88,0,0.0,0.0,16149000000000.0,,256 40,fail
89,0,0.0,0.0,17763900000000.0,,256 44,fail
90,0,0.0,0.0,19378800000000.0,,256 48,fail
91,0,0.0,0.0,6459620000000.0,,256 16,fail
92,0,0.0,0.0,8074520000000.0,,256 20,fail
93,0,0.0,0.0,9689420000000.0,,256 24,fail
94,0,0.0,0.0,11304300000000.0,,256 28,fail
95,0,0.0,0.0,12919200000000.0,,256 32,fail
96,0,0.0,0.0,14534100000000.0,,256 36,fail
97,0,0.0,0.0,16149000000000.0,,256 40,fail
98,0,0.0,0.0,17763900000000.0,,256 44,fail
99,0,0.0,0.0,19378800000000.0,,256 48,fail
100,0,0.0,0.0,6459620000000.0,,256 16,fail
101,0,0.0,0.0,8074520000000.0,,256 20,fail
102,0,0.0,0.0,9689420000000.0,,256 24,fail
103,0,0.0,0.0,11304300000000.0,,256 28,fail
104,0,0.0,0.0,12919200000000.0,,256 32,fail
105,0,0.0,0.0,14534100000000.0,,256 36,fail
106,0,0.0,0.0,16149000000000.0,,256 40,fail
107,0,0.0,0.0,17763900000000.0,,256 44,fail
108,0,0.0,0.0,19378800000000.0,,256 48,fail
109,0,0.0,0.0,6459620000000.0,,256 16,fail
110,0,0.0,0.0,8074520000000.0,,256 20,fail
111,0,0.0,0.0,9689420000000.0,,256 24,fail
112,0,0.0,0.0,11304300000000.0,,256 28,fail
113,0,0.0,0.0,12919200000000.0,,256 32,fail
114,0,0.0,0.0,14534100000000.0,,256 36,fail
115,0,0.0,0.0,16149000000000.0,,256 40,fail
116,0,0.0,0.0,17763900000000.0,,256 44,fail
117,0,0.0,0.0,19378800000000.0,,256 48,fail
118,0,0.0,0.0,6459620000000.0,,256 16,fail
119,0,0.0,0.0,8074520000000.0,,256 20,fail
120,0,0.0,0.0,9689420000000.0,,256 24,fail
121,0,0.0,0.0,11304300000000.0,,256 28,fail
122,0,0.0,0.0,12919200000000.0,,256 32,fail
123,0,0.0,0.0,14534100000000.0,,256 36,fail
124,0,0.0,0.0,16149000000000.0,,256 40,fail
125,0,0.0,0.0,17763900000000.0,,256 44,fail
126,0,0.0,0.0,19378800000000.0,,256 48,fail
127,0,0.0,0.0,6459620000000.0,,256 16,fail
128,0,0.0,0.0,8074520000000.0,,256 20,fail
129,0,0.0,0.0,9689420000000.0,,256 24,fail
130,0,0.0,0.0,11304300000000.0,,256 28,fail
131,0,0.0,0.0,12919200000000.0,,256 32,fail
132,0,0.0,0.0,14534100000000.0,,256 36,fail
133,0,0.0,0.0,16149000000000.0,,256 40,fail
134,0,0.0,0.0,17763900000000.0,,256 44,fail
135,0,0.0,0.0,19378800000000.0,,256 48,fail
136,0,0.0,0.0,6459620000000.0,,256 16,fail
137,0,0.0,0.0,8074520000000.0,,256 20,fail
138,0,0.0,0.0,9689420000000.0,,256 24,fail
139,0,0.0,0.0,11304300000000.0,,256 28,fail
140,0,0.0,0.0,12919200000000.0,,256 32,fail
141,0,0.0,0.0,14534100000000.0,,256 36,fail
142,0,0.0,0.0,16149000000000.0,,256 40,fail
143,0,0.0,0.0,17763900000000.0,,256 44,fail
144,0,0.0,0.0,19378800000000.0,,256 48,fail
145,0,0.0,0.0,6459620000000.0,,256 16,fail
146,0,0.0,0.0,8074520000000.0,,256 20,fail
147,0,0.0,0.0,9689420000000.0,,256 24,fail
148,0,0.0,0.0,11304300000000.0,,256 28,fail
149,0,0.0,0.0,12919200000000.0,,256 32,fail
150,0,0.0,0.0,14534100000000.0,,256 36,fail
151,0,0.0,0.0,16149000000000.0,,256 40,fail
152,0,0.0,0.0,17763900000000.0,,256 44,fail
153,0,0.0,0.0,19378800000000.0,,256 48,fail
154,0,0.0,0.0,6459620000000.0,,256 16,fail
155,0,0.0,0.0,8074520000000.0,,256 20,fail
156,0,0.0,0.0,9689420000000.0,,256 24,fail
157,0,0.0,0.0,11304300000000.0,,256 28,fail
158,0,0.0,0.0,12919200000000.0,,256 32,fail
159,0,0.0,0.0,14534100000000.0,,256 36,fail
160,0,0.0,0.0,16149000000000.0,,256 40,fail
161,0,0.0,0.0,17763900000000.0,,256 44,fail
162,0,0.0,0.0,19378800000000.0,,256 48,fail
163,0,0.0,0.0,6459620000000.0,,256 16,fail
164,0,0.0,0.0,8074520000000.0,,256 20,fail
165,0,0.0,0.0,9689420000000.0,,256 24,fail
166,0,0.0,0.0,11304300000000.0,,256 28,fail
167,0,0.0,0.0,12919200000000.0,,256 32,fail
168,0,0.0,0.0,14534100000000.0,,256 36,fail
169,0,0.0,0.0,16149000000000.0,,256 40,fail
170,0,0.0,0.0,17763900000000.0,,256 44,fail
171,0,0.0,0.0,19378800000000.0,,256 48,fail
172,0,0.0,0.0,9664790000000.0,,384 16,fail
173,0,0.0,0.0,12081000000000.0,,384 20,fail
174,0,0.0,0.0,14497100000000.0,,384 24,fail
175,0,0.0,0.0,16913300000000.0,,384 28,fail
176,0,0.0,0.0,19329500000000.0,,384 32,fail
177,0,0.0,0.0,21745700000000.0,,384 36,fail
178,0,0.0,0.0,24161900000000.0,,384 40,fail
179,0,0.0,0.0,26578000000000.0,,384 44,fail
180,0,0.0,0.0,28994200000000.0,,384 48,fail
181,0,0.0,0.0,9664790000000.0,,384 16,fail
182,0,0.0,0.0,12081000000000.0,,384 20,fail
183,0,0.0,0.0,14497100000000.0,,384 24,fail
184,0,0.0,0.0,16913300000000.0,,384 28,fail
185,0,0.0,0.0,19329500000000.0,,384 32,fail
186,0,0.0,0.0,21745700000000.0,,384 36,fail
187,0,0.0,0.0,24161900000000.0,,384 40,fail
188,0,0.0,0.0,26578000000000.0,,384 44,fail
189,0,0.0,0.0,28994200000000.0,,384 48,fail
190,0,0.0,0.0,9664790000000.0,,384 16,fail
191,0,0.0,0.0,12081000000000.0,,384 20,fail
192,0,0.0,0.0,14497100000000.0,,384 24,fail
193,0,0.0,0.0,16913300000000.0,,384 28,fail
194,0,0.0,0.0,19329500000000.0,,384 32,fail
195,0,0.0,0.0,21745700000000.0,,384 36,fail
196,0,0.0,0.0,24161900000000.0,,384 40,fail
197,0,0.0,0.0,26578000000000.0,,384 44,fail
198,0,0.0,0.0,28994200000000.0,,384 48,fail
199,0,0.0,0.0,9664790000000.0,,384 16,fail
200,0,0.0,0.0,12081000000000.0,,384 20,fail
201,0,0.0,0.0,14497100000000.0,,384 24,fail
202,0,0.0,0.0,16913300000000.0,,384 28,fail
203,0,0.0,0.0,19329500000000.0,,384 32,fail
204,0,0.0,0.0,21745700000000.0,,384 36,fail
205,0,0.0,0.0,24161900000000.0,,384 40,fail
206,0,0.0,0.0,26578000000000.0,,384 44,fail
207,0,0.0,0.0,28994200000000.0,,384 48,fail
208,0,0.0,0.0,9664790000000.0,,384 16,fail
209,0,0.0,0.0,12081000000000.0,,384 20,fail
210,0,0.0,0.0,14497100000000.0,,384 24,fail
211,0,0.0,0.0,16913300000000.0,,384 28,fail
212,0,0.0,0.0,19329500000000.0,,384 32,fail
213,0,0.0,0.0,21745700000000.0,,384 36,fail
214,0,0.0,0.0,24161900000000.0,,384 40,fail
215,0,0.0,0.0,26578000000000.0,,384 44,fail
216,0,0.0,0.0,28994200000000.0,,384 48,fail
217,0,0.0,0.0,9664790000000.0,,384 16,fail
218,0,0.0,0.0,12081000000000.0,,384 20,fail
219,0,0.0,0.0,14497100000000.0,,384 24,fail
220,0,0.0,0.0,16913300000000.0,,384 28,fail
221,0,0.0,0.0,19329500000000.0,,384 32,fail
222,0,0.0,0.0,21745700000000.0,,384 36,fail
223,0,0.0,0.0,24161900000000.0,,384 40,fail
224,0,0.0,0.0,26578000000000.0,,384 44,fail
225,0,0.0,0.0,28994200000000.0,,384 48,fail
226,0,0.0,0.0,9664790000000.0,,384 16,fail
227,0,0.0,0.0,12081000000000.0,,384 20,fail
228,0,0.0,0.0,14497100000000.0,,384 24,fail
229,0,0.0,0.0,16913300000000.0,,384 28,fail
230,0,0.0,0.0,19329500000000.0,,384 32,fail
231,0,0.0,0.0,21745700000000.0,,384 36,fail
232,0,0.0,0.0,24161900000000.0,,384 40,fail
233,0,0.0,0.0,26578000000000.0,,384 44,fail
234,0,0.0,0.0,28994200000000.0,,384 48,fail
235,0,0.0,0.0,9664790000000.0,,384 16,fail
236,0,0.0,0.0,12081000000000.0,,384 20,fail
237,0,0.0,0.0,14497100000000.0,,384 24,fail
238,0,0.0,0.0,16913300000000.0,,384 28,fail
239,0,0.0,0.0,19329500000000.0,,384 32,fail
240,0,0.0,0.0,21745700000000.0,,384 36,fail
241,0,0.0,0.0,24161900000000.0,,384 40,fail
242,0,0.0,0.0,26578000000000.0,,384 44,fail
243,0,0.0,0.0,28994200000000.0,,384 48,fail
244,0,0.0,0.0,9664790000000.0,,384 16,fail
245,0,0.0,0.0,12081000000000.0,,384 20,fail
246,0,0.0,0.0,14497100000000.0,,384 24,fail
247,0,0.0,0.0,16913300000000.0,,384 28,fail
248,0,0.0,0.0,19329500000000.0,,384 32,fail
249,0,0.0,0.0,21745700000000.0,,384 36,fail
250,0,0.0,0.0,24161900000000.0,,384 40,fail
251,0,0.0,0.0,26578000000000.0,,384 44,fail
252,0,0.0,0.0,28994200000000.0,,384 48,fail
253,0,0.0,0.0,9664790000000.0,,384 16,fail
254,0,0.0,0.0,12081000000000.0,,384 20,fail
255,0,0.0,0.0,14497100000000.0,,384 24,fail
256,0,0.0,0.0,16913300000000.0,,384 28,fail
257,0,0.0,0.0,19329500000000.0,,384 32,fail
258,0,0.0,0.0,21745700000000.0,,384 36,fail
259,0,0.0,0.0,24161900000000.0,,384 40,fail
260,0,0.0,0.0,26578000000000.0,,384 44,fail
261,0,0.0,0.0,28994200000000.0,,384 48,fail
262,0,0.0,0.0,9664790000000.0,,384 16,fail
263,0,0.0,0.0,12081000000000.0,,384 20,fail
264,0,0.0,0.0,14497100000000.0,,384 24,fail
265,0,0.0,0.0,16913300000000.0,,384 28,fail
266,0,0.0,0.0,19329500000000.0,,384 32,fail
267,0,0.0,0.0,21745700000000.0,,384 36,fail
268,0,0.0,0.0,24161900000000.0,,384 40,fail
269,0,0.0,0.0,26578000000000.0,,384 44,fail
270,0,0.0,0.0,28994200000000.0,,384 48,fail
271,0,0.0,0.0,9664790000000.0,,384 16,fail
272,0,0.0,0.0,12081000000000.0,,384 20,fail
273,0,0.0,0.0,14497100000000.0,,384 24,fail
274,0,0.0,0.0,16913300000000.0,,384 28,fail
275,0,0.0,0.0,19329500000000.0,,384 32,fail
276,0,0.0,0.0,21745700000000.0,,384 36,fail
277,0,0.0,0.0,24161900000000.0,,384 40,fail
278,0,0.0,0.0,26578000000000.0,,384 44,fail
279,0,0.0,0.0,28994200000000.0,,384 48,fail
280,0,0.0,0.0,9664790000000.0,,384 16,fail
281,0,0.0,0.0,12081000000000.0,,384 20,fail
282,0,0.0,0.0,14497100000000.0,,384 24,fail
283,0,0.0,0.0,16913300000000.0,,384 28,fail
284,0,0.0,0.0,19329500000000.0,,384 32,fail
285,0,0.0,0.0,21745700000000.0,,384 36,fail
286,0,0.0,0.0,24161900000000.0,,384 40,fail
287,0,0.0,0.0,26578000000000.0,,384 44,fail
288,0,0.0,0.0,28994200000000.0,,384 48,fail
289,0,0.0,0.0,9664790000000.0,,384 16,fail
290,0,0.0,0.0,12081000000000.0,,384 20,fail
291,0,0.0,0.0,14497100000000.0,,384 24,fail
292,0,0.0,0.0,16913300000000.0,,384 28,fail
293,0,0.0,0.0,19329500000000.0,,384 32,fail
294,0,0.0,0.0,21745700000000.0,,384 36,fail
295,0,0.0,0.0,24161900000000.0,,384 40,fail
296,0,0.0,0.0,26578000000000.0,,384 44,fail
297,0,0.0,0.0,28994200000000.0,,384 48,fail
298,0,0.0,0.0,9664790000000.0,,384 16,fail
299,0,0.0,0.0,12081000000000.0,,384 20,fail
300,0,0.0,0.0,14497100000000.0,,384 24,fail
301,0,0.0,0.0,16913300000000.0,,384 28,fail
302,0,0.0,0.0,19329500000000.0,,384 32,fail
303,0,0.0,0.0,21745700000000.0,,384 36,fail
304,0,0.0,0.0,24161900000000.0,,384 40,fail
305,0,0.0,0.0,26578000000000.0,,384 44,fail
306,0,0.0,0.0,28994200000000.0,,384 48,fail
307,0,0.0,0.0,9664790000000.0,,384 16,fail
308,0,0.0,0.0,12081000000000.0,,384 20,fail
309,0,0.0,0.0,14497100000000.0,,384 24,fail
310,0,0.0,0.0,16913300000000.0,,384 28,fail
311,0,0.0,0.0,19329500000000.0,,384 32,fail
312,0,0.0,0.0,21745700000000.0,,384 36,fail
313,0,0.0,0.0,24161900000000.0,,384 40,fail
314,0,0.0,0.0,26578000000000.0,,384 44,fail
315,0,0.0,0.0,28994200000000.0,,384 48,fail
316,0,0.0,0.0,9664790000000.0,,384 16,fail
317,0,0.0,0.0,12081000000000.0,,384 20,fail
318,0,0.0,0.0,14497100000000.0,,384 24,fail
319,0,0.0,0.0,16913300000000.0,,384 28,fail
320,0,0.0,0.0,19329500000000.0,,384 32,fail
321,0,0.0,0.0,21745700000000.0,,384 36,fail
322,0,0.0,0.0,24161900000000.0,,384 40,fail
323,0,0.0,0.0,26578000000000.0,,384 44,fail
324,0,0.0,0.0,28994200000000.0,,384 48,fail
325,0,0.0,0.0,9664790000000.0,,384 16,fail
326,0,0.0,0.0,12081000000000.0,,384 20,fail
327,0,0.0,0.0,14497100000000.0,,384 24,fail
328,0,0.0,0.0,16913300000000.0,,384 28,fail
329,0,0.0,0.0,19329500000000.0,,384 32,fail
330,0,0.0,0.0,21745700000000.0,,384 36,fail
331,0,0.0,0.0,24161900000000.0,,384 40,fail
332,0,0.0,0.0,26578000000000.0,,384 44,fail
333,0,0.0,0.0,28994200000000.0,,384 48,fail
334,0,0.0,0.0,9664790000000.0,,384 16,fail
335,0,0.0,0.0,12081000000000.0,,384 20,fail
336,0,0.0,0.0,14497100000000.0,,384 24,fail
337,0,0.0,0.0,16913300000000.0,,384 28,fail
338,0,0.0,0.0,19329500000000.0,,384 32,fail
339,0,0.0,0.0,21745700000000.0,,384 36,fail
340,0,0.0,0.0,24161900000000.0,,384 40,fail
341,0,0.0,0.0,26578000000000.0,,384 44,fail
342,0,0.0,0.0,28994200000000.0,,384 48,fail
343,0,0.0,0.0,12870000000000.0,,512 16,fail
344,0,0.0,0.0,16087400000000.0,,512 20,fail
345,0,0.0,0.0,19304900000000.0,,512 24,fail
346,0,0.0,0.0,22522300000000.0,,512 28,fail
347,0,0.0,0.0,25739800000000.0,,512 32,fail
348,0,0.0,0.0,28957300000000.0,,512 36,fail
349,0,0.0,0.0,32174700000000.0,,512 40,fail
350,0,0.0,0.0,35392200000000.0,,512 44,fail
351,0,0.0,0.0,38609600000000.0,,512 48,fail
352,0,0.0,0.0,12870000000000.0,,512 16,fail
353,0,0.0,0.0,16087400000000.0,,512 20,fail
354,0,0.0,0.0,19304900000000.0,,512 24,fail
355,0,0.0,0.0,22522300000000.0,,512 28,fail
356,0,0.0,0.0,25739800000000.0,,512 32,fail
357,0,0.0,0.0,28957300000000.0,,512 36,fail
358,0,0.0,0.0,32174700000000.0,,512 40,fail
359,0,0.0,0.0,35392200000000.0,,512 44,fail
360,0,0.0,0.0,38609600000000.0,,512 48,fail
361,0,0.0,0.0,12870000000000.0,,512 16,fail
362,0,0.0,0.0,16087400000000.0,,512 20,fail
363,0,0.0,0.0,19304900000000.0,,512 24,fail
364,0,0.0,0.0,22522300000000.0,,512 28,fail
365,0,0.0,0.0,25739800000000.0,,512 32,fail
366,0,0.0,0.0,28957300000000.0,,512 36,fail
367,0,0.0,0.0,32174700000000.0,,512 40,fail
368,0,0.0,0.0,35392200000000.0,,512 44,fail
369,0,0.0,0.0,38609600000000.0,,512 48,fail
370,0,0.0,0.0,12870000000000.0,,512 16,fail
371,0,0.0,0.0,16087400000000.0,,512 20,fail
372,0,0.0,0.0,19304900000000.0,,512 24,fail
373,0,0.0,0.0,22522300000000.0,,512 28,fail
374,0,0.0,0.0,25739800000000.0,,512 32,fail
375,0,0.0,0.0,28957300000000.0,,512 36,fail
376,0,0.0,0.0,32174700000000.0,,512 40,fail
377,0,0.0,0.0,35392200000000.0,,512 44,fail
378,0,0.0,0.0,38609600000000.0,,512 48,fail
379,0,0.0,0.0,12870000000000.0,,512 16,fail
380,0,0.0,0.0,16087400000000.0,,512 20,fail
381,0,0.0,0.0,19304900000000.0,,512 24,fail
382,0,0.0,0.0,22522300000000.0,,512 28,fail
383,0,0.0,0.0,25739800000000.0,,512 32,fail
384,0,0.0,0.0,28957300000000.0,,512 36,fail
385,0,0.0,0.0,32174700000000.0,,512 40,fail
386,0,0.0,0.0,35392200000000.0,,512 44,fail
387,0,0.0,0.0,38609600000000.0,,512 48,fail
388,0,0.0,0.0,12870000000000.0,,512 16,fail
389,0,0.0,0.0,16087400000000.0,,512 20,fail
390,0,0.0,0.0,19304900000000.0,,512 24,fail
391,0,0.0,0.0,22522300000000.0,,512 28,fail
392,0,0.0,0.0,25739800000000.0,,512 32,fail
393,0,0.0,0.0,28957300000000.0,,512 36,fail
394,0,0.0,0.0,32174700000000.0,,512 40,fail
395,0,0.0,0.0,35392200000000.0,,512 44,fail
396,0,0.0,0.0,38609600000000.0,,512 48,fail
397,0,0.0,0.0,12870000000000.0,,512 16,fail
398,0,0.0,0.0,16087400000000.0,,512 20,fail
399,0,0.0,0.0,19304900000000.0,,512 24,fail
400,0,0.0,0.0,22522300000000.0,,512 28,fail
401,0,0.0,0.0,25739800000000.0,,512 32,fail
402,0,0.0,0.0,28957300000000.0,,512 36,fail
403,0,0.0,0.0,32174700000000.0,,512 40,fail
404,0,0.0,0.0,35392200000000.0,,512 44,fail
405,0,0.0,0.0,38609600000000.0,,512 48,fail
406,0,0.0,0.0,12870000000000.0,,512 16,fail
407,0,0.0,0.0,16087400000000.0,,512 20,fail
408,0,0.0,0.0,19304900000000.0,,512 24,fail
409,0,0.0,0.0,22522300000000.0,,512 28,fail
410,0,0.0,0.0,25739800000000.0,,512 32,fail
411,0,0.0,0.0,28957300000000.0,,512 36,fail
412,0,0.0,0.0,32174700000000.0,,512 40,fail
413,0,0.0,0.0,35392200000000.0,,512 44,fail
414,0,0.0,0.0,38609600000000.0,,512 48,fail
415,0,0.0,0.0,12870000000000.0,,512 16,fail
416,0,0.0,0.0,16087400000000.0,,512 20,fail
417,0,0.0,0.0,19304900000000.0,,512 24,fail
418,0,0.0,0.0,22522300000000.0,,512 28,fail
419,0,0.0,0.0,25739800000000.0,,512 32,fail
420,0,0.0,0.0,28957300000000.0,,512 36,fail
421,0,0.0,0.0,32174700000000.0,,512 40,fail
422,0,0.0,0.0,35392200000000.0,,512 44,fail
423,0,0.0,0.0,38609600000000.0,,512 48,fail
424,0,0.0,0.0,12870000000000.0,,512 16,fail
425,0,0.0,0.0,16087400000000.0,,512 20,fail
426,0,0.0,0.0,19304900000000.0,,512 24,fail
427,0,0.0,0.0,22522300000000.0,,512 28,fail
428,0,0.0,0.0,25739800000000.0,,512 32,fail
429,0,0.0,0.0,28957300000000.0,,512 36,fail
430,0,0.0,0.0,32174700000000.0,,512 40,fail
431,0,0.0,0.0,35392200000000.0,,512 44,fail
432,0,0.0,0.0,38609600000000.0,,512 48,fail
433,0,0.0,0.0,12870000000000.0,,512 16,fail
434,0,0.0,0.0,16087400000000.0,,512 20,fail
435,0,0.0,0.0,19304900000000.0,,512 24,fail
436,0,0.0,0.0,22522300000000.0,,512 28,fail
437,0,0.0,0.0,25739800000000.0,,512 32,fail
438,0,0.0,0.0,28957300000000.0,,512 36,fail
439,0,0.0,0.0,32174700000000.0,,512 40,fail
440,0,0.0,0.0,35392200000000.0,,512 44,fail
441,0,0.0,0.0,38609600000000.0,,512 48,fail
442,0,0.0,0.0,12870000000000.0,,512 16,fail
443,0,0.0,0.0,16087400000000.0,,512 20,fail
444,0,0.0,0.0,19304900000000.0,,512 24,fail
445,0,0.0,0.0,22522300000000.0,,512 28,fail
446,0,0.0,0.0,25739800000000.0,,512 32,fail
447,0,0.0,0.0,28957300000000.0,,512 36,fail
448,0,0.0,0.0,32174700000000.0,,512 40,fail
449,0,0.0,0.0,35392200000000.0,,512 44,fail
450,0,0.0,0.0,38609600000000.0,,512 48,fail
451,0,0.0,0.0,12870000000000.0,,512 16,fail
452,0,0.0,0.0,16087400000000.0,,512 20,fail
453,0,0.0,0.0,19304900000000.0,,512 24,fail
454,0,0.0,0.0,22522300000000.0,,512 28,fail
455,0,0.0,0.0,25739800000000.0,,512 32,fail
456,0,0.0,0.0,28957300000000.0,,512 36,fail
457,0,0.0,0.0,32174700000000.0,,512 40,fail
458,0,0.0,0.0,35392200000000.0,,512 44,fail
459,0,0.0,0.0,38609600000000.0,,512 48,fail
460,0,0.0,0.0,12870000000000.0,,512 16,fail
461,0,0.0,0.0,16087400000000.0,,512 20,fail
462,0,0.0,0.0,19304900000000.0,,512 24,fail
463,0,0.0,0.0,22522300000000.0,,512 28,fail
464,0,0.0,0.0,25739800000000.0,,512 32,fail
465,0,0.0,0.0,28957300000000.0,,512 36,fail
466,0,0.0,0.0,32174700000000.0,,512 40,fail
467,0,0.0,0.0,35392200000000.0,,512 44,fail
468,0,0.0,0.0,38609600000000.0,,512 48,fail
469,0,0.0,0.0,12870000000000.0,,512 16,fail
470,0,0.0,0.0,16087400000000.0,,512 20,fail
471,0,0.0,0.0,19304900000000.0,,512 24,fail
472,0,0.0,0.0,22522300000000.0,,512 28,fail
473,0,0.0,0.0,25739800000000.0,,512 32,fail
474,0,0.0,0.0,28957300000000.0,,512 36,fail
475,0,0.0,0.0,32174700000000.0,,512 40,fail
476,0,0.0,0.0,35392200000000.0,,512 44,fail
477,0,0.0,0.0,38609600000000.0,,512 48,fail
478,0,0.0,0.0,12870000000000.0,,512 16,fail
479,0,0.0,0.0,16087400000000.0,,512 20,fail
480,0,0.0,0.0,19304900000000.0,,512 24,fail
481,0,0.0,0.0,22522300000000.0,,512 28,fail
482,0,0.0,0.0,25739800000000.0,,512 32,fail
483,0,0.0,0.0,28957300000000.0,,512 36,fail
484,0,0.0,0.0,32174700000000.0,,512 40,fail
485,0,0.0,0.0,35392200000000.0,,512 44,fail
486,0,0.0,0.0,38609600000000.0,,512 48,fail
487,0,0.0,0.0,12870000000000.0,,512 16,fail
488,0,0.0,0.0,16087400000000.0,,512 20,fail
489,0,0.0,0.0,19304900000000.0,,512 24,fail
490,0,0.0,0.0,22522300000000.0,,512 28,fail
491,0,0.0,0.0,25739800000000.0,,512 32,fail
492,0,0.0,0.0,28957300000000.0,,512 36,fail
493,0,0.0,0.0,32174700000000.0,,512 40,fail
494,0,0.0,0.0,35392200000000.0,,512 44,fail
495,0,0.0,0.0,38609600000000.0,,512 48,fail
496,0,0.0,0.0,12870000000000.0,,512 16,fail
497,0,0.0,0.0,16087400000000.0,,512 20,fail
498,0,0.0,0.0,19304900000000.0,,512 24,fail
499,0,0.0,0.0,22522300000000.0,,512 28,fail
500,0,0.0,0.0,25739800000000.0,,512 32,fail
501,0,0.0,0.0,28957300000000.0,,512 36,fail
502,0,0.0,0.0,32174700000000.0,,512 40,fail
503,0,0.0,0.0,35392200000000.0,,512 44,fail
504,0,0.0,0.0,38609600000000.0,,512 48,fail
505,0,0.0,0.0,12870000000000.0,,512 16,fail
506,0,0.0,0.0,16087400000000.0,,512 20,fail
507,0,0.0,0.0,19304900000000.0,,512 24,fail
508,0,0.0,0.0,22522300000000.0,,512 28,fail
509,0,0.0,0.0,25739800000000.0,,512 32,fail
510,0,0.0,0.0,28957300000000.0,,512 36,fail
511,0,0.0,0.0,32174700000000.0,,512 40,fail
512,0,0.0,0.0,35392200000000.0,,512 44,fail
513,0,0.0,0.0,38609600000000.0,,512 48,fail
514,0,0.0,0.0,16075200000000.0,,640 16,fail
515,0,0.0,0.0,20093900000000.0,,640 20,fail
516,0,0.0,0.0,24112600000000.0,,640 24,fail
517,0,0.0,0.0,28131400000000.0,,640 28,fail
518,0,0.0,0.0,32150100000000.0,,640 32,fail
519,0,0.0,0.0,36168900000000.0,,640 36,fail
520,0,0.0,0.0,40187600000000.0,,640 40,fail
521,0,0.0,0.0,44206300000000.0,,640 44,fail
522,0,0.0,0.0,48225100000000.0,,640 48,fail
523,0,0.0,0.0,16075200000000.0,,640 16,fail
524,0,0.0,0.0,20093900000000.0,,640 20,fail
525,0,0.0,0.0,24112600000000.0,,640 24,fail
526,0,0.0,0.0,28131400000000.0,,640 28,fail
527,0,0.0,0.0,32150100000000.0,,640 32,fail
528,0,0.0,0.0,36168900000000.0,,640 36,fail
529,0,0.0,0.0,40187600000000.0,,640 40,fail
530,0,0.0,0.0,44206300000000.0,,640 44,fail
531,0,0.0,0.0,48225100000000.0,,640 48,fail
532,0,0.0,0.0,16075200000000.0,,640 16,fail
533,0,0.0,0.0,20093900000000.0,,640 20,fail
534,0,0.0,0.0,24112600000000.0,,640 24,fail
535,0,0.0,0.0,28131400000000.0,,640 28,fail
536,0,0.0,0.0,32150100000000.0,,640 32,fail
537,0,0.0,0.0,36168900000000.0,,640 36,fail
538,0,0.0,0.0,40187600000000.0,,640 40,fail
539,0,0.0,0.0,44206300000000.0,,640 44,fail
540,0,0.0,0.0,48225100000000.0,,640 48,fail
541,0,0.0,0.0,16075200000000.0,,640 16,fail
542,0,0.0,0.0,20093900000000.0,,640 20,fail
543,0,0.0,0.0,24112600000000.0,,640 24,fail
544,0,0.0,0.0,28131400000000.0,,640 28,fail
545,0,0.0,0.0,32150100000000.0,,640 32,fail
546,0,0.0,0.0,36168900000000.0,,640 36,fail
547,0,0.0,0.0,40187600000000.0,,640 40,fail
548,0,0.0,0.0,44206300000000.0,,640 44,fail
549,0,0.0,0.0,48225100000000.0,,640 48,fail
550,0,0.0,0.0,16075200000000.0,,640 16,fail
551,0,0.0,0.0,20093900000000.0,,640 20,fail
552,0,0.0,0.0,24112600000000.0,,640 24,fail
553,0,0.0,0.0,28131400000000.0,,640 28,fail
554,0,0.0,0.0,32150100000000.0,,640 32,fail
555,0,0.0,0.0,36168900000000.0,,640 36,fail
556,0,0.0,0.0,40187600000000.0,,640 40,fail
557,0,0.0,0.0,44206300000000.0,,640 44,fail
558,0,0.0,0.0,48225100000000.0,,640 48,fail
559,0,0.0,0.0,16075200000000.0,,640 16,fail
560,0,0.0,0.0,20093900000000.0,,640 20,fail
561,0,0.0,0.0,24112600000000.0,,640 24,fail
562,0,0.0,0.0,28131400000000.0,,640 28,fail
563,0,0.0,0.0,32150100000000.0,,640 32,fail
564,0,0.0,0.0,36168900000000.0,,640 36,fail
565,0,0.0,0.0,40187600000000.0,,640 40,fail
566,0,0.0,0.0,44206300000000.0,,640 44,fail
567,0,0.0,0.0,48225100000000.0,,640 48,fail
568,0,0.0,0.0,16075200000000.0,,640 16,fail
569,0,0.0,0.0,20093900000000.0,,640 20,fail
570,0,0.0,0.0,24112600000000.0,,640 24,fail
571,0,0.0,0.0,28131400000000.0,,640 28,fail
572,0,0.0,0.0,32150100000000.0,,640 32,fail
573,0,0.0,0.0,36168900000000.0,,640 36,fail
574,0,0.0,0.0,40187600000000.0,,640 40,fail
575,0,0.0,0.0,44206300000000.0,,640 44,fail
576,0,0.0,0.0,48225100000000.0,,640 48,fail
577,0,0.0,0.0,16075200000000.0,,640 16,fail
578,0,0.0,0.0,20093900000000.0,,640 20,fail
579,0,0.0,0.0,24112600000000.0,,640 24,fail
580,0,0.0,0.0,28131400000000.0,,640 28,fail
581,0,0.0,0.0,32150100000000.0,,640 32,fail
582,0,0.0,0.0,36168900000000.0,,640 36,fail
583,0,0.0,0.0,40187600000000.0,,640 40,fail
584,0,0.0,0.0,44206300000000.0,,640 44,fail
585,0,0.0,0.0,48225100000000.0,,640 48,fail
586,0,0.0,0.0,16075200000000.0,,640 16,fail
587,0,0.0,0.0,20093900000000.0,,640 20,fail
588,0,0.0,0.0,24112600000000.0,,640 24,fail
589,0,0.0,0.0,28131400000000.0,,640 28,fail
590,0,0.0,0.0,32150100000000.0,,640 32,fail
591,0,0.0,0.0,36168900000000.0,,640 36,fail
592,0,0.0,0.0,40187600000000.0,,640 40,fail
593,0,0.0,0.0,44206300000000.0,,640 44,fail
594,0,0.0,0.0,48225100000000.0,,640 48,fail
595,0,0.0,0.0,16075200000000.0,,640 16,fail
596,0,0.0,0.0,20093900000000.0,,640 20,fail
597,0,0.0,0.0,24112600000000.0,,640 24,fail
598,0,0.0,0.0,28131400000000.0,,640 28,fail
599,0,0.0,0.0,32150100000000.0,,640 32,fail
600,0,0.0,0.0,36168900000000.0,,640 36,fail
601,0,0.0,0.0,40187600000000.0,,640 40,fail
602,0,0.0,0.0,44206300000000.0,,640 44,fail
603,0,0.0,0.0,48225100000000.0,,640 48,fail
604,0,0.0,0.0,16075200000000.0,,640 16,fail
605,0,0.0,0.0,20093900000000.0,,640 20,fail
606,0,0.0,0.0,24112600000000.0,,640 24,fail
607,0,0.0,0.0,28131400000000.0,,640 28,fail
608,0,0.0,0.0,32150100000000.0,,640 32,fail
609,0,0.0,0.0,36168900000000.0,,640 36,fail
610,0,0.0,0.0,40187600000000.0,,640 40,fail
611,0,0.0,0.0,44206300000000.0,,640 44,fail
612,0,0.0,0.0,48225100000000.0,,640 48,fail
613,0,0.0,0.0,16075200000000.0,,640 16,fail
614,0,0.0,0.0,20093900000000.0,,640 20,fail
615,0,0.0,0.0,24112600000000.0,,640 24,fail
616,0,0.0,0.0,28131400000000.0,,640 28,fail
617,0,0.0,0.0,32150100000000.0,,640 32,fail
618,0,0.0,0.0,36168900000000.0,,640 36,fail
619,0,0.0,0.0,40187600000000.0,,640 40,fail
620,0,0.0,0.0,44206300000000.0,,640 44,fail
621,0,0.0,0.0,48225100000000.0,,640 48,fail
622,0,0.0,0.0,16075200000000.0,,640 16,fail
623,0,0.0,0.0,20093900000000.0,,640 20,fail
624,0,0.0,0.0,24112600000000.0,,640 24,fail
625,0,0.0,0.0,28131400000000.0,,640 28,fail
626,0,0.0,0.0,32150100000000.0,,640 32,fail
627,0,0.0,0.0,36168900000000.0,,640 36,fail
628,0,0.0,0.0,40187600000000.0,,640 40,fail
629,0,0.0,0.0,44206300000000.0,,640 44,fail
630,0,0.0,0.0,48225100000000.0,,640 48,fail
631,0,0.0,0.0,16075200000000.0,,640 16,fail
632,0,0.0,0.0,20093900000000.0,,640 20,fail
633,0,0.0,0.0,24112600000000.0,,640 24,fail
634,0,0.0,0.0,28131400000000.0,,640 28,fail
635,0,0.0,0.0,32150100000000.0,,640 32,fail
636,0,0.0,0.0,36168900000000.0,,640 36,fail
637,0,0.0,0.0,40187600000000.0,,640 40,fail
638,0,0.0,0.0,44206300000000.0,,640 44,fail
639,0,0.0,0.0,48225100000000.0,,640 48,fail
640,0,0.0,0.0,16075200000000.0,,640 16,fail
641,0,0.0,0.0,20093900000000.0,,640 20,fail
642,0,0.0,0.0,24112600000000.0,,640 24,fail
643,0,0.0,0.0,28131400000000.0,,640 28,fail
644,0,0.0,0.0,32150100000000.0,,640 32,fail
645,0,0.0,0.0,36168900000000.0,,640 36,fail
646,0,0.0,0.0,40187600000000.0,,640 40,fail
647,0,0.0,0.0,44206300000000.0,,640 44,fail
648,0,0.0,0.0,48225100000000.0,,640 48,fail
649,0,0.0,0.0,16075200000000.0,,640 16,fail
650,0,0.0,0.0,20093900000000.0,,640 20,fail
651,0,0.0,0.0,24112600000000.0,,640 24,fail
652,0,0.0,0.0,28131400000000.0,,640 28,fail
653,0,0.0,0.0,32150100000000.0,,640 32,fail
654,0,0.0,0.0,36168900000000.0,,640 36,fail
655,0,0.0,0.0,40187600000000.0,,640 40,fail
656,0,0.0,0.0,44206300000000.0,,640 44,fail
657,0,0.0,0.0,48225100000000.0,,640 48,fail
658,0,0.0,0.0,16075200000000.0,,640 16,fail
659,0,0.0,0.0,20093900000000.0,,640 20,fail
660,0,0.0,0.0,24112600000000.0,,640 24,fail
661,0,0.0,0.0,28131400000000.0,,640 28,fail
662,0,0.0,0.0,32150100000000.0,,640 32,fail
663,0,0.0,0.0,36168900000000.0,,640 36,fail
664,0,0.0,0.0,40187600000000.0,,640 40,fail
665,0,0.0,0.0,44206300000000.0,,640 44,fail
666,0,0.0,0.0,48225100000000.0,,640 48,fail
667,0,0.0,0.0,16075200000000.0,,640 16,fail
668,0,0.0,0.0,20093900000000.0,,640 20,fail
669,0,0.0,0.0,24112600000000.0,,640 24,fail
670,0,0.0,0.0,28131400000000.0,,640 28,fail
671,0,0.0,0.0,32150100000000.0,,640 32,fail
672,0,0.0,0.0,36168900000000.0,,640 36,fail
673,0,0.0,0.0,40187600000000.0,,640 40,fail
674,0,0.0,0.0,44206300000000.0,,640 44,fail
675,0,0.0,0.0,48225100000000.0,,640 48,fail
676,0,0.0,0.0,16075200000000.0,,640 16,fail
677,0,0.0,0.0,20093900000000.0,,640 20,fail
678,0,0.0,0.0,24112600000000.0,,640 24,fail
679,0,0.0,0.0,28131400000000.0,,640 28,fail
680,0,0.0,0.0,32150100000000.0,,640 32,fail
681,0,0.0,0.0,36168900000000.0,,640 36,fail
682,0,0.0,0.0,40187600000000.0,,640 40,fail
683,0,0.0,0.0,44206300000000.0,,640 44,fail
684,0,0.0,0.0,48225100000000.0,,640 48,fail
685,0,0.0,0.0,19280400000000.0,,768 16,fail
686,0,0.0,0.0,24100400000000.0,,768 20,fail
687,0,0.0,0.0,28920400000000.0,,768 24,fail
688,0,0.0,0.0,33740400000000.0,,768 28,fail
689,0,0.0,0.0,38560400000000.0,,768 32,fail
690,0,0.0,0.0,43380500000000.0,,768 36,fail
691,0,0.0,0.0,48200500000000.0,,768 40,fail
692,0,0.0,0.0,53020500000000.0,,768 44,fail
693,0,0.0,0.0,57840500000000.0,,768 48,fail
694,0,0.0,0.0,19280400000000.0,,768 16,fail
695,0,0.0,0.0,24100400000000.0,,768 20,fail
696,0,0.0,0.0,28920400000000.0,,768 24,fail
697,0,0.0,0.0,33740400000000.0,,768 28,fail
698,0,0.0,0.0,38560400000000.0,,768 32,fail
699,0,0.0,0.0,43380500000000.0,,768 36,fail
700,0,0.0,0.0,48200500000000.0,,768 40,fail
701,0,0.0,0.0,53020500000000.0,,768 44,fail
702,0,0.0,0.0,57840500000000.0,,768 48,fail
703,0,0.0,0.0,19280400000000.0,,768 16,fail
704,0,0.0,0.0,24100400000000.0,,768 20,fail
705,0,0.0,0.0,28920400000000.0,,768 24,fail
706,0,0.0,0.0,33740400000000.0,,768 28,fail
707,0,0.0,0.0,38560400000000.0,,768 32,fail
708,0,0.0,0.0,43380500000000.0,,768 36,fail
709,0,0.0,0.0,48200500000000.0,,768 40,fail
710,0,0.0,0.0,53020500000000.0,,768 44,fail
711,0,0.0,0.0,57840500000000.0,,768 48,fail
712,0,0.0,0.0,19280400000000.0,,768 16,fail
713,0,0.0,0.0,24100400000000.0,,768 20,fail
714,0,0.0,0.0,28920400000000.0,,768 24,fail
715,0,0.0,0.0,33740400000000.0,,768 28,fail
716,0,0.0,0.0,38560400000000.0,,768 32,fail
717,0,0.0,0.0,43380500000000.0,,768 36,fail
718,0,0.0,0.0,48200500000000.0,,768 40,fail
719,0,0.0,0.0,53020500000000.0,,768 44,fail
720,0,0.0,0.0,57840500000000.0,,768 48,fail
721,0,0.0,0.0,19280400000000.0,,768 16,fail
722,0,0.0,0.0,24100400000000.0,,768 20,fail
723,0,0.0,0.0,28920400000000.0,,768 24,fail
724,0,0.0,0.0,33740400000000.0,,768 28,fail
725,0,0.0,0.0,38560400000000.0,,768 32,fail
726,0,0.0,0.0,43380500000000.0,,768 36,fail
727,0,0.0,0.0,48200500000000.0,,768 40,fail
728,0,0.0,0.0,53020500000000.0,,768 44,fail
729,0,0.0,0.0,57840500000000.0,,768 48,fail
730,0,0.0,0.0,19280400000000.0,,768 16,fail
731,0,0.0,0.0,24100400000000.0,,768 20,fail
732,0,0.0,0.0,28920400000000.0,,768 24,fail
733,0,0.0,0.0,33740400000000.0,,768 28,fail
734,0,0.0,0.0,38560400000000.0,,768 32,fail
735,0,0.0,0.0,43380500000000.0,,768 36,fail
736,0,0.0,0.0,48200500000000.0,,768 40,fail
737,0,0.0,0.0,53020500000000.0,,768 44,fail
738,0,0.0,0.0,57840500000000.0,,768 48,fail
739,0,0.0,0.0,19280400000000.0,,768 16,fail
740,0,0.0,0.0,24100400000000.0,,768 20,fail
741,0,0.0,0.0,28920400000000.0,,768 24,fail
742,0,0.0,0.0,33740400000000.0,,768 28,fail
743,0,0.0,0.0,38560400000000.0,,768 32,fail
744,0,0.0,0.0,43380500000000.0,,768 36,fail
745,0,0.0,0.0,48200500000000.0,,768 40,fail
746,0,0.0,0.0,53020500000000.0,,768 44,fail
747,0,0.0,0.0,57840500000000.0,,768 48,fail
748,0,0.0,0.0,19280400000000.0,,768 16,fail
749,0,0.0,0.0,24100400000000.0,,768 20,fail
750,0,0.0,0.0,28920400000000.0,,768 24,fail
751,0,0.0,0.0,33740400000000.0,,768 28,fail
752,0,0.0,0.0,38560400000000.0,,768 32,fail
753,0,0.0,0.0,43380500000000.0,,768 36,fail
754,0,0.0,0.0,48200500000000.0,,768 40,fail
755,0,0.0,0.0,53020500000000.0,,768 44,fail
756,0,0.0,0.0,57840500000000.0,,768 48,fail
757,0,0.0,0.0,19280400000000.0,,768 16,fail
758,0,0.0,0.0,24100400000000.0,,768 20,fail
759,0,0.0,0.0,28920400000000.0,,768 24,fail
760,0,0.0,0.0,33740400000000.0,,768 28,fail
761,0,0.0,0.0,38560400000000.0,,768 32,fail
762,0,0.0,0.0,43380500000000.0,,768 36,fail
763,0,0.0,0.0,48200500000000.0,,768 40,fail
764,0,0.0,0.0,53020500000000.0,,768 44,fail
765,0,0.0,0.0,57840500000000.0,,768 48,fail
766,0,0.0,0.0,19280400000000.0,,768 16,fail
767,0,0.0,0.0,24100400000000.0,,768 20,fail
768,0,0.0,0.0,28920400000000.0,,768 24,fail
769,0,0.0,0.0,33740400000000.0,,768 28,fail
770,0,0.0,0.0,38560400000000.0,,768 32,fail
771,0,0.0,0.0,43380500000000.0,,768 36,fail
772,0,0.0,0.0,48200500000000.0,,768 40,fail
773,0,0.0,0.0,53020500000000.0,,768 44,fail
774,0,0.0,0.0,57840500000000.0,,768 48,fail
775,0,0.0,0.0,19280400000000.0,,768 16,fail
776,0,0.0,0.0,24100400000000.0,,768 20,fail
777,0,0.0,0.0,28920400000000.0,,768 24,fail
778,0,0.0,0.0,33740400000000.0,,768 28,fail
779,0,0.0,0.0,38560400000000.0,,768 32,fail
780,0,0.0,0.0,43380500000000.0,,768 36,fail
781,0,0.0,0.0,48200500000000.0,,768 40,fail
782,0,0.0,0.0,53020500000000.0,,768 44,fail
783,0,0.0,0.0,57840500000000.0,,768 48,fail
784,0,0.0,0.0,19280400000000.0,,768 16,fail
785,0,0.0,0.0,24100400000000.0,,768 20,fail
786,0,0.0,0.0,28920400000000.0,,768 24,fail
787,0,0.0,0.0,33740400000000.0,,768 28,fail
788,0,0.0,0.0,38560400000000.0,,768 32,fail
789,0,0.0,0.0,43380500000000.0,,768 36,fail
790,0,0.0,0.0,48200500000000.0,,768 40,fail
791,0,0.0,0.0,53020500000000.0,,768 44,fail
792,0,0.0,0.0,57840500000000.0,,768 48,fail
793,0,0.0,0.0,19280400000000.0,,768 16,fail
794,0,0.0,0.0,24100400000000.0,,768 20,fail
795,0,0.0,0.0,28920400000000.0,,768 24,fail
796,0,0.0,0.0,33740400000000.0,,768 28,fail
797,0,0.0,0.0,38560400000000.0,,768 32,fail
798,0,0.0,0.0,43380500000000.0,,768 36,fail
799,0,0.0,0.0,48200500000000.0,,768 40,fail
800,0,0.0,0.0,53020500000000.0,,768 44,fail
801,0,0.0,0.0,57840500000000.0,,768 48,fail
802,0,0.0,0.0,19280400000000.0,,768 16,fail
803,0,0.0,0.0,24100400000000.0,,768 20,fail
804,0,0.0,0.0,28920400000000.0,,768 24,fail
805,0,0.0,0.0,33740400000000.0,,768 28,fail
806,0,0.0,0.0,38560400000000.0,,768 32,fail
807,0,0.0,0.0,43380500000000.0,,768 36,fail
808,0,0.0,0.0,48200500000000.0,,768 40,fail
809,0,0.0,0.0,53020500000000.0,,768 44,fail
810,0,0.0,0.0,57840500000000.0,,768 48,fail
811,0,0.0,0.0,19280400000000.0,,768 16,fail
812,0,0.0,0.0,24100400000000.0,,768 20,fail
813,0,0.0,0.0,28920400000000.0,,768 24,fail
814,0,0.0,0.0,33740400000000.0,,768 28,fail
815,0,0.0,0.0,38560400000000.0,,768 32,fail
816,0,0.0,0.0,43380500000000.0,,768 36,fail
817,0,0.0,0.0,48200500000000.0,,768 40,fail
818,0,0.0,0.0,53020500000000.0,,768 44,fail
819,0,0.0,0.0,57840500000000.0,,768 48,fail
820,0,0.0,0.0,19280400000000.0,,768 16,fail
821,0,0.0,0.0,24100400000000.0,,768 20,fail
822,0,0.0,0.0,28920400000000.0,,768 24,fail
823,0,0.0,0.0,33740400000000.0,,768 28,fail
824,0,0.0,0.0,38560400000000.0,,768 32,fail
825,0,0.0,0.0,43380500000000.0,,768 36,fail
826,0,0.0,0.0,48200500000000.0,,768 40,fail
827,0,0.0,0.0,53020500000000.0,,768 44,fail
828,0,0.0,0.0,57840500000000.0,,768 48,fail
829,0,0.0,0.0,19280400000000.0,,768 16,fail
830,0,0.0,0.0,24100400000000.0,,768 20,fail
831,0,0.0,0.0,28920400000000.0,,768 24,fail
832,0,0.0,0.0,33740400000000.0,,768 28,fail
833,0,0.0,0.0,38560400000000.0,,768 32,fail
834,0,0.0,0.0,43380500000000.0,,768 36,fail
835,0,0.0,0.0,48200500000000.0,,768 40,fail
836,0,0.0,0.0,53020500000000.0,,768 44,fail
837,0,0.0,0.0,57840500000000.0,,768 48,fail
838,0,0.0,0.0,19280400000000.0,,768 16,fail
839,0,0.0,0.0,24100400000000.0,,768 20,fail
840,0,0.0,0.0,28920400000000.0,,768 24,fail
841,0,0.0,0.0,33740400000000.0,,768 28,fail
842,0,0.0,0.0,38560400000000.0,,768 32,fail
843,0,0.0,0.0,43380500000000.0,,768 36,fail
844,0,0.0,0.0,48200500000000.0,,768 40,fail
845,0,0.0,0.0,53020500000000.0,,768 44,fail
846,0,0.0,0.0,57840500000000.0,,768 48,fail
847,0,0.0,0.0,19280400000000.0,,768 16,fail
848,0,0.0,0.0,24100400000000.0,,768 20,fail
849,0,0.0,0.0,28920400000000.0,,768 24,fail
850,0,0.0,0.0,33740400000000.0,,768 28,fail
851,0,0.0,0.0,38560400000000.0,,768 32,fail
852,0,0.0,0.0,43380500000000.0,,768 36,fail
853,0,0.0,0.0,48200500000000.0,,768 40,fail
854,0,0.0,0.0,53020500000000.0,,768 44,fail
855,0,0.0,0.0,57840500000000.0,,768 48,fail
856,0,0.0,0.0,22485600000000.0,,896 16,fail
857,0,0.0,0.0,28106900000000.0,,896 20,fail
858,0,0.0,0.0,33728200000000.0,,896 24,fail
859,0,0.0,0.0,39349500000000.0,,896 28,fail
860,0,0.0,0.0,44970800000000.0,,896 32,fail
861,0,0.0,0.0,50592100000000.0,,896 36,fail
862,0,0.0,0.0,56213400000000.0,,896 40,fail
863,0,0.0,0.0,61834700000000.0,,896 44,fail
864,0,0.0,0.0,67456000000000.0,,896 48,fail
865,0,0.0,0.0,22485600000000.0,,896 16,fail
866,0,0.0,0.0,28106900000000.0,,896 20,fail
867,0,0.0,0.0,33728200000000.0,,896 24,fail
868,0,0.0,0.0,39349500000000.0,,896 28,fail
869,0,0.0,0.0,44970800000000.0,,896 32,fail
870,0,0.0,0.0,50592100000000.0,,896 36,fail
871,0,0.0,0.0,56213400000000.0,,896 40,fail
872,0,0.0,0.0,61834700000000.0,,896 44,fail
873,0,0.0,0.0,67456000000000.0,,896 48,fail
874,0,0.0,0.0,22485600000000.0,,896 16,fail
875,0,0.0,0.0,28106900000000.0,,896 20,fail
876,0,0.0,0.0,33728200000000.0,,896 24,fail
877,0,0.0,0.0,39349500000000.0,,896 28,fail
878,0,0.0,0.0,44970800000000.0,,896 32,fail
879,0,0.0,0.0,50592100000000.0,,896 36,fail
880,0,0.0,0.0,56213400000000.0,,896 40,fail
881,0,0.0,0.0,61834700000000.0,,896 44,fail
882,0,0.0,0.0,67456000000000.0,,896 48,fail
883,0,0.0,0.0,22485600000000.0,,896 16,fail
884,0,0.0,0.0,28106900000000.0,,896 20,fail
885,0,0.0,0.0,33728200000000.0,,896 24,fail
886,0,0.0,0.0,39349500000000.0,,896 28,fail
887,0,0.0,0.0,44970800000000.0,,896 32,fail
888,0,0.0,0.0,50592100000000.0,,896 36,fail
889,0,0.0,0.0,56213400000000.0,,896 40,fail
890,0,0.0,0.0,61834700000000.0,,896 44,fail
891,0,0.0,0.0,67456000000000.0,,896 48,fail
892,0,0.0,0.0,22485600000000.0,,896 16,fail
893,0,0.0,0.0,28106900000000.0,,896 20,fail
894,0,0.0,0.0,33728200000000.0,,896 24,fail
895,0,0.0,0.0,39349500000000.0,,896 28,fail
896,0,0.0,0.0,44970800000000.0,,896 32,fail
897,0,0.0,0.0,50592100000000.0,,896 36,fail
898,0,0.0,0.0,56213400000000.0,,896 40,fail
899,0,0.0,0.0,61834700000000.0,,896 44,fail
900,0,0.0,0.0,67456000000000.0,,896 48,fail
901,0,0.0,0.0,22485600000000.0,,896 16,fail
902,0,0.0,0.0,28106900000000.0,,896 20,fail
903,0,0.0,0.0,33728200000000.0,,896 24,fail
904,0,0.0,0.0,39349500000000.0,,896 28,fail
905,0,0.0,0.0,44970800000000.0,,896 32,fail
906,0,0.0,0.0,50592100000000.0,,896 36,fail
907,0,0.0,0.0,56213400000000.0,,896 40,fail
908,0,0.0,0.0,61834700000000.0,,896 44,fail
909,0,0.0,0.0,67456000000000.0,,896 48,fail
910,0,0.0,0.0,22485600000000.0,,896 16,fail
911,0,0.0,0.0,28106900000000.0,,896 20,fail
912,0,0.0,0.0,33728200000000.0,,896 24,fail
913,0,0.0,0.0,39349500000000.0,,896 28,fail
914,0,0.0,0.0,44970800000000.0,,896 32,fail
915,0,0.0,0.0,50592100000000.0,,896 36,fail
916,0,0.0,0.0,56213400000000.0,,896 40,fail
917,0,0.0,0.0,61834700000000.0,,896 44,fail
918,0,0.0,0.0,67456000000000.0,,896 48,fail
919,0,0.0,0.0,22485600000000.0,,896 16,fail
920,0,0.0,0.0,28106900000000.0,,896 20,fail
921,0,0.0,0.0,33728200000000.0,,896 24,fail
922,0,0.0,0.0,39349500000000.0,,896 28,fail
923,0,0.0,0.0,44970800000000.0,,896 32,fail
924,0,0.0,0.0,50592100000000.0,,896 36,fail
925,0,0.0,0.0,56213400000000.0,,896 40,fail
926,0,0.0,0.0,61834700000000.0,,896 44,fail
927,0,0.0,0.0,67456000000000.0,,896 48,fail
928,0,0.0,0.0,22485600000000.0,,896 16,fail
929,0,0.0,0.0,28106900000000.0,,896 20,fail
930,0,0.0,0.0,33728200000000.0,,896 24,fail
931,0,0.0,0.0,39349500000000.0,,896 28,fail
932,0,0.0,0.0,44970800000000.0,,896 32,fail
933,0,0.0,0.0,50592100000000.0,,896 36,fail
934,0,0.0,0.0,56213400000000.0,,896 40,fail
935,0,0.0,0.0,61834700000000.0,,896 44,fail
936,0,0.0,0.0,67456000000000.0,,896 48,fail
937,0,0.0,0.0,22485600000000.0,,896 16,fail
938,0,0.0,0.0,28106900000000.0,,896 20,fail
939,0,0.0,0.0,33728200000000.0,,896 24,fail
940,0,0.0,0.0,39349500000000.0,,896 28,fail
941,0,0.0,0.0,44970800000000.0,,896 32,fail
942,0,0.0,0.0,50592100000000.0,,896 36,fail
943,0,0.0,0.0,56213400000000.0,,896 40,fail
944,0,0.0,0.0,61834700000000.0,,896 44,fail
945,0,0.0,0.0,67456000000000.0,,896 48,fail
946,0,0.0,0.0,22485600000000.0,,896 16,fail
947,0,0.0,0.0,28106900000000.0,,896 20,fail
948,0,0.0,0.0,33728200000000.0,,896 24,fail
949,0,0.0,0.0,39349500000000.0,,896 28,fail
950,0,0.0,0.0,44970800000000.0,,896 32,fail
951,0,0.0,0.0,50592100000000.0,,896 36,fail
952,0,0.0,0.0,56213400000000.0,,896 40,fail
953,0,0.0,0.0,61834700000000.0,,896 44,fail
954,0,0.0,0.0,67456000000000.0,,896 48,fail
955,0,0.0,0.0,22485600000000.0,,896 16,fail
956,0,0.0,0.0,28106900000000.0,,896 20,fail
957,0,0.0,0.0,33728200000000.0,,896 24,fail
958,0,0.0,0.0,39349500000000.0,,896 28,fail
959,0,0.0,0.0,44970800000000.0,,896 32,fail
960,0,0.0,0.0,50592100000000.0,,896 36,fail
961,0,0.0,0.0,56213400000000.0,,896 40,fail
962,0,0.0,0.0,61834700000000.0,,896 44,fail
963,0,0.0,0.0,67456000000000.0,,896 48,fail
964,0,0.0,0.0,22485600000000.0,,896 16,fail
965,0,0.0,0.0,28106900000000.0,,896 20,fail
966,0,0.0,0.0,33728200000000.0,,896 24,fail
967,0,0.0,0.0,39349500000000.0,,896 28,fail
968,0,0.0,0.0,44970800000000.0,,896 32,fail
969,0,0.0,0.0,50592100000000.0,,896 36,fail
970,0,0.0,0.0,56213400000000.0,,896 40,fail
971,0,0.0,0.0,61834700000000.0,,896 44,fail
972,0,0.0,0.0,67456000000000.0,,896 48,fail
973,0,0.0,0.0,22485600000000.0,,896 16,fail
974,0,0.0,0.0,28106900000000.0,,896 20,fail
975,0,0.0,0.0,33728200000000.0,,896 24,fail
976,0,0.0,0.0,39349500000000.0,,896 28,fail
977,0,0.0,0.0,44970800000000.0,,896 32,fail
978,0,0.0,0.0,50592100000000.0,,896 36,fail
979,0,0.0,0.0,56213400000000.0,,896 40,fail
980,0,0.0,0.0,61834700000000.0,,896 44,fail
981,0,0.0,0.0,67456000000000.0,,896 48,fail
982,0,0.0,0.0,22485600000000.0,,896 16,fail
983,0,0.0,0.0,28106900000000.0,,896 20,fail
984,0,0.0,0.0,33728200000000.0,,896 24,fail
985,0,0.0,0.0,39349500000000.0,,896 28,fail
986,0,0.0,0.0,44970800000000.0,,896 32,fail
987,0,0.0,0.0,50592100000000.0,,896 36,fail
988,0,0.0,0.0,56213400000000.0,,896 40,fail
989,0,0.0,0.0,61834700000000.0,,896 44,fail
990,0,0.0,0.0,67456000000000.0,,896 48,fail
991,0,0.0,0.0,22485600000000.0,,896 16,fail
992,0,0.0,0.0,28106900000000.0,,896 20,fail
993,0,0.0,0.0,33728200000000.0,,896 24,fail
994,0,0.0,0.0,39349500000000.0,,896 28,fail
995,0,0.0,0.0,44970800000000.0,,896 32,fail
996,0,0.0,0.0,50592100000000.0,,896 36,fail
997,0,0.0,0.0,56213400000000.0,,896 40,fail
998,0,0.0,0.0,61834700000000.0,,896 44,fail
999,0,0.0,0.0,67456000000000.0,,896 48,fail
1000,0,0.0,0.0,22485600000000.0,,896 16,fail
1001,0,0.0,0.0,28106900000000.0,,896 20,fail
1002,0,0.0,0.0,33728200000000.0,,896 24,fail
1003,0,0.0,0.0,39349500000000.0,,896 28,fail
1004,0,0.0,0.0,44970800000000.0,,896 32,fail
1005,0,0.0,0.0,50592100000000.0,,896 36,fail
1006,0,0.0,0.0,56213400000000.0,,896 40,fail
1007,0,0.0,0.0,61834700000000.0,,896 44,fail
1008,0,0.0,0.0,67456000000000.0,,896 48,fail
1009,0,0.0,0.0,22485600000000.0,,896 16,fail
1010,0,0.0,0.0,28106900000000.0,,896 20,fail
1011,0,0.0,0.0,33728200000000.0,,896 24,fail
1012,0,0.0,0.0,39349500000000.0,,896 28,fail
1013,0,0.0,0.0,44970800000000.0,,896 32,fail
1014,0,0.0,0.0,50592100000000.0,,896 36,fail
1015,0,0.0,0.0,56213400000000.0,,896 40,fail
1016,0,0.0,0.0,61834700000000.0,,896 44,fail
1017,0,0.0,0.0,67456000000000.0,,896 48,fail
1018,0,0.0,0.0,22485600000000.0,,896 16,fail
1019,0,0.0,0.0,28106900000000.0,,896 20,fail
1020,0,0.0,0.0,33728200000000.0,,896 24,fail
1021,0,0.0,0.0,39349500000000.0,,896 28,fail
1022,0,0.0,0.0,44970800000000.0,,896 32,fail
1023,0,0.0,0.0,50592100000000.0,,896 36,fail
1024,0,0.0,0.0,56213400000000.0,,896 40,fail
1025,0,0.0,0.0,61834700000000.0,,896 44,fail
1026,0,0.0,0.0,67456000000000.0,,896 48,fail
1027,0,0.0,0.0,25690900000000.0,,1024 16,fail
1028,0,0.0,0.0,32113400000000.0,,1024 20,fail
1029,0,0.0,0.0,38536000000000.0,,1024 24,fail
1030,0,0.0,0.0,44958600000000.0,,1024 28,fail
1031,0,0.0,0.0,51381200000000.0,,1024 32,fail
1032,0,0.0,0.0,57803700000000.0,,1024 36,fail
1033,0,0.0,0.0,64226300000000.0,,1024 40,fail
1034,0,0.0,0.0,70648900000000.0,,1024 44,fail
1035,0,0.0,0.0,77071500000000.0,,1024 48,fail
1036,0,0.0,0.0,25690900000000.0,,1024 16,fail
1037,0,0.0,0.0,32113400000000.0,,1024 20,fail
1038,0,0.0,0.0,38536000000000.0,,1024 24,fail
1039,0,0.0,0.0,44958600000000.0,,1024 28,fail
1040,0,0.0,0.0,51381200000000.0,,1024 32,fail
1041,0,0.0,0.0,57803700000000.0,,1024 36,fail
1042,0,0.0,0.0,64226300000000.0,,1024 40,fail
1043,0,0.0,0.0,70648900000000.0,,1024 44,fail
1044,0,0.0,0.0,77071500000000.0,,1024 48,fail
1045,0,0.0,0.0,25690900000000.0,,1024 16,fail
1046,0,0.0,0.0,32113400000000.0,,1024 20,fail
1047,0,0.0,0.0,38536000000000.0,,1024 24,fail
1048,0,0.0,0.0,44958600000000.0,,1024 28,fail
1049,0,0.0,0.0,51381200000000.0,,1024 32,fail
1050,0,0.0,0.0,57803700000000.0,,1024 36,fail
1051,0,0.0,0.0,64226300000000.0,,1024 40,fail
1052,0,0.0,0.0,70648900000000.0,,1024 44,fail
1053,0,0.0,0.0,77071500000000.0,,1024 48,fail
1054,0,0.0,0.0,25690900000000.0,,1024 16,fail
1055,0,0.0,0.0,32113400000000.0,,1024 20,fail
1056,0,0.0,0.0,38536000000000.0,,1024 24,fail
1057,0,0.0,0.0,44958600000000.0,,1024 28,fail
1058,0,0.0,0.0,51381200000000.0,,1024 32,fail
1059,0,0.0,0.0,57803700000000.0,,1024 36,fail
1060,0,0.0,0.0,64226300000000.0,,1024 40,fail
1061,0,0.0,0.0,70648900000000.0,,1024 44,fail
1062,0,0.0,0.0,77071500000000.0,,1024 48,fail
1063,0,0.0,0.0,25690900000000.0,,1024 16,fail
1064,0,0.0,0.0,32113400000000.0,,1024 20,fail
1065,0,0.0,0.0,38536000000000.0,,1024 24,fail
1066,0,0.0,0.0,44958600000000.0,,1024 28,fail
1067,0,0.0,0.0,51381200000000.0,,1024 32,fail
1068,0,0.0,0.0,57803700000000.0,,1024 36,fail
1069,0,0.0,0.0,64226300000000.0,,1024 40,fail
1070,0,0.0,0.0,70648900000000.0,,1024 44,fail
1071,0,0.0,0.0,77071500000000.0,,1024 48,fail
1072,0,0.0,0.0,25690900000000.0,,1024 16,fail
1073,0,0.0,0.0,32113400000000.0,,1024 20,fail
1074,0,0.0,0.0,38536000000000.0,,1024 24,fail
1075,0,0.0,0.0,44958600000000.0,,1024 28,fail
1076,0,0.0,0.0,51381200000000.0,,1024 32,fail
1077,0,0.0,0.0,57803700000000.0,,1024 36,fail
1078,0,0.0,0.0,64226300000000.0,,1024 40,fail
1079,0,0.0,0.0,70648900000000.0,,1024 44,fail
1080,0,0.0,0.0,77071500000000.0,,1024 48,fail
1081,0,0.0,0.0,25690900000000.0,,1024 16,fail
1082,0,0.0,0.0,32113400000000.0,,1024 20,fail
1083,0,0.0,0.0,38536000000000.0,,1024 24,fail
1084,0,0.0,0.0,44958600000000.0,,1024 28,fail
1085,0,0.0,0.0,51381200000000.0,,1024 32,fail
1086,0,0.0,0.0,57803700000000.0,,1024 36,fail
1087,0,0.0,0.0,64226300000000.0,,1024 40,fail
1088,0,0.0,0.0,70648900000000.0,,1024 44,fail
1089,0,0.0,0.0,77071500000000.0,,1024 48,fail
1090,0,0.0,0.0,25690900000000.0,,1024 16,fail
1091,0,0.0,0.0,32113400000000.0,,1024 20,fail
1092,0,0.0,0.0,38536000000000.0,,1024 24,fail
1093,0,0.0,0.0,44958600000000.0,,1024 28,fail
1094,0,0.0,0.0,51381200000000.0,,1024 32,fail
1095,0,0.0,0.0,57803700000000.0,,1024 36,fail
1096,0,0.0,0.0,64226300000000.0,,1024 40,fail
1097,0,0.0,0.0,70648900000000.0,,1024 44,fail
1098,0,0.0,0.0,77071500000000.0,,1024 48,fail
1099,0,0.0,0.0,25690900000000.0,,1024 16,fail
1100,0,0.0,0.0,32113400000000.0,,1024 20,fail
1101,0,0.0,0.0,38536000000000.0,,1024 24,fail
1102,0,0.0,0.0,44958600000000.0,,1024 28,fail
1103,0,0.0,0.0,51381200000000.0,,1024 32,fail
1104,0,0.0,0.0,57803700000000.0,,1024 36,fail
1105,0,0.0,0.0,64226300000000.0,,1024 40,fail
1106,0,0.0,0.0,70648900000000.0,,1024 44,fail
1107,0,0.0,0.0,77071500000000.0,,1024 48,fail
1108,0,0.0,0.0,25690900000000.0,,1024 16,fail
1109,0,0.0,0.0,32113400000000.0,,1024 20,fail
1110,0,0.0,0.0,38536000000000.0,,1024 24,fail
1111,0,0.0,0.0,44958600000000.0,,1024 28,fail
1112,0,0.0,0.0,51381200000000.0,,1024 32,fail
1113,0,0.0,0.0,57803700000000.0,,1024 36,fail
1114,0,0.0,0.0,64226300000000.0,,1024 40,fail
1115,0,0.0,0.0,70648900000000.0,,1024 44,fail
1116,0,0.0,0.0,77071500000000.0,,1024 48,fail
1117,0,0.0,0.0,25690900000000.0,,1024 16,fail
1118,0,0.0,0.0,32113400000000.0,,1024 20,fail
1119,0,0.0,0.0,38536000000000.0,,1024 24,fail
1120,0,0.0,0.0,44958600000000.0,,1024 28,fail
1121,0,0.0,0.0,51381200000000.0,,1024 32,fail
1122,0,0.0,0.0,57803700000000.0,,1024 36,fail
1123,0,0.0,0.0,64226300000000.0,,1024 40,fail
1124,0,0.0,0.0,70648900000000.0,,1024 44,fail
1125,0,0.0,0.0,77071500000000.0,,1024 48,fail
1126,0,0.0,0.0,25690900000000.0,,1024 16,fail
1127,0,0.0,0.0,32113400000000.0,,1024 20,fail
1128,0,0.0,0.0,38536000000000.0,,1024 24,fail
1129,0,0.0,0.0,44958600000000.0,,1024 28,fail
1130,0,0.0,0.0,51381200000000.0,,1024 32,fail
1131,0,0.0,0.0,57803700000000.0,,1024 36,fail
1132,0,0.0,0.0,64226300000000.0,,1024 40,fail
1133,0,0.0,0.0,70648900000000.0,,1024 44,fail
1134,0,0.0,0.0,77071500000000.0,,1024 48,fail
1135,0,0.0,0.0,25690900000000.0,,1024 16,fail
1136,0,0.0,0.0,32113400000000.0,,1024 20,fail
1137,0,0.0,0.0,38536000000000.0,,1024 24,fail
1138,0,0.0,0.0,44958600000000.0,,1024 28,fail
1139,0,0.0,0.0,51381200000000.0,,1024 32,fail
1140,0,0.0,0.0,57803700000000.0,,1024 36,fail
1141,0,0.0,0.0,64226300000000.0,,1024 40,fail
1142,0,0.0,0.0,70648900000000.0,,1024 44,fail
1143,0,0.0,0.0,77071500000000.0,,1024 48,fail
1144,0,0.0,0.0,25690900000000.0,,1024 16,fail
1145,0,0.0,0.0,32113400000000.0,,1024 20,fail
1146,0,0.0,0.0,38536000000000.0,,1024 24,fail
1147,0,0.0,0.0,44958600000000.0,,1024 28,fail
1148,0,0.0,0.0,51381200000000.0,,1024 32,fail
1149,0,0.0,0.0,57803700000000.0,,1024 36,fail
1150,0,0.0,0.0,64226300000000.0,,1024 40,fail
1151,0,0.0,0.0,70648900000000.0,,1024 44,fail
1152,0,0.0,0.0,77071500000000.0,,1024 48,fail
1153,0,0.0,0.0,25690900000000.0,,1024 16,fail
1154,0,0.0,0.0,32113400000000.0,,1024 20,fail
1155,0,0.0,0.0,38536000000000.0,,1024 24,fail
1156,0,0.0,0.0,44958600000000.0,,1024 28,fail
1157,0,0.0,0.0,51381200000000.0,,1024 32,fail
1158,0,0.0,0.0,57803700000000.0,,1024 36,fail
1159,0,0.0,0.0,64226300000000.0,,1024 40,fail
1160,0,0.0,0.0,70648900000000.0,,1024 44,fail
1161,0,0.0,0.0,77071500000000.0,,1024 48,fail
1162,0,0.0,0.0,25690900000000.0,,1024 16,fail
1163,0,0.0,0.0,32113400000000.0,,1024 20,fail
1164,0,0.0,0.0,38536000000000.0,,1024 24,fail
1165,0,0.0,0.0,44958600000000.0,,1024 28,fail
1166,0,0.0,0.0,51381200000000.0,,1024 32,fail
1167,0,0.0,0.0,57803700000000.0,,1024 36,fail
1168,0,0.0,0.0,64226300000000.0,,1024 40,fail
1169,0,0.0,0.0,70648900000000.0,,1024 44,fail
1170,0,0.0,0.0,77071500000000.0,,1024 48,fail
1171,0,0.0,0.0,25690900000000.0,,1024 16,fail
1172,0,0.0,0.0,32113400000000.0,,1024 20,fail
1173,0,0.0,0.0,38536000000000.0,,1024 24,fail
1174,0,0.0,0.0,44958600000000.0,,1024 28,fail
1175,0,0.0,0.0,51381200000000.0,,1024 32,fail
1176,0,0.0,0.0,57803700000000.0,,1024 36,fail
1177,0,0.0,0.0,64226300000000.0,,1024 40,fail
1178,0,0.0,0.0,70648900000000.0,,1024 44,fail
1179,0,0.0,0.0,77071500000000.0,,1024 48,fail
1180,0,0.0,0.0,25690900000000.0,,1024 16,fail
1181,0,0.0,0.0,32113400000000.0,,1024 20,fail
1182,0,0.0,0.0,38536000000000.0,,1024 24,fail
1183,0,0.0,0.0,44958600000000.0,,1024 28,fail
1184,0,0.0,0.0,51381200000000.0,,1024 32,fail
1185,0,0.0,0.0,57803700000000.0,,1024 36,fail
1186,0,0.0,0.0,64226300000000.0,,1024 40,fail
1187,0,0.0,0.0,70648900000000.0,,1024 44,fail
1188,0,0.0,0.0,77071500000000.0,,1024 48,fail
1189,0,0.0,0.0,25690900000000.0,,1024 16,fail
1190,0,0.0,0.0,32113400000000.0,,1024 20,fail
1191,0,0.0,0.0,38536000000000.0,,1024 24,fail
1192,0,0.0,0.0,44958600000000.0,,1024 28,fail
1193,0,0.0,0.0,51381200000000.0,,1024 32,fail
1194,0,0.0,0.0,57803700000000.0,,1024 36,fail
1195,0,0.0,0.0,64226300000000.0,,1024 40,fail
1196,0,0.0,0.0,70648900000000.0,,1024 44,fail
1197,0,0.0,0.0,77071500000000.0,,1024 48,fail
