DSE index,layers,latency,area,power,energy,"HW (tiles, bw)",restraint
0,16,12553133.991452044,2281447068.300693,1594.1563213178515,19574433.005709708,24 64,pass
1,0,0.0,0.0,0.0,0.0,6 48,fail
2,0,0.0,0.0,0.0,0.0,6 44,fail
3,0,0.0,0.0,0.0,0.0,6 40,fail
4,0,0.0,0.0,0.0,0.0,6 36,fail
5,0,0.0,0.0,0.0,0.0,6 32,fail
6,0,0.0,0.0,0.0,0.0,6 28,fail
7,0,0.0,0.0,0.0,0.0,6 24,fail
8,0,0.0,0.0,0.0,0.0,6 20,fail
9,0,0.0,0.0,0.0,0.0,6 16,fail
10,0,0.0,0.0,0.0,0.0,7 48,fail
11,0,0.0,0.0,0.0,0.0,7 44,fail
12,0,0.0,0.0,0.0,0.0,7 40,fail
13,0,0.0,0.0,0.0,0.0,7 36,fail
14,0,0.0,0.0,0.0,0.0,7 32,fail
15,0,0.0,0.0,0.0,0.0,7 28,fail
16,0,0.0,0.0,0.0,0.0,7 24,fail
17,0,0.0,0.0,0.0,0.0,7 20,fail
18,0,0.0,0.0,0.0,0.0,7 16,fail
19,0,0.0,0.0,0.0,0.0,8 48,fail
20,0,0.0,0.0,0.0,0.0,8 44,fail
21,0,0.0,0.0,0.0,0.0,8 40,fail
22,0,0.0,0.0,0.0,0.0,8 36,fail
23,0,0.0,0.0,0.0,0.0,8 32,fail
24,0,0.0,0.0,0.0,0.0,8 28,fail
25,0,0.0,0.0,0.0,0.0,8 24,fail
26,0,0.0,0.0,0.0,0.0,8 20,fail
27,0,0.0,0.0,0.0,0.0,8 16,fail
28,2,183201.04905342543,955477832.0233668,679.2252546214326,2911108.5167614887,9 48,fail
29,2,184876.6854170618,955477832.0233668,679.2252546214326,2911108.5167614887,9 44,fail
30,2,186887.44905342543,955477832.0233668,679.2252546214326,2911108.5167614887,9 40,fail
31,2,189345.04905342543,955477832.0233668,679.2252546214326,2911108.5167614887,9 36,fail
32,2,192417.04905342543,955477832.0233668,679.2252546214326,2911108.5167614887,9 32,fail
33,2,196366.76333913967,955477832.0233668,679.2252546214326,2911108.5167614887,9 28,fail
34,2,201633.04905342543,955477832.0233668,679.2252546214326,2911108.5167614887,9 24,fail
35,2,209005.84905342545,955477832.0233668,679.2252546214326,2911108.5167614887,9 20,fail
36,2,220065.04905342543,955477832.0233668,679.2252546214326,2911108.5167614887,9 16,fail
37,3,373048.62463312,1085474815.9721243,766.992962749932,4955564.531939677,10 48,pass
38,3,375143.1700876654,1085474815.9721243,766.992962749932,4955564.531939677,10 44,pass
39,3,377656.62463312,1085474815.9721243,766.992962749932,4955564.531939677,10 40,pass
40,3,380728.62463312,1085474815.9721243,766.992962749932,4955564.531939677,10 36,pass
41,3,384568.62463312,1085474815.9721243,766.992962749932,4955564.531939677,10 32,pass
42,3,389505.76749026286,1085474815.9721243,766.992962749932,4955564.531939677,10 28,pass
43,3,396088.62463312,1085474815.9721243,766.992962749932,4955564.531939677,10 24,pass
44,3,405304.62463312,1085474815.9721243,766.992962749932,4955564.531939677,10 20,pass
45,3,419128.62463312,1085474815.9721243,766.992962749932,4955564.531939677,10 16,pass
46,6,3571016.609700743,1553463958.1876512,1095.067123376351,10980285.272687072,11 48,pass
47,6,3575170.7915189248,1553463958.1876512,1095.067123376351,10980285.272687072,11 44,pass
48,6,3580155.809700744,1553463958.1876512,1095.067123376351,10980285.272687072,11 40,pass
49,6,3586248.609700743,1553463958.1876512,1095.067123376351,10980285.272687072,11 36,pass
50,6,3593864.609700743,1553463958.1876512,1095.067123376351,10980285.272687072,11 32,pass
51,6,3603656.609700744,1553463958.1876512,1095.067123376351,10980285.272687072,11 28,pass
52,6,3616712.609700743,1553463958.1876512,1095.067123376351,10980285.272687072,11 24,pass
53,6,3634991.009700743,1553463958.1876512,1095.067123376351,10980285.272687072,11 20,pass
54,6,3662408.609700743,1553463958.1876512,1095.067123376351,10980285.272687072,11 16,pass
55,10,8310010.800044353,1793958378.4928522,1253.7126321541373,15861338.392702296,12 48,pass
56,10,8314793.345498899,1793958378.4928522,1253.7126321541373,15861338.392702296,12 44,pass
57,10,8320532.400044354,1793958378.4928522,1253.7126321541373,15861338.392702296,12 40,pass
58,10,8327546.800044353,1793958378.4928522,1253.7126321541373,15861338.392702296,12 36,pass
59,10,8336314.800044353,1793958378.4928522,1253.7126321541373,15861338.392702296,12 32,pass
60,10,8347587.942901496,1793958378.4928522,1253.7126321541373,15861338.392702296,12 28,pass
61,10,8362618.800044353,1793958378.4928522,1253.7126321541373,15861338.392702296,12 24,pass
62,10,8383662.000044354,1793958378.4928522,1253.7126321541373,15861338.392702296,12 20,pass
63,10,8415226.800044354,1793958378.4928522,1253.7126321541373,15861338.392702296,12 16,pass
64,14,10774702.0994281,2066952044.7852423,1445.976358050993,19174479.74837649,13 48,pass
65,14,10779484.644882644,2066952044.7852423,1445.976358050993,19174479.74837649,13 44,pass
66,14,10785223.699428098,2066952044.7852423,1445.976358050993,19174479.74837649,13 40,pass
67,14,10792238.0994281,2066952044.7852423,1445.976358050993,19174479.74837649,13 36,pass
68,14,10801006.0994281,2066952044.7852423,1445.976358050993,19174479.74837649,13 32,pass
69,14,10812279.24228524,2066952044.7852423,1445.976358050993,19174479.74837649,13 28,pass
70,14,10827310.0994281,2066952044.7852423,1445.976358050993,19174479.74837649,13 24,pass
71,14,10848353.299428096,2066952044.7852423,1445.976358050993,19174479.74837649,13 20,pass
72,14,10879918.0994281,2066952044.7852423,1445.976358050993,19174479.74837649,13 16,pass
73,16,12567629.991452044,2281447068.300693,1594.1563213178515,19574433.005709708,14 48,fail
74,16,12572901.264179315,2281447068.300693,1594.1563213178515,19574433.005709708,14 44,fail
75,16,12579226.791452045,2281447068.300693,1594.1563213178515,19574433.005709708,14 40,fail
76,16,12586957.991452044,2281447068.300693,1594.1563213178515,19574433.005709708,14 36,fail
77,16,12596621.991452044,2281447068.300693,1594.1563213178515,19574433.005709708,14 32,fail
78,16,12609047.134309186,2281447068.300693,1594.1563213178515,19574433.005709708,14 28,fail
79,16,12625613.991452044,2281447068.300693,1594.1563213178515,19574433.005709708,14 24,fail
80,16,12648807.591452042,2281447068.300693,1594.1563213178515,19574433.005709708,14 20,fail
81,16,12683597.991452044,2281447068.300693,1594.1563213178515,19574433.005709708,14 16,fail
82,16,12567629.991452044,2281447068.300693,1594.1563213178515,19574433.005709708,15 48,fail
83,16,12572901.264179315,2281447068.300693,1594.1563213178515,19574433.005709708,15 44,fail
84,16,12579226.791452045,2281447068.300693,1594.1563213178515,19574433.005709708,15 40,fail
85,16,12586957.991452044,2281447068.300693,1594.1563213178515,19574433.005709708,15 36,fail
86,16,12596621.991452044,2281447068.300693,1594.1563213178515,19574433.005709708,15 32,fail
87,16,12609047.134309186,2281447068.300693,1594.1563213178515,19574433.005709708,15 28,fail
88,16,12625613.991452044,2281447068.300693,1594.1563213178515,19574433.005709708,15 24,fail
89,16,12648807.591452042,2281447068.300693,1594.1563213178515,19574433.005709708,15 20,fail
90,16,12683597.991452044,2281447068.300693,1594.1563213178515,19574433.005709708,15 16,fail
91,16,12567629.991452044,2281447068.300693,1594.1563213178515,19574433.005709708,16 48,fail
92,16,12572901.264179315,2281447068.300693,1594.1563213178515,19574433.005709708,16 44,fail
93,16,12579226.791452045,2281447068.300693,1594.1563213178515,19574433.005709708,16 40,fail
94,16,12586957.991452044,2281447068.300693,1594.1563213178515,19574433.005709708,16 36,fail
95,16,12596621.991452044,2281447068.300693,1594.1563213178515,19574433.005709708,16 32,fail
96,16,12609047.134309186,2281447068.300693,1594.1563213178515,19574433.005709708,16 28,fail
97,16,12625613.991452044,2281447068.300693,1594.1563213178515,19574433.005709708,16 24,fail
98,16,12648807.591452042,2281447068.300693,1594.1563213178515,19574433.005709708,16 20,fail
99,16,12683597.991452044,2281447068.300693,1594.1563213178515,19574433.005709708,16 16,fail
100,16,12567629.991452044,2281447068.300693,1594.1563213178515,19574433.005709708,17 48,fail
101,16,12572901.264179315,2281447068.300693,1594.1563213178515,19574433.005709708,17 44,fail
102,16,12579226.791452045,2281447068.300693,1594.1563213178515,19574433.005709708,17 40,fail
103,16,12586957.991452044,2281447068.300693,1594.1563213178515,19574433.005709708,17 36,fail
104,16,12596621.991452044,2281447068.300693,1594.1563213178515,19574433.005709708,17 32,fail
105,16,12609047.134309186,2281447068.300693,1594.1563213178515,19574433.005709708,17 28,fail
106,16,12625613.991452044,2281447068.300693,1594.1563213178515,19574433.005709708,17 24,fail
107,16,12648807.591452042,2281447068.300693,1594.1563213178515,19574433.005709708,17 20,fail
108,16,12683597.991452044,2281447068.300693,1594.1563213178515,19574433.005709708,17 16,fail
109,16,12567629.991452044,2281447068.300693,1594.1563213178515,19574433.005709708,18 48,fail
110,16,12572901.264179315,2281447068.300693,1594.1563213178515,19574433.005709708,18 44,fail
111,16,12579226.791452045,2281447068.300693,1594.1563213178515,19574433.005709708,18 40,fail
112,16,12586957.991452044,2281447068.300693,1594.1563213178515,19574433.005709708,18 36,fail
113,16,12596621.991452044,2281447068.300693,1594.1563213178515,19574433.005709708,18 32,fail
114,16,12609047.134309186,2281447068.300693,1594.1563213178515,19574433.005709708,18 28,fail
115,16,12625613.991452044,2281447068.300693,1594.1563213178515,19574433.005709708,18 24,fail
116,16,12648807.591452042,2281447068.300693,1594.1563213178515,19574433.005709708,18 20,fail
117,16,12683597.991452044,2281447068.300693,1594.1563213178515,19574433.005709708,18 16,fail
118,16,12567629.991452044,2281447068.300693,1594.1563213178515,19574433.005709708,19 48,fail
119,16,12572901.264179315,2281447068.300693,1594.1563213178515,19574433.005709708,19 44,fail
120,16,12579226.791452045,2281447068.300693,1594.1563213178515,19574433.005709708,19 40,fail
121,16,12586957.991452044,2281447068.300693,1594.1563213178515,19574433.005709708,19 36,fail
122,16,12596621.991452044,2281447068.300693,1594.1563213178515,19574433.005709708,19 32,fail
123,16,12609047.134309186,2281447068.300693,1594.1563213178515,19574433.005709708,19 28,fail
124,16,12625613.991452044,2281447068.300693,1594.1563213178515,19574433.005709708,19 24,fail
125,16,12648807.591452042,2281447068.300693,1594.1563213178515,19574433.005709708,19 20,fail
126,16,12683597.991452044,2281447068.300693,1594.1563213178515,19574433.005709708,19 16,fail
127,16,12567629.991452044,2281447068.300693,1594.1563213178515,19574433.005709708,20 48,fail
128,16,12572901.264179315,2281447068.300693,1594.1563213178515,19574433.005709708,20 44,fail
129,16,12579226.791452045,2281447068.300693,1594.1563213178515,19574433.005709708,20 40,fail
130,16,12586957.991452044,2281447068.300693,1594.1563213178515,19574433.005709708,20 36,fail
131,16,12596621.991452044,2281447068.300693,1594.1563213178515,19574433.005709708,20 32,fail
132,16,12609047.134309186,2281447068.300693,1594.1563213178515,19574433.005709708,20 28,fail
133,16,12625613.991452044,2281447068.300693,1594.1563213178515,19574433.005709708,20 24,fail
134,16,12648807.591452042,2281447068.300693,1594.1563213178515,19574433.005709708,20 20,fail
135,16,12683597.991452044,2281447068.300693,1594.1563213178515,19574433.005709708,20 16,fail
136,16,12567629.991452044,2281447068.300693,1594.1563213178515,19574433.005709708,21 48,fail
137,16,12572901.264179315,2281447068.300693,1594.1563213178515,19574433.005709708,21 44,fail
138,16,12579226.791452045,2281447068.300693,1594.1563213178515,19574433.005709708,21 40,fail
139,16,12586957.991452044,2281447068.300693,1594.1563213178515,19574433.005709708,21 36,fail
140,16,12596621.991452044,2281447068.300693,1594.1563213178515,19574433.005709708,21 32,fail
141,16,12609047.134309186,2281447068.300693,1594.1563213178515,19574433.005709708,21 28,fail
142,16,12625613.991452044,2281447068.300693,1594.1563213178515,19574433.005709708,21 24,fail
143,16,12648807.591452042,2281447068.300693,1594.1563213178515,19574433.005709708,21 20,fail
144,16,12683597.991452044,2281447068.300693,1594.1563213178515,19574433.005709708,21 16,fail
145,16,12567629.991452044,2281447068.300693,1594.1563213178515,19574433.005709708,22 48,fail
146,16,12572901.264179315,2281447068.300693,1594.1563213178515,19574433.005709708,22 44,fail
147,16,12579226.791452045,2281447068.300693,1594.1563213178515,19574433.005709708,22 40,fail
148,16,12586957.991452044,2281447068.300693,1594.1563213178515,19574433.005709708,22 36,fail
149,16,12596621.991452044,2281447068.300693,1594.1563213178515,19574433.005709708,22 32,fail
150,16,12609047.134309186,2281447068.300693,1594.1563213178515,19574433.005709708,22 28,fail
151,16,12625613.991452044,2281447068.300693,1594.1563213178515,19574433.005709708,22 24,fail
152,16,12648807.591452042,2281447068.300693,1594.1563213178515,19574433.005709708,22 20,fail
153,16,12683597.991452044,2281447068.300693,1594.1563213178515,19574433.005709708,22 16,fail
154,16,12567629.991452044,2281447068.300693,1594.1563213178515,19574433.005709708,23 48,fail
155,16,12572901.264179315,2281447068.300693,1594.1563213178515,19574433.005709708,23 44,fail
156,16,12579226.791452045,2281447068.300693,1594.1563213178515,19574433.005709708,23 40,fail
157,16,12586957.991452044,2281447068.300693,1594.1563213178515,19574433.005709708,23 36,fail
158,16,12596621.991452044,2281447068.300693,1594.1563213178515,19574433.005709708,23 32,fail
159,16,12609047.134309186,2281447068.300693,1594.1563213178515,19574433.005709708,23 28,fail
160,16,12625613.991452044,2281447068.300693,1594.1563213178515,19574433.005709708,23 24,fail
161,16,12648807.591452042,2281447068.300693,1594.1563213178515,19574433.005709708,23 20,fail
162,16,12683597.991452044,2281447068.300693,1594.1563213178515,19574433.005709708,23 16,fail
163,16,12567629.991452044,2281447068.300693,1594.1563213178515,19574433.005709708,24 48,fail
164,16,12572901.264179315,2281447068.300693,1594.1563213178515,19574433.005709708,24 44,fail
165,16,12579226.791452045,2281447068.300693,1594.1563213178515,19574433.005709708,24 40,fail
166,16,12586957.991452044,2281447068.300693,1594.1563213178515,19574433.005709708,24 36,fail
167,16,12596621.991452044,2281447068.300693,1594.1563213178515,19574433.005709708,24 32,fail
168,16,12609047.134309186,2281447068.300693,1594.1563213178515,19574433.005709708,24 28,fail
169,16,12625613.991452044,2281447068.300693,1594.1563213178515,19574433.005709708,24 24,fail
170,16,12648807.591452042,2281447068.300693,1594.1563213178515,19574433.005709708,24 20,fail
171,16,12683597.991452044,2281447068.300693,1594.1563213178515,19574433.005709708,24 16,fail
172,0,0.0,0.0,0.0,0.0,6 48,fail
173,0,0.0,0.0,0.0,0.0,6 44,fail
174,0,0.0,0.0,0.0,0.0,6 40,fail
175,0,0.0,0.0,0.0,0.0,6 36,fail
176,0,0.0,0.0,0.0,0.0,6 32,fail
177,0,0.0,0.0,0.0,0.0,6 28,fail
178,0,0.0,0.0,0.0,0.0,6 24,fail
179,0,0.0,0.0,0.0,0.0,6 20,fail
180,0,0.0,0.0,0.0,0.0,6 16,fail
181,0,0.0,0.0,0.0,0.0,7 48,fail
182,0,0.0,0.0,0.0,0.0,7 44,fail
183,0,0.0,0.0,0.0,0.0,7 40,fail
184,0,0.0,0.0,0.0,0.0,7 36,fail
185,0,0.0,0.0,0.0,0.0,7 32,fail
186,0,0.0,0.0,0.0,0.0,7 28,fail
187,0,0.0,0.0,0.0,0.0,7 24,fail
188,0,0.0,0.0,0.0,0.0,7 20,fail
189,0,0.0,0.0,0.0,0.0,7 16,fail
190,0,0.0,0.0,0.0,0.0,8 48,fail
191,0,0.0,0.0,0.0,0.0,8 44,fail
192,0,0.0,0.0,0.0,0.0,8 40,fail
193,0,0.0,0.0,0.0,0.0,8 36,fail
194,0,0.0,0.0,0.0,0.0,8 32,fail
195,0,0.0,0.0,0.0,0.0,8 28,fail
196,0,0.0,0.0,0.0,0.0,8 24,fail
197,0,0.0,0.0,0.0,0.0,8 20,fail
198,0,0.0,0.0,0.0,0.0,8 16,fail
199,2,183201.04905342543,955477832.0233668,679.2252546214326,2911108.5167614887,9 48,fail
200,2,184876.6854170618,955477832.0233668,679.2252546214326,2911108.5167614887,9 44,fail
201,2,186887.44905342543,955477832.0233668,679.2252546214326,2911108.5167614887,9 40,fail
202,2,189345.04905342543,955477832.0233668,679.2252546214326,2911108.5167614887,9 36,fail
203,2,192417.04905342543,955477832.0233668,679.2252546214326,2911108.5167614887,9 32,fail
204,2,196366.76333913967,955477832.0233668,679.2252546214326,2911108.5167614887,9 28,fail
205,2,201633.04905342543,955477832.0233668,679.2252546214326,2911108.5167614887,9 24,fail
206,2,209005.84905342545,955477832.0233668,679.2252546214326,2911108.5167614887,9 20,fail
207,2,220065.04905342543,955477832.0233668,679.2252546214326,2911108.5167614887,9 16,fail
208,3,373048.62463312,1085474815.9721243,766.992962749932,4955564.531939677,10 48,pass
209,3,375143.1700876654,1085474815.9721243,766.992962749932,4955564.531939677,10 44,pass
210,3,377656.62463312,1085474815.9721243,766.992962749932,4955564.531939677,10 40,pass
211,3,380728.62463312,1085474815.9721243,766.992962749932,4955564.531939677,10 36,pass
212,3,384568.62463312,1085474815.9721243,766.992962749932,4955564.531939677,10 32,pass
213,3,389505.76749026286,1085474815.9721243,766.992962749932,4955564.531939677,10 28,pass
214,3,396088.62463312,1085474815.9721243,766.992962749932,4955564.531939677,10 24,pass
215,3,405304.62463312,1085474815.9721243,766.992962749932,4955564.531939677,10 20,pass
216,3,419128.62463312,1085474815.9721243,766.992962749932,4955564.531939677,10 16,pass
217,5,1010935.400425629,1533964410.5953374,1085.8205767277373,7539665.782764813,11 48,pass
218,5,1014670.6731529016,1533964410.5953374,1085.8205767277373,7539665.782764813,11 44,pass
219,5,1019153.0004256289,1533964410.5953374,1085.8205767277373,7539665.782764813,11 40,pass
220,5,1024631.400425629,1533964410.5953374,1085.8205767277373,7539665.782764813,11 36,pass
221,5,1031479.400425629,1533964410.5953374,1085.8205767277373,7539665.782764813,11 32,pass
222,5,1040283.9718542002,1533964410.5953374,1085.8205767277373,7539665.782764813,11 28,pass
223,5,1052023.400425629,1533964410.5953374,1085.8205767277373,7539665.782764813,11 24,pass
224,5,1068458.600425629,1533964410.5953374,1085.8205767277373,7539665.782764813,11 20,pass
225,5,1093111.400425629,1533964410.5953374,1085.8205767277373,7539665.782764813,11 16,pass
226,10,8310010.800044353,1793958378.4928522,1253.7126321541373,15861338.392702296,12 48,pass
227,10,8314793.345498899,1793958378.4928522,1253.7126321541373,15861338.392702296,12 44,pass
228,10,8320532.400044354,1793958378.4928522,1253.7126321541373,15861338.392702296,12 40,pass
229,10,8327546.800044353,1793958378.4928522,1253.7126321541373,15861338.392702296,12 36,pass
230,10,8336314.800044353,1793958378.4928522,1253.7126321541373,15861338.392702296,12 32,pass
231,10,8347587.942901496,1793958378.4928522,1253.7126321541373,15861338.392702296,12 28,pass
232,10,8362618.800044353,1793958378.4928522,1253.7126321541373,15861338.392702296,12 24,pass
233,10,8383662.000044354,1793958378.4928522,1253.7126321541373,15861338.392702296,12 20,pass
234,10,8415226.800044354,1793958378.4928522,1253.7126321541373,15861338.392702296,12 16,pass
235,13,8993588.890152983,2060452195.5878048,1443.087198076215,18175098.910654344,13 48,pass
236,13,8998371.435607526,2060452195.5878048,1443.087198076215,18175098.910654344,13 44,pass
237,13,9004110.490152983,2060452195.5878048,1443.087198076215,18175098.910654344,13 40,pass
238,13,9011124.890152983,2060452195.5878048,1443.087198076215,18175098.910654344,13 36,pass
239,13,9019892.890152983,2060452195.5878048,1443.087198076215,18175098.910654344,13 32,pass
240,13,9031166.033010123,2060452195.5878048,1443.087198076215,18175098.910654344,13 28,pass
241,13,9046196.890152983,2060452195.5878048,1443.087198076215,18175098.910654344,13 24,pass
242,13,9067240.09015298,2060452195.5878048,1443.087198076215,18175098.910654344,13 20,pass
243,13,9098804.890152983,2060452195.5878048,1443.087198076215,18175098.910654344,13 16,pass
244,16,12567629.991452044,2281447068.300693,1594.1563213178515,19574433.005709708,14 48,fail
245,16,12572901.264179315,2281447068.300693,1594.1563213178515,19574433.005709708,14 44,fail
246,16,12579226.791452045,2281447068.300693,1594.1563213178515,19574433.005709708,14 40,fail
247,16,12586957.991452044,2281447068.300693,1594.1563213178515,19574433.005709708,14 36,fail
248,16,12596621.991452044,2281447068.300693,1594.1563213178515,19574433.005709708,14 32,fail
249,16,12609047.134309186,2281447068.300693,1594.1563213178515,19574433.005709708,14 28,fail
250,16,12625613.991452044,2281447068.300693,1594.1563213178515,19574433.005709708,14 24,fail
251,16,12648807.591452042,2281447068.300693,1594.1563213178515,19574433.005709708,14 20,fail
252,16,12683597.991452044,2281447068.300693,1594.1563213178515,19574433.005709708,14 16,fail
253,16,12567629.991452044,2281447068.300693,1594.1563213178515,19574433.005709708,15 48,fail
254,16,12572901.264179315,2281447068.300693,1594.1563213178515,19574433.005709708,15 44,fail
255,16,12579226.791452045,2281447068.300693,1594.1563213178515,19574433.005709708,15 40,fail
256,16,12586957.991452044,2281447068.300693,1594.1563213178515,19574433.005709708,15 36,fail
257,16,12596621.991452044,2281447068.300693,1594.1563213178515,19574433.005709708,15 32,fail
258,16,12609047.134309186,2281447068.300693,1594.1563213178515,19574433.005709708,15 28,fail
259,16,12625613.991452044,2281447068.300693,1594.1563213178515,19574433.005709708,15 24,fail
260,16,12648807.591452042,2281447068.300693,1594.1563213178515,19574433.005709708,15 20,fail
261,16,12683597.991452044,2281447068.300693,1594.1563213178515,19574433.005709708,15 16,fail
262,16,12567629.991452044,2281447068.300693,1594.1563213178515,19574433.005709708,16 48,fail
263,16,12572901.264179315,2281447068.300693,1594.1563213178515,19574433.005709708,16 44,fail
264,16,12579226.791452045,2281447068.300693,1594.1563213178515,19574433.005709708,16 40,fail
265,16,12586957.991452044,2281447068.300693,1594.1563213178515,19574433.005709708,16 36,fail
266,16,12596621.991452044,2281447068.300693,1594.1563213178515,19574433.005709708,16 32,fail
267,16,12609047.134309186,2281447068.300693,1594.1563213178515,19574433.005709708,16 28,fail
268,16,12625613.991452044,2281447068.300693,1594.1563213178515,19574433.005709708,16 24,fail
269,16,12648807.591452042,2281447068.300693,1594.1563213178515,19574433.005709708,16 20,fail
270,16,12683597.991452044,2281447068.300693,1594.1563213178515,19574433.005709708,16 16,fail
271,16,12567629.991452044,2281447068.300693,1594.1563213178515,19574433.005709708,17 48,fail
272,16,12572901.264179315,2281447068.300693,1594.1563213178515,19574433.005709708,17 44,fail
273,16,12579226.791452045,2281447068.300693,1594.1563213178515,19574433.005709708,17 40,fail
274,16,12586957.991452044,2281447068.300693,1594.1563213178515,19574433.005709708,17 36,fail
275,16,12596621.991452044,2281447068.300693,1594.1563213178515,19574433.005709708,17 32,fail
276,16,12609047.134309186,2281447068.300693,1594.1563213178515,19574433.005709708,17 28,fail
277,16,12625613.991452044,2281447068.300693,1594.1563213178515,19574433.005709708,17 24,fail
278,16,12648807.591452042,2281447068.300693,1594.1563213178515,19574433.005709708,17 20,fail
279,16,12683597.991452044,2281447068.300693,1594.1563213178515,19574433.005709708,17 16,fail
280,16,12567629.991452044,2281447068.300693,1594.1563213178515,19574433.005709708,18 48,fail
281,16,12572901.264179315,2281447068.300693,1594.1563213178515,19574433.005709708,18 44,fail
282,16,12579226.791452045,2281447068.300693,1594.1563213178515,19574433.005709708,18 40,fail
283,16,12586957.991452044,2281447068.300693,1594.1563213178515,19574433.005709708,18 36,fail
284,16,12596621.991452044,2281447068.300693,1594.1563213178515,19574433.005709708,18 32,fail
285,16,12609047.134309186,2281447068.300693,1594.1563213178515,19574433.005709708,18 28,fail
286,16,12625613.991452044,2281447068.300693,1594.1563213178515,19574433.005709708,18 24,fail
287,16,12648807.591452042,2281447068.300693,1594.1563213178515,19574433.005709708,18 20,fail
288,16,12683597.991452044,2281447068.300693,1594.1563213178515,19574433.005709708,18 16,fail
289,16,12567629.991452044,2281447068.300693,1594.1563213178515,19574433.005709708,19 48,fail
290,16,12572901.264179315,2281447068.300693,1594.1563213178515,19574433.005709708,19 44,fail
291,16,12579226.791452045,2281447068.300693,1594.1563213178515,19574433.005709708,19 40,fail
292,16,12586957.991452044,2281447068.300693,1594.1563213178515,19574433.005709708,19 36,fail
293,16,12596621.991452044,2281447068.300693,1594.1563213178515,19574433.005709708,19 32,fail
294,16,12609047.134309186,2281447068.300693,1594.1563213178515,19574433.005709708,19 28,fail
295,16,12625613.991452044,2281447068.300693,1594.1563213178515,19574433.005709708,19 24,fail
296,16,12648807.591452042,2281447068.300693,1594.1563213178515,19574433.005709708,19 20,fail
297,16,12683597.991452044,2281447068.300693,1594.1563213178515,19574433.005709708,19 16,fail
298,16,12567629.991452044,2281447068.300693,1594.1563213178515,19574433.005709708,20 48,fail
299,16,12572901.264179315,2281447068.300693,1594.1563213178515,19574433.005709708,20 44,fail
300,16,12579226.791452045,2281447068.300693,1594.1563213178515,19574433.005709708,20 40,fail
301,16,12586957.991452044,2281447068.300693,1594.1563213178515,19574433.005709708,20 36,fail
302,16,12596621.991452044,2281447068.300693,1594.1563213178515,19574433.005709708,20 32,fail
303,16,12609047.134309186,2281447068.300693,1594.1563213178515,19574433.005709708,20 28,fail
304,16,12625613.991452044,2281447068.300693,1594.1563213178515,19574433.005709708,20 24,fail
305,16,12648807.591452042,2281447068.300693,1594.1563213178515,19574433.005709708,20 20,fail
306,16,12683597.991452044,2281447068.300693,1594.1563213178515,19574433.005709708,20 16,fail
307,16,12567629.991452044,2281447068.300693,1594.1563213178515,19574433.005709708,21 48,fail
308,16,12572901.264179315,2281447068.300693,1594.1563213178515,19574433.005709708,21 44,fail
309,16,12579226.791452045,2281447068.300693,1594.1563213178515,19574433.005709708,21 40,fail
310,16,12586957.991452044,2281447068.300693,1594.1563213178515,19574433.005709708,21 36,fail
311,16,12596621.991452044,2281447068.300693,1594.1563213178515,19574433.005709708,21 32,fail
312,16,12609047.134309186,2281447068.300693,1594.1563213178515,19574433.005709708,21 28,fail
313,16,12625613.991452044,2281447068.300693,1594.1563213178515,19574433.005709708,21 24,fail
314,16,12648807.591452042,2281447068.300693,1594.1563213178515,19574433.005709708,21 20,fail
315,16,12683597.991452044,2281447068.300693,1594.1563213178515,19574433.005709708,21 16,fail
316,16,12567629.991452044,2281447068.300693,1594.1563213178515,19574433.005709708,22 48,fail
317,16,12572901.264179315,2281447068.300693,1594.1563213178515,19574433.005709708,22 44,fail
318,16,12579226.791452045,2281447068.300693,1594.1563213178515,19574433.005709708,22 40,fail
319,16,12586957.991452044,2281447068.300693,1594.1563213178515,19574433.005709708,22 36,fail
320,16,12596621.991452044,2281447068.300693,1594.1563213178515,19574433.005709708,22 32,fail
321,16,12609047.134309186,2281447068.300693,1594.1563213178515,19574433.005709708,22 28,fail
322,16,12625613.991452044,2281447068.300693,1594.1563213178515,19574433.005709708,22 24,fail
323,16,12648807.591452042,2281447068.300693,1594.1563213178515,19574433.005709708,22 20,fail
324,16,12683597.991452044,2281447068.300693,1594.1563213178515,19574433.005709708,22 16,fail
325,16,12567629.991452044,2281447068.300693,1594.1563213178515,19574433.005709708,23 48,fail
326,16,12572901.264179315,2281447068.300693,1594.1563213178515,19574433.005709708,23 44,fail
327,16,12579226.791452045,2281447068.300693,1594.1563213178515,19574433.005709708,23 40,fail
328,16,12586957.991452044,2281447068.300693,1594.1563213178515,19574433.005709708,23 36,fail
329,16,12596621.991452044,2281447068.300693,1594.1563213178515,19574433.005709708,23 32,fail
330,16,12609047.134309186,2281447068.300693,1594.1563213178515,19574433.005709708,23 28,fail
331,16,12625613.991452044,2281447068.300693,1594.1563213178515,19574433.005709708,23 24,fail
332,16,12648807.591452042,2281447068.300693,1594.1563213178515,19574433.005709708,23 20,fail
333,16,12683597.991452044,2281447068.300693,1594.1563213178515,19574433.005709708,23 16,fail
334,16,12567629.991452044,2281447068.300693,1594.1563213178515,19574433.005709708,24 48,fail
335,16,12572901.264179315,2281447068.300693,1594.1563213178515,19574433.005709708,24 44,fail
336,16,12579226.791452045,2281447068.300693,1594.1563213178515,19574433.005709708,24 40,fail
337,16,12586957.991452044,2281447068.300693,1594.1563213178515,19574433.005709708,24 36,fail
338,16,12596621.991452044,2281447068.300693,1594.1563213178515,19574433.005709708,24 32,fail
339,16,12609047.134309186,2281447068.300693,1594.1563213178515,19574433.005709708,24 28,fail
340,16,12625613.991452044,2281447068.300693,1594.1563213178515,19574433.005709708,24 24,fail
341,16,12648807.591452042,2281447068.300693,1594.1563213178515,19574433.005709708,24 20,fail
342,16,12683597.991452044,2281447068.300693,1594.1563213178515,19574433.005709708,24 16,fail
343,0,0.0,0.0,0.0,0.0,6 48,fail
344,0,0.0,0.0,0.0,0.0,6 44,fail
345,0,0.0,0.0,0.0,0.0,6 40,fail
346,0,0.0,0.0,0.0,0.0,6 36,fail
347,0,0.0,0.0,0.0,0.0,6 32,fail
348,0,0.0,0.0,0.0,0.0,6 28,fail
349,0,0.0,0.0,0.0,0.0,6 24,fail
350,0,0.0,0.0,0.0,0.0,6 20,fail
351,0,0.0,0.0,0.0,0.0,6 16,fail
352,0,0.0,0.0,0.0,0.0,7 48,fail
353,0,0.0,0.0,0.0,0.0,7 44,fail
354,0,0.0,0.0,0.0,0.0,7 40,fail
355,0,0.0,0.0,0.0,0.0,7 36,fail
356,0,0.0,0.0,0.0,0.0,7 32,fail
357,0,0.0,0.0,0.0,0.0,7 28,fail
358,0,0.0,0.0,0.0,0.0,7 24,fail
359,0,0.0,0.0,0.0,0.0,7 20,fail
360,0,0.0,0.0,0.0,0.0,7 16,fail
361,0,0.0,0.0,0.0,0.0,8 48,fail
362,0,0.0,0.0,0.0,0.0,8 44,fail
363,0,0.0,0.0,0.0,0.0,8 40,fail
364,0,0.0,0.0,0.0,0.0,8 36,fail
365,0,0.0,0.0,0.0,0.0,8 32,fail
366,0,0.0,0.0,0.0,0.0,8 28,fail
367,0,0.0,0.0,0.0,0.0,8 24,fail
368,0,0.0,0.0,0.0,0.0,8 20,fail
369,0,0.0,0.0,0.0,0.0,8 16,fail
370,2,183201.04905342543,955477832.0233668,679.2252546214326,2911108.5167614887,9 48,pass
371,2,184876.6854170618,955477832.0233668,679.2252546214326,2911108.5167614887,9 44,pass
372,2,186887.44905342543,955477832.0233668,679.2252546214326,2911108.5167614887,9 40,pass
373,2,189345.04905342543,955477832.0233668,679.2252546214326,2911108.5167614887,9 36,pass
374,2,192417.04905342543,955477832.0233668,679.2252546214326,2911108.5167614887,9 32,pass
375,2,196366.76333913967,955477832.0233668,679.2252546214326,2911108.5167614887,9 28,pass
376,2,201633.04905342543,955477832.0233668,679.2252546214326,2911108.5167614887,9 24,pass
377,2,209005.84905342545,955477832.0233668,679.2252546214326,2911108.5167614887,9 20,pass
378,2,220065.04905342543,955477832.0233668,679.2252546214326,2911108.5167614887,9 16,pass
379,3,373048.62463312,1085474815.9721243,766.992962749932,4955564.531939677,10 48,pass
380,3,375143.1700876654,1085474815.9721243,766.992962749932,4955564.531939677,10 44,pass
381,3,377656.62463312,1085474815.9721243,766.992962749932,4955564.531939677,10 40,pass
382,3,380728.62463312,1085474815.9721243,766.992962749932,4955564.531939677,10 36,pass
383,3,384568.62463312,1085474815.9721243,766.992962749932,4955564.531939677,10 32,pass
384,3,389505.76749026286,1085474815.9721243,766.992962749932,4955564.531939677,10 28,pass
385,3,396088.62463312,1085474815.9721243,766.992962749932,4955564.531939677,10 24,pass
386,3,405304.62463312,1085474815.9721243,766.992962749932,4955564.531939677,10 20,pass
387,3,419128.62463312,1085474815.9721243,766.992962749932,4955564.531939677,10 16,pass
388,4,403737.09810685087,1501465164.608148,1062.7261174689477,5388948.237374164,11 48,pass
389,4,407472.3708341236,1501465164.608148,1062.7261174689477,5388948.237374164,11 44,pass
390,4,411954.6981068509,1501465164.608148,1062.7261174689477,5388948.237374164,11 40,pass
391,4,417433.09810685087,1501465164.608148,1062.7261174689477,5388948.237374164,11 36,pass
392,4,424281.09810685087,1501465164.608148,1062.7261174689477,5388948.237374164,11 32,pass
393,4,433085.6695354224,1501465164.608148,1062.7261174689477,5388948.237374164,11 28,pass
394,4,444825.09810685087,1501465164.608148,1062.7261174689477,5388948.237374164,11 24,pass
395,4,461260.2981068509,1501465164.608148,1062.7261174689477,5388948.237374164,11 20,pass
396,4,485913.09810685087,1501465164.608148,1062.7261174689477,5388948.237374164,11 16,pass
397,7,632236.4614763928,1813457926.085166,1284.432926353331,7488247.231193146,12 48,pass
398,7,635971.7342036654,1813457926.085166,1284.432926353331,7488247.231193146,12 44,pass
399,7,640454.0614763927,1813457926.085166,1284.432926353331,7488247.231193146,12 40,pass
400,7,645932.4614763928,1813457926.085166,1284.432926353331,7488247.231193146,12 36,pass
401,7,652780.4614763928,1813457926.085166,1284.432926353331,7488247.231193146,12 32,pass
402,7,661585.032904964,1813457926.085166,1284.432926353331,7488247.231193146,12 28,pass
403,7,673324.4614763928,1813457926.085166,1284.432926353331,7488247.231193146,12 24,pass
404,7,689759.6614763926,1813457926.085166,1284.432926353331,7488247.231193146,12 20,pass
405,7,714412.4614763928,1813457926.085166,1284.432926353331,7488247.231193146,12 16,pass
406,12,8386390.587834201,2040952647.9954915,1429.230522520941,16884668.383419953,13 48,pass
407,12,8391173.133288747,2040952647.9954915,1429.230522520941,16884668.383419953,13 44,pass
408,12,8396912.187834201,2040952647.9954915,1429.230522520941,16884668.383419953,13 40,pass
409,12,8403926.587834202,2040952647.9954915,1429.230522520941,16884668.383419953,13 36,pass
410,12,8412694.587834202,2040952647.9954915,1429.230522520941,16884668.383419953,13 32,pass
411,12,8423967.730691344,2040952647.9954915,1429.230522520941,16884668.383419953,13 28,pass
412,12,8438998.587834202,2040952647.9954915,1429.230522520941,16884668.383419953,13 24,pass
413,12,8460041.787834201,2040952647.9954915,1429.230522520941,16884668.383419953,13 20,pass
414,12,8491606.587834202,2040952647.9954915,1429.230522520941,16884668.383419953,13 16,pass
415,16,12567629.991452044,2281447068.300693,1594.1563213178515,19574433.005709708,14 48,fail
416,16,12572901.264179315,2281447068.300693,1594.1563213178515,19574433.005709708,14 44,fail
417,16,12579226.791452045,2281447068.300693,1594.1563213178515,19574433.005709708,14 40,fail
418,16,12586957.991452044,2281447068.300693,1594.1563213178515,19574433.005709708,14 36,fail
419,16,12596621.991452044,2281447068.300693,1594.1563213178515,19574433.005709708,14 32,fail
420,16,12609047.134309186,2281447068.300693,1594.1563213178515,19574433.005709708,14 28,fail
421,16,12625613.991452044,2281447068.300693,1594.1563213178515,19574433.005709708,14 24,fail
422,16,12648807.591452042,2281447068.300693,1594.1563213178515,19574433.005709708,14 20,fail
423,16,12683597.991452044,2281447068.300693,1594.1563213178515,19574433.005709708,14 16,fail
424,16,12567629.991452044,2281447068.300693,1594.1563213178515,19574433.005709708,15 48,fail
425,16,12572901.264179315,2281447068.300693,1594.1563213178515,19574433.005709708,15 44,fail
426,16,12579226.791452045,2281447068.300693,1594.1563213178515,19574433.005709708,15 40,fail
427,16,12586957.991452044,2281447068.300693,1594.1563213178515,19574433.005709708,15 36,fail
428,16,12596621.991452044,2281447068.300693,1594.1563213178515,19574433.005709708,15 32,fail
429,16,12609047.134309186,2281447068.300693,1594.1563213178515,19574433.005709708,15 28,fail
430,16,12625613.991452044,2281447068.300693,1594.1563213178515,19574433.005709708,15 24,fail
431,16,12648807.591452042,2281447068.300693,1594.1563213178515,19574433.005709708,15 20,fail
432,16,12683597.991452044,2281447068.300693,1594.1563213178515,19574433.005709708,15 16,fail
433,16,12567629.991452044,2281447068.300693,1594.1563213178515,19574433.005709708,16 48,fail
434,16,12572901.264179315,2281447068.300693,1594.1563213178515,19574433.005709708,16 44,fail
435,16,12579226.791452045,2281447068.300693,1594.1563213178515,19574433.005709708,16 40,fail
436,16,12586957.991452044,2281447068.300693,1594.1563213178515,19574433.005709708,16 36,fail
437,16,12596621.991452044,2281447068.300693,1594.1563213178515,19574433.005709708,16 32,fail
438,16,12609047.134309186,2281447068.300693,1594.1563213178515,19574433.005709708,16 28,fail
439,16,12625613.991452044,2281447068.300693,1594.1563213178515,19574433.005709708,16 24,fail
440,16,12648807.591452042,2281447068.300693,1594.1563213178515,19574433.005709708,16 20,fail
441,16,12683597.991452044,2281447068.300693,1594.1563213178515,19574433.005709708,16 16,fail
442,16,12567629.991452044,2281447068.300693,1594.1563213178515,19574433.005709708,17 48,fail
443,16,12572901.264179315,2281447068.300693,1594.1563213178515,19574433.005709708,17 44,fail
444,16,12579226.791452045,2281447068.300693,1594.1563213178515,19574433.005709708,17 40,fail
445,16,12586957.991452044,2281447068.300693,1594.1563213178515,19574433.005709708,17 36,fail
446,16,12596621.991452044,2281447068.300693,1594.1563213178515,19574433.005709708,17 32,fail
447,16,12609047.134309186,2281447068.300693,1594.1563213178515,19574433.005709708,17 28,fail
448,16,12625613.991452044,2281447068.300693,1594.1563213178515,19574433.005709708,17 24,fail
449,16,12648807.591452042,2281447068.300693,1594.1563213178515,19574433.005709708,17 20,fail
450,16,12683597.991452044,2281447068.300693,1594.1563213178515,19574433.005709708,17 16,fail
451,16,12567629.991452044,2281447068.300693,1594.1563213178515,19574433.005709708,18 48,fail
452,16,12572901.264179315,2281447068.300693,1594.1563213178515,19574433.005709708,18 44,fail
453,16,12579226.791452045,2281447068.300693,1594.1563213178515,19574433.005709708,18 40,fail
454,16,12586957.991452044,2281447068.300693,1594.1563213178515,19574433.005709708,18 36,fail
455,16,12596621.991452044,2281447068.300693,1594.1563213178515,19574433.005709708,18 32,fail
456,16,12609047.134309186,2281447068.300693,1594.1563213178515,19574433.005709708,18 28,fail
457,16,12625613.991452044,2281447068.300693,1594.1563213178515,19574433.005709708,18 24,fail
458,16,12648807.591452042,2281447068.300693,1594.1563213178515,19574433.005709708,18 20,fail
459,16,12683597.991452044,2281447068.300693,1594.1563213178515,19574433.005709708,18 16,fail
460,16,12567629.991452044,2281447068.300693,1594.1563213178515,19574433.005709708,19 48,fail
461,16,12572901.264179315,2281447068.300693,1594.1563213178515,19574433.005709708,19 44,fail
462,16,12579226.791452045,2281447068.300693,1594.1563213178515,19574433.005709708,19 40,fail
463,16,12586957.991452044,2281447068.300693,1594.1563213178515,19574433.005709708,19 36,fail
464,16,12596621.991452044,2281447068.300693,1594.1563213178515,19574433.005709708,19 32,fail
465,16,12609047.134309186,2281447068.300693,1594.1563213178515,19574433.005709708,19 28,fail
466,16,12625613.991452044,2281447068.300693,1594.1563213178515,19574433.005709708,19 24,fail
467,16,12648807.591452042,2281447068.300693,1594.1563213178515,19574433.005709708,19 20,fail
468,16,12683597.991452044,2281447068.300693,1594.1563213178515,19574433.005709708,19 16,fail
469,16,12567629.991452044,2281447068.300693,1594.1563213178515,19574433.005709708,20 48,fail
470,16,12572901.264179315,2281447068.300693,1594.1563213178515,19574433.005709708,20 44,fail
471,16,12579226.791452045,2281447068.300693,1594.1563213178515,19574433.005709708,20 40,fail
472,16,12586957.991452044,2281447068.300693,1594.1563213178515,19574433.005709708,20 36,fail
473,16,12596621.991452044,2281447068.300693,1594.1563213178515,19574433.005709708,20 32,fail
474,16,12609047.134309186,2281447068.300693,1594.1563213178515,19574433.005709708,20 28,fail
475,16,12625613.991452044,2281447068.300693,1594.1563213178515,19574433.005709708,20 24,fail
476,16,12648807.591452042,2281447068.300693,1594.1563213178515,19574433.005709708,20 20,fail
477,16,12683597.991452044,2281447068.300693,1594.1563213178515,19574433.005709708,20 16,fail
478,16,12567629.991452044,2281447068.300693,1594.1563213178515,19574433.005709708,21 48,fail
479,16,12572901.264179315,2281447068.300693,1594.1563213178515,19574433.005709708,21 44,fail
480,16,12579226.791452045,2281447068.300693,1594.1563213178515,19574433.005709708,21 40,fail
481,16,12586957.991452044,2281447068.300693,1594.1563213178515,19574433.005709708,21 36,fail
482,16,12596621.991452044,2281447068.300693,1594.1563213178515,19574433.005709708,21 32,fail
483,16,12609047.134309186,2281447068.300693,1594.1563213178515,19574433.005709708,21 28,fail
484,16,12625613.991452044,2281447068.300693,1594.1563213178515,19574433.005709708,21 24,fail
485,16,12648807.591452042,2281447068.300693,1594.1563213178515,19574433.005709708,21 20,fail
486,16,12683597.991452044,2281447068.300693,1594.1563213178515,19574433.005709708,21 16,fail
487,16,12567629.991452044,2281447068.300693,1594.1563213178515,19574433.005709708,22 48,fail
488,16,12572901.264179315,2281447068.300693,1594.1563213178515,19574433.005709708,22 44,fail
489,16,12579226.791452045,2281447068.300693,1594.1563213178515,19574433.005709708,22 40,fail
490,16,12586957.991452044,2281447068.300693,1594.1563213178515,19574433.005709708,22 36,fail
491,16,12596621.991452044,2281447068.300693,1594.1563213178515,19574433.005709708,22 32,fail
492,16,12609047.134309186,2281447068.300693,1594.1563213178515,19574433.005709708,22 28,fail
493,16,12625613.991452044,2281447068.300693,1594.1563213178515,19574433.005709708,22 24,fail
494,16,12648807.591452042,2281447068.300693,1594.1563213178515,19574433.005709708,22 20,fail
495,16,12683597.991452044,2281447068.300693,1594.1563213178515,19574433.005709708,22 16,fail
496,16,12567629.991452044,2281447068.300693,1594.1563213178515,19574433.005709708,23 48,fail
497,16,12572901.264179315,2281447068.300693,1594.1563213178515,19574433.005709708,23 44,fail
498,16,12579226.791452045,2281447068.300693,1594.1563213178515,19574433.005709708,23 40,fail
499,16,12586957.991452044,2281447068.300693,1594.1563213178515,19574433.005709708,23 36,fail
500,16,12596621.991452044,2281447068.300693,1594.1563213178515,19574433.005709708,23 32,fail
501,16,12609047.134309186,2281447068.300693,1594.1563213178515,19574433.005709708,23 28,fail
502,16,12625613.991452044,2281447068.300693,1594.1563213178515,19574433.005709708,23 24,fail
503,16,12648807.591452042,2281447068.300693,1594.1563213178515,19574433.005709708,23 20,fail
504,16,12683597.991452044,2281447068.300693,1594.1563213178515,19574433.005709708,23 16,fail
505,16,12567629.991452044,2281447068.300693,1594.1563213178515,19574433.005709708,24 48,fail
506,16,12572901.264179315,2281447068.300693,1594.1563213178515,19574433.005709708,24 44,fail
507,16,12579226.791452045,2281447068.300693,1594.1563213178515,19574433.005709708,24 40,fail
508,16,12586957.991452044,2281447068.300693,1594.1563213178515,19574433.005709708,24 36,fail
509,16,12596621.991452044,2281447068.300693,1594.1563213178515,19574433.005709708,24 32,fail
510,16,12609047.134309186,2281447068.300693,1594.1563213178515,19574433.005709708,24 28,fail
511,16,12625613.991452044,2281447068.300693,1594.1563213178515,19574433.005709708,24 24,fail
512,16,12648807.591452042,2281447068.300693,1594.1563213178515,19574433.005709708,24 20,fail
513,16,12683597.991452044,2281447068.300693,1594.1563213178515,19574433.005709708,24 16,fail
514,0,0.0,0.0,0.0,0.0,6 48,fail
515,0,0.0,0.0,0.0,0.0,6 44,fail
516,0,0.0,0.0,0.0,0.0,6 40,fail
517,0,0.0,0.0,0.0,0.0,6 36,fail
518,0,0.0,0.0,0.0,0.0,6 32,fail
519,0,0.0,0.0,0.0,0.0,6 28,fail
520,0,0.0,0.0,0.0,0.0,6 24,fail
521,0,0.0,0.0,0.0,0.0,6 20,fail
522,0,0.0,0.0,0.0,0.0,6 16,fail
523,0,0.0,0.0,0.0,0.0,7 48,fail
524,0,0.0,0.0,0.0,0.0,7 44,fail
525,0,0.0,0.0,0.0,0.0,7 40,fail
526,0,0.0,0.0,0.0,0.0,7 36,fail
527,0,0.0,0.0,0.0,0.0,7 32,fail
528,0,0.0,0.0,0.0,0.0,7 28,fail
529,0,0.0,0.0,0.0,0.0,7 24,fail
530,0,0.0,0.0,0.0,0.0,7 20,fail
531,0,0.0,0.0,0.0,0.0,7 16,fail
532,0,0.0,0.0,0.0,0.0,8 48,fail
533,0,0.0,0.0,0.0,0.0,8 44,fail
534,0,0.0,0.0,0.0,0.0,8 40,fail
535,0,0.0,0.0,0.0,0.0,8 36,fail
536,0,0.0,0.0,0.0,0.0,8 32,fail
537,0,0.0,0.0,0.0,0.0,8 28,fail
538,0,0.0,0.0,0.0,0.0,8 24,fail
539,0,0.0,0.0,0.0,0.0,8 20,fail
540,0,0.0,0.0,0.0,0.0,8 16,fail
541,2,183201.04905342543,955477832.0233668,679.2252546214326,2911108.5167614887,9 48,pass
542,2,184876.6854170618,955477832.0233668,679.2252546214326,2911108.5167614887,9 44,pass
543,2,186887.44905342543,955477832.0233668,679.2252546214326,2911108.5167614887,9 40,pass
544,2,189345.04905342543,955477832.0233668,679.2252546214326,2911108.5167614887,9 36,pass
545,2,192417.04905342543,955477832.0233668,679.2252546214326,2911108.5167614887,9 32,pass
546,2,196366.76333913967,955477832.0233668,679.2252546214326,2911108.5167614887,9 28,pass
547,2,201633.04905342543,955477832.0233668,679.2252546214326,2911108.5167614887,9 24,pass
548,2,209005.84905342545,955477832.0233668,679.2252546214326,2911108.5167614887,9 20,pass
549,2,220065.04905342543,955477832.0233668,679.2252546214326,2911108.5167614887,9 16,pass
550,3,373048.62463312,1085474815.9721243,766.992962749932,4955564.531939677,10 48,pass
551,3,375143.1700876654,1085474815.9721243,766.992962749932,4955564.531939677,10 44,pass
552,3,377656.62463312,1085474815.9721243,766.992962749932,4955564.531939677,10 40,pass
553,3,380728.62463312,1085474815.9721243,766.992962749932,4955564.531939677,10 36,pass
554,3,384568.62463312,1085474815.9721243,766.992962749932,4955564.531939677,10 32,pass
555,3,389505.76749026286,1085474815.9721243,766.992962749932,4955564.531939677,10 28,pass
556,3,396088.62463312,1085474815.9721243,766.992962749932,4955564.531939677,10 24,pass
557,3,405304.62463312,1085474815.9721243,766.992962749932,4955564.531939677,10 20,pass
558,3,419128.62463312,1085474815.9721243,766.992962749932,4955564.531939677,10 16,pass
559,4,403737.09810685087,1501465164.608148,1062.7261174689477,5388948.237374164,11 48,pass
560,4,407472.3708341236,1501465164.608148,1062.7261174689477,5388948.237374164,11 44,pass
561,4,411954.6981068509,1501465164.608148,1062.7261174689477,5388948.237374164,11 40,pass
562,4,417433.09810685087,1501465164.608148,1062.7261174689477,5388948.237374164,11 36,pass
563,4,424281.09810685087,1501465164.608148,1062.7261174689477,5388948.237374164,11 32,pass
564,4,433085.6695354224,1501465164.608148,1062.7261174689477,5388948.237374164,11 28,pass
565,4,444825.09810685087,1501465164.608148,1062.7261174689477,5388948.237374164,11 24,pass
566,4,461260.2981068509,1501465164.608148,1062.7261174689477,5388948.237374164,11 20,pass
567,4,485913.09810685087,1501465164.608148,1062.7261174689477,5388948.237374164,11 16,pass
568,7,632236.4614763928,1813457926.085166,1284.432926353331,7488247.231193146,12 48,pass
569,7,635971.7342036654,1813457926.085166,1284.432926353331,7488247.231193146,12 44,pass
570,7,640454.0614763927,1813457926.085166,1284.432926353331,7488247.231193146,12 40,pass
571,7,645932.4614763928,1813457926.085166,1284.432926353331,7488247.231193146,12 36,pass
572,7,652780.4614763928,1813457926.085166,1284.432926353331,7488247.231193146,12 32,pass
573,7,661585.032904964,1813457926.085166,1284.432926353331,7488247.231193146,12 28,pass
574,7,673324.4614763928,1813457926.085166,1284.432926353331,7488247.231193146,12 24,pass
575,7,689759.6614763926,1813457926.085166,1284.432926353331,7488247.231193146,12 20,pass
576,7,714412.4614763928,1813457926.085166,1284.432926353331,7488247.231193146,12 16,pass
577,11,4514264.169283986,2027952949.6006155,1427.6360996480237,15742193.992227796,13 48,pass
578,11,4518767.44201126,2027952949.6006155,1427.6360996480237,15742193.992227796,13 44,pass
579,11,4524171.369283987,2027952949.6006155,1427.6360996480237,15742193.992227796,13 40,pass
580,11,4530776.169283986,2027952949.6006155,1427.6360996480237,15742193.992227796,13 36,pass
581,11,4539032.169283986,2027952949.6006155,1427.6360996480237,15742193.992227796,13 32,pass
582,11,4549647.026426844,2027952949.6006155,1427.6360996480237,15742193.992227796,13 28,pass
583,11,4563800.169283986,2027952949.6006155,1427.6360996480237,15742193.992227796,13 24,pass
584,11,4583614.569283987,2027952949.6006155,1427.6360996480237,15742193.992227796,13 20,pass
585,11,4613336.169283986,2027952949.6006155,1427.6360996480237,15742193.992227796,13 16,pass
586,16,12567629.991452044,2281447068.300693,1594.1563213178515,19574433.005709708,14 48,fail
587,16,12572901.264179315,2281447068.300693,1594.1563213178515,19574433.005709708,14 44,fail
588,16,12579226.791452045,2281447068.300693,1594.1563213178515,19574433.005709708,14 40,fail
589,16,12586957.991452044,2281447068.300693,1594.1563213178515,19574433.005709708,14 36,fail
590,16,12596621.991452044,2281447068.300693,1594.1563213178515,19574433.005709708,14 32,fail
591,16,12609047.134309186,2281447068.300693,1594.1563213178515,19574433.005709708,14 28,fail
592,16,12625613.991452044,2281447068.300693,1594.1563213178515,19574433.005709708,14 24,fail
593,16,12648807.591452042,2281447068.300693,1594.1563213178515,19574433.005709708,14 20,fail
594,16,12683597.991452044,2281447068.300693,1594.1563213178515,19574433.005709708,14 16,fail
595,16,12567629.991452044,2281447068.300693,1594.1563213178515,19574433.005709708,15 48,fail
596,16,12572901.264179315,2281447068.300693,1594.1563213178515,19574433.005709708,15 44,fail
597,16,12579226.791452045,2281447068.300693,1594.1563213178515,19574433.005709708,15 40,fail
598,16,12586957.991452044,2281447068.300693,1594.1563213178515,19574433.005709708,15 36,fail
599,16,12596621.991452044,2281447068.300693,1594.1563213178515,19574433.005709708,15 32,fail
600,16,12609047.134309186,2281447068.300693,1594.1563213178515,19574433.005709708,15 28,fail
601,16,12625613.991452044,2281447068.300693,1594.1563213178515,19574433.005709708,15 24,fail
602,16,12648807.591452042,2281447068.300693,1594.1563213178515,19574433.005709708,15 20,fail
603,16,12683597.991452044,2281447068.300693,1594.1563213178515,19574433.005709708,15 16,fail
604,16,12567629.991452044,2281447068.300693,1594.1563213178515,19574433.005709708,16 48,fail
605,16,12572901.264179315,2281447068.300693,1594.1563213178515,19574433.005709708,16 44,fail
606,16,12579226.791452045,2281447068.300693,1594.1563213178515,19574433.005709708,16 40,fail
607,16,12586957.991452044,2281447068.300693,1594.1563213178515,19574433.005709708,16 36,fail
608,16,12596621.991452044,2281447068.300693,1594.1563213178515,19574433.005709708,16 32,fail
609,16,12609047.134309186,2281447068.300693,1594.1563213178515,19574433.005709708,16 28,fail
610,16,12625613.991452044,2281447068.300693,1594.1563213178515,19574433.005709708,16 24,fail
611,16,12648807.591452042,2281447068.300693,1594.1563213178515,19574433.005709708,16 20,fail
612,16,12683597.991452044,2281447068.300693,1594.1563213178515,19574433.005709708,16 16,fail
613,16,12567629.991452044,2281447068.300693,1594.1563213178515,19574433.005709708,17 48,fail
614,16,12572901.264179315,2281447068.300693,1594.1563213178515,19574433.005709708,17 44,fail
615,16,12579226.791452045,2281447068.300693,1594.1563213178515,19574433.005709708,17 40,fail
616,16,12586957.991452044,2281447068.300693,1594.1563213178515,19574433.005709708,17 36,fail
617,16,12596621.991452044,2281447068.300693,1594.1563213178515,19574433.005709708,17 32,fail
618,16,12609047.134309186,2281447068.300693,1594.1563213178515,19574433.005709708,17 28,fail
619,16,12625613.991452044,2281447068.300693,1594.1563213178515,19574433.005709708,17 24,fail
620,16,12648807.591452042,2281447068.300693,1594.1563213178515,19574433.005709708,17 20,fail
621,16,12683597.991452044,2281447068.300693,1594.1563213178515,19574433.005709708,17 16,fail
622,16,12567629.991452044,2281447068.300693,1594.1563213178515,19574433.005709708,18 48,fail
623,16,12572901.264179315,2281447068.300693,1594.1563213178515,19574433.005709708,18 44,fail
624,16,12579226.791452045,2281447068.300693,1594.1563213178515,19574433.005709708,18 40,fail
625,16,12586957.991452044,2281447068.300693,1594.1563213178515,19574433.005709708,18 36,fail
626,16,12596621.991452044,2281447068.300693,1594.1563213178515,19574433.005709708,18 32,fail
627,16,12609047.134309186,2281447068.300693,1594.1563213178515,19574433.005709708,18 28,fail
628,16,12625613.991452044,2281447068.300693,1594.1563213178515,19574433.005709708,18 24,fail
629,16,12648807.591452042,2281447068.300693,1594.1563213178515,19574433.005709708,18 20,fail
630,16,12683597.991452044,2281447068.300693,1594.1563213178515,19574433.005709708,18 16,fail
631,16,12567629.991452044,2281447068.300693,1594.1563213178515,19574433.005709708,19 48,fail
632,16,12572901.264179315,2281447068.300693,1594.1563213178515,19574433.005709708,19 44,fail
633,16,12579226.791452045,2281447068.300693,1594.1563213178515,19574433.005709708,19 40,fail
634,16,12586957.991452044,2281447068.300693,1594.1563213178515,19574433.005709708,19 36,fail
635,16,12596621.991452044,2281447068.300693,1594.1563213178515,19574433.005709708,19 32,fail
636,16,12609047.134309186,2281447068.300693,1594.1563213178515,19574433.005709708,19 28,fail
637,16,12625613.991452044,2281447068.300693,1594.1563213178515,19574433.005709708,19 24,fail
638,16,12648807.591452042,2281447068.300693,1594.1563213178515,19574433.005709708,19 20,fail
639,16,12683597.991452044,2281447068.300693,1594.1563213178515,19574433.005709708,19 16,fail
640,16,12567629.991452044,2281447068.300693,1594.1563213178515,19574433.005709708,20 48,fail
641,16,12572901.264179315,2281447068.300693,1594.1563213178515,19574433.005709708,20 44,fail
642,16,12579226.791452045,2281447068.300693,1594.1563213178515,19574433.005709708,20 40,fail
643,16,12586957.991452044,2281447068.300693,1594.1563213178515,19574433.005709708,20 36,fail
644,16,12596621.991452044,2281447068.300693,1594.1563213178515,19574433.005709708,20 32,fail
645,16,12609047.134309186,2281447068.300693,1594.1563213178515,19574433.005709708,20 28,fail
646,16,12625613.991452044,2281447068.300693,1594.1563213178515,19574433.005709708,20 24,fail
647,16,12648807.591452042,2281447068.300693,1594.1563213178515,19574433.005709708,20 20,fail
648,16,12683597.991452044,2281447068.300693,1594.1563213178515,19574433.005709708,20 16,fail
649,16,12567629.991452044,2281447068.300693,1594.1563213178515,19574433.005709708,21 48,fail
650,16,12572901.264179315,2281447068.300693,1594.1563213178515,19574433.005709708,21 44,fail
651,16,12579226.791452045,2281447068.300693,1594.1563213178515,19574433.005709708,21 40,fail
652,16,12586957.991452044,2281447068.300693,1594.1563213178515,19574433.005709708,21 36,fail
653,16,12596621.991452044,2281447068.300693,1594.1563213178515,19574433.005709708,21 32,fail
654,16,12609047.134309186,2281447068.300693,1594.1563213178515,19574433.005709708,21 28,fail
655,16,12625613.991452044,2281447068.300693,1594.1563213178515,19574433.005709708,21 24,fail
656,16,12648807.591452042,2281447068.300693,1594.1563213178515,19574433.005709708,21 20,fail
657,16,12683597.991452044,2281447068.300693,1594.1563213178515,19574433.005709708,21 16,fail
658,16,12567629.991452044,2281447068.300693,1594.1563213178515,19574433.005709708,22 48,fail
659,16,12572901.264179315,2281447068.300693,1594.1563213178515,19574433.005709708,22 44,fail
660,16,12579226.791452045,2281447068.300693,1594.1563213178515,19574433.005709708,22 40,fail
661,16,12586957.991452044,2281447068.300693,1594.1563213178515,19574433.005709708,22 36,fail
662,16,12596621.991452044,2281447068.300693,1594.1563213178515,19574433.005709708,22 32,fail
663,16,12609047.134309186,2281447068.300693,1594.1563213178515,19574433.005709708,22 28,fail
664,16,12625613.991452044,2281447068.300693,1594.1563213178515,19574433.005709708,22 24,fail
665,16,12648807.591452042,2281447068.300693,1594.1563213178515,19574433.005709708,22 20,fail
666,16,12683597.991452044,2281447068.300693,1594.1563213178515,19574433.005709708,22 16,fail
667,16,12567629.991452044,2281447068.300693,1594.1563213178515,19574433.005709708,23 48,fail
668,16,12572901.264179315,2281447068.300693,1594.1563213178515,19574433.005709708,23 44,fail
669,16,12579226.791452045,2281447068.300693,1594.1563213178515,19574433.005709708,23 40,fail
670,16,12586957.991452044,2281447068.300693,1594.1563213178515,19574433.005709708,23 36,fail
671,16,12596621.991452044,2281447068.300693,1594.1563213178515,19574433.005709708,23 32,fail
672,16,12609047.134309186,2281447068.300693,1594.1563213178515,19574433.005709708,23 28,fail
673,16,12625613.991452044,2281447068.300693,1594.1563213178515,19574433.005709708,23 24,fail
674,16,12648807.591452042,2281447068.300693,1594.1563213178515,19574433.005709708,23 20,fail
675,16,12683597.991452044,2281447068.300693,1594.1563213178515,19574433.005709708,23 16,fail
676,16,12567629.991452044,2281447068.300693,1594.1563213178515,19574433.005709708,24 48,fail
677,16,12572901.264179315,2281447068.300693,1594.1563213178515,19574433.005709708,24 44,fail
678,16,12579226.791452045,2281447068.300693,1594.1563213178515,19574433.005709708,24 40,fail
679,16,12586957.991452044,2281447068.300693,1594.1563213178515,19574433.005709708,24 36,fail
680,16,12596621.991452044,2281447068.300693,1594.1563213178515,19574433.005709708,24 32,fail
681,16,12609047.134309186,2281447068.300693,1594.1563213178515,19574433.005709708,24 28,fail
682,16,12625613.991452044,2281447068.300693,1594.1563213178515,19574433.005709708,24 24,fail
683,16,12648807.591452042,2281447068.300693,1594.1563213178515,19574433.005709708,24 20,fail
684,16,12683597.991452044,2281447068.300693,1594.1563213178515,19574433.005709708,24 16,fail
685,0,0.0,0.0,0.0,0.0,6 48,fail
686,0,0.0,0.0,0.0,0.0,6 44,fail
687,0,0.0,0.0,0.0,0.0,6 40,fail
688,0,0.0,0.0,0.0,0.0,6 36,fail
689,0,0.0,0.0,0.0,0.0,6 32,fail
690,0,0.0,0.0,0.0,0.0,6 28,fail
691,0,0.0,0.0,0.0,0.0,6 24,fail
692,0,0.0,0.0,0.0,0.0,6 20,fail
693,0,0.0,0.0,0.0,0.0,6 16,fail
694,0,0.0,0.0,0.0,0.0,7 48,fail
695,0,0.0,0.0,0.0,0.0,7 44,fail
696,0,0.0,0.0,0.0,0.0,7 40,fail
697,0,0.0,0.0,0.0,0.0,7 36,fail
698,0,0.0,0.0,0.0,0.0,7 32,fail
699,0,0.0,0.0,0.0,0.0,7 28,fail
700,0,0.0,0.0,0.0,0.0,7 24,fail
701,0,0.0,0.0,0.0,0.0,7 20,fail
702,0,0.0,0.0,0.0,0.0,7 16,fail
703,0,0.0,0.0,0.0,0.0,8 48,fail
704,0,0.0,0.0,0.0,0.0,8 44,fail
705,0,0.0,0.0,0.0,0.0,8 40,fail
706,0,0.0,0.0,0.0,0.0,8 36,fail
707,0,0.0,0.0,0.0,0.0,8 32,fail
708,0,0.0,0.0,0.0,0.0,8 28,fail
709,0,0.0,0.0,0.0,0.0,8 24,fail
710,0,0.0,0.0,0.0,0.0,8 20,fail
711,0,0.0,0.0,0.0,0.0,8 16,fail
712,2,183201.04905342543,955477832.0233668,679.2252546214326,2911108.5167614887,9 48,pass
713,2,184876.6854170618,955477832.0233668,679.2252546214326,2911108.5167614887,9 44,pass
714,2,186887.44905342543,955477832.0233668,679.2252546214326,2911108.5167614887,9 40,pass
715,2,189345.04905342543,955477832.0233668,679.2252546214326,2911108.5167614887,9 36,pass
716,2,192417.04905342543,955477832.0233668,679.2252546214326,2911108.5167614887,9 32,pass
717,2,196366.76333913967,955477832.0233668,679.2252546214326,2911108.5167614887,9 28,pass
718,2,201633.04905342543,955477832.0233668,679.2252546214326,2911108.5167614887,9 24,pass
719,2,209005.84905342545,955477832.0233668,679.2252546214326,2911108.5167614887,9 20,pass
720,2,220065.04905342543,955477832.0233668,679.2252546214326,2911108.5167614887,9 16,pass
721,3,373048.62463312,1085474815.9721243,766.992962749932,4955564.531939677,10 48,pass
722,3,375143.1700876654,1085474815.9721243,766.992962749932,4955564.531939677,10 44,pass
723,3,377656.62463312,1085474815.9721243,766.992962749932,4955564.531939677,10 40,pass
724,3,380728.62463312,1085474815.9721243,766.992962749932,4955564.531939677,10 36,pass
725,3,384568.62463312,1085474815.9721243,766.992962749932,4955564.531939677,10 32,pass
726,3,389505.76749026286,1085474815.9721243,766.992962749932,4955564.531939677,10 28,pass
727,3,396088.62463312,1085474815.9721243,766.992962749932,4955564.531939677,10 24,pass
728,3,405304.62463312,1085474815.9721243,766.992962749932,4955564.531939677,10 20,pass
729,3,419128.62463312,1085474815.9721243,766.992962749932,4955564.531939677,10 16,pass
730,4,403737.09810685087,1501465164.608148,1062.7261174689477,5388948.237374164,11 48,pass
731,4,407472.3708341236,1501465164.608148,1062.7261174689477,5388948.237374164,11 44,pass
732,4,411954.6981068509,1501465164.608148,1062.7261174689477,5388948.237374164,11 40,pass
733,4,417433.09810685087,1501465164.608148,1062.7261174689477,5388948.237374164,11 36,pass
734,4,424281.09810685087,1501465164.608148,1062.7261174689477,5388948.237374164,11 32,pass
735,4,433085.6695354224,1501465164.608148,1062.7261174689477,5388948.237374164,11 28,pass
736,4,444825.09810685087,1501465164.608148,1062.7261174689477,5388948.237374164,11 24,pass
737,4,461260.2981068509,1501465164.608148,1062.7261174689477,5388948.237374164,11 20,pass
738,4,485913.09810685087,1501465164.608148,1062.7261174689477,5388948.237374164,11 16,pass
739,7,632236.4614763928,1813457926.085166,1284.432926353331,7488247.231193146,12 48,pass
740,7,635971.7342036654,1813457926.085166,1284.432926353331,7488247.231193146,12 44,pass
741,7,640454.0614763927,1813457926.085166,1284.432926353331,7488247.231193146,12 40,pass
742,7,645932.4614763928,1813457926.085166,1284.432926353331,7488247.231193146,12 36,pass
743,7,652780.4614763928,1813457926.085166,1284.432926353331,7488247.231193146,12 32,pass
744,7,661585.032904964,1813457926.085166,1284.432926353331,7488247.231193146,12 28,pass
745,7,673324.4614763928,1813457926.085166,1284.432926353331,7488247.231193146,12 24,pass
746,7,689759.6614763926,1813457926.085166,1284.432926353331,7488247.231193146,12 20,pass
747,7,714412.4614763928,1813457926.085166,1284.432926353331,7488247.231193146,12 16,pass
748,11,4514264.169283986,2027952949.6006155,1427.6360996480237,15742193.992227796,13 48,pass
749,11,4518767.44201126,2027952949.6006155,1427.6360996480237,15742193.992227796,13 44,pass
750,11,4524171.369283987,2027952949.6006155,1427.6360996480237,15742193.992227796,13 40,pass
751,11,4530776.169283986,2027952949.6006155,1427.6360996480237,15742193.992227796,13 36,pass
752,11,4539032.169283986,2027952949.6006155,1427.6360996480237,15742193.992227796,13 32,pass
753,11,4549647.026426844,2027952949.6006155,1427.6360996480237,15742193.992227796,13 28,pass
754,11,4563800.169283986,2027952949.6006155,1427.6360996480237,15742193.992227796,13 24,pass
755,11,4583614.569283987,2027952949.6006155,1427.6360996480237,15742193.992227796,13 20,pass
756,11,4613336.169283986,2027952949.6006155,1427.6360996480237,15742193.992227796,13 16,pass
757,16,12567629.991452044,2281447068.300693,1594.1563213178515,19574433.005709708,14 48,fail
758,16,12572901.264179315,2281447068.300693,1594.1563213178515,19574433.005709708,14 44,fail
759,16,12579226.791452045,2281447068.300693,1594.1563213178515,19574433.005709708,14 40,fail
760,16,12586957.991452044,2281447068.300693,1594.1563213178515,19574433.005709708,14 36,fail
761,16,12596621.991452044,2281447068.300693,1594.1563213178515,19574433.005709708,14 32,fail
762,16,12609047.134309186,2281447068.300693,1594.1563213178515,19574433.005709708,14 28,fail
763,16,12625613.991452044,2281447068.300693,1594.1563213178515,19574433.005709708,14 24,fail
764,16,12648807.591452042,2281447068.300693,1594.1563213178515,19574433.005709708,14 20,fail
765,16,12683597.991452044,2281447068.300693,1594.1563213178515,19574433.005709708,14 16,fail
766,16,12567629.991452044,2281447068.300693,1594.1563213178515,19574433.005709708,15 48,fail
767,16,12572901.264179315,2281447068.300693,1594.1563213178515,19574433.005709708,15 44,fail
768,16,12579226.791452045,2281447068.300693,1594.1563213178515,19574433.005709708,15 40,fail
769,16,12586957.991452044,2281447068.300693,1594.1563213178515,19574433.005709708,15 36,fail
770,16,12596621.991452044,2281447068.300693,1594.1563213178515,19574433.005709708,15 32,fail
771,16,12609047.134309186,2281447068.300693,1594.1563213178515,19574433.005709708,15 28,fail
772,16,12625613.991452044,2281447068.300693,1594.1563213178515,19574433.005709708,15 24,fail
773,16,12648807.591452042,2281447068.300693,1594.1563213178515,19574433.005709708,15 20,fail
774,16,12683597.991452044,2281447068.300693,1594.1563213178515,19574433.005709708,15 16,fail
775,16,12567629.991452044,2281447068.300693,1594.1563213178515,19574433.005709708,16 48,fail
776,16,12572901.264179315,2281447068.300693,1594.1563213178515,19574433.005709708,16 44,fail
777,16,12579226.791452045,2281447068.300693,1594.1563213178515,19574433.005709708,16 40,fail
778,16,12586957.991452044,2281447068.300693,1594.1563213178515,19574433.005709708,16 36,fail
779,16,12596621.991452044,2281447068.300693,1594.1563213178515,19574433.005709708,16 32,fail
780,16,12609047.134309186,2281447068.300693,1594.1563213178515,19574433.005709708,16 28,fail
781,16,12625613.991452044,2281447068.300693,1594.1563213178515,19574433.005709708,16 24,fail
782,16,12648807.591452042,2281447068.300693,1594.1563213178515,19574433.005709708,16 20,fail
783,16,12683597.991452044,2281447068.300693,1594.1563213178515,19574433.005709708,16 16,fail
784,16,12567629.991452044,2281447068.300693,1594.1563213178515,19574433.005709708,17 48,fail
785,16,12572901.264179315,2281447068.300693,1594.1563213178515,19574433.005709708,17 44,fail
786,16,12579226.791452045,2281447068.300693,1594.1563213178515,19574433.005709708,17 40,fail
787,16,12586957.991452044,2281447068.300693,1594.1563213178515,19574433.005709708,17 36,fail
788,16,12596621.991452044,2281447068.300693,1594.1563213178515,19574433.005709708,17 32,fail
789,16,12609047.134309186,2281447068.300693,1594.1563213178515,19574433.005709708,17 28,fail
790,16,12625613.991452044,2281447068.300693,1594.1563213178515,19574433.005709708,17 24,fail
791,16,12648807.591452042,2281447068.300693,1594.1563213178515,19574433.005709708,17 20,fail
792,16,12683597.991452044,2281447068.300693,1594.1563213178515,19574433.005709708,17 16,fail
793,16,12567629.991452044,2281447068.300693,1594.1563213178515,19574433.005709708,18 48,fail
794,16,12572901.264179315,2281447068.300693,1594.1563213178515,19574433.005709708,18 44,fail
795,16,12579226.791452045,2281447068.300693,1594.1563213178515,19574433.005709708,18 40,fail
796,16,12586957.991452044,2281447068.300693,1594.1563213178515,19574433.005709708,18 36,fail
797,16,12596621.991452044,2281447068.300693,1594.1563213178515,19574433.005709708,18 32,fail
798,16,12609047.134309186,2281447068.300693,1594.1563213178515,19574433.005709708,18 28,fail
799,16,12625613.991452044,2281447068.300693,1594.1563213178515,19574433.005709708,18 24,fail
800,16,12648807.591452042,2281447068.300693,1594.1563213178515,19574433.005709708,18 20,fail
801,16,12683597.991452044,2281447068.300693,1594.1563213178515,19574433.005709708,18 16,fail
802,16,12567629.991452044,2281447068.300693,1594.1563213178515,19574433.005709708,19 48,fail
803,16,12572901.264179315,2281447068.300693,1594.1563213178515,19574433.005709708,19 44,fail
804,16,12579226.791452045,2281447068.300693,1594.1563213178515,19574433.005709708,19 40,fail
805,16,12586957.991452044,2281447068.300693,1594.1563213178515,19574433.005709708,19 36,fail
806,16,12596621.991452044,2281447068.300693,1594.1563213178515,19574433.005709708,19 32,fail
807,16,12609047.134309186,2281447068.300693,1594.1563213178515,19574433.005709708,19 28,fail
808,16,12625613.991452044,2281447068.300693,1594.1563213178515,19574433.005709708,19 24,fail
809,16,12648807.591452042,2281447068.300693,1594.1563213178515,19574433.005709708,19 20,fail
810,16,12683597.991452044,2281447068.300693,1594.1563213178515,19574433.005709708,19 16,fail
811,16,12567629.991452044,2281447068.300693,1594.1563213178515,19574433.005709708,20 48,fail
812,16,12572901.264179315,2281447068.300693,1594.1563213178515,19574433.005709708,20 44,fail
813,16,12579226.791452045,2281447068.300693,1594.1563213178515,19574433.005709708,20 40,fail
814,16,12586957.991452044,2281447068.300693,1594.1563213178515,19574433.005709708,20 36,fail
815,16,12596621.991452044,2281447068.300693,1594.1563213178515,19574433.005709708,20 32,fail
816,16,12609047.134309186,2281447068.300693,1594.1563213178515,19574433.005709708,20 28,fail
817,16,12625613.991452044,2281447068.300693,1594.1563213178515,19574433.005709708,20 24,fail
818,16,12648807.591452042,2281447068.300693,1594.1563213178515,19574433.005709708,20 20,fail
819,16,12683597.991452044,2281447068.300693,1594.1563213178515,19574433.005709708,20 16,fail
820,16,12567629.991452044,2281447068.300693,1594.1563213178515,19574433.005709708,21 48,fail
821,16,12572901.264179315,2281447068.300693,1594.1563213178515,19574433.005709708,21 44,fail
822,16,12579226.791452045,2281447068.300693,1594.1563213178515,19574433.005709708,21 40,fail
823,16,12586957.991452044,2281447068.300693,1594.1563213178515,19574433.005709708,21 36,fail
824,16,12596621.991452044,2281447068.300693,1594.1563213178515,19574433.005709708,21 32,fail
825,16,12609047.134309186,2281447068.300693,1594.1563213178515,19574433.005709708,21 28,fail
826,16,12625613.991452044,2281447068.300693,1594.1563213178515,19574433.005709708,21 24,fail
827,16,12648807.591452042,2281447068.300693,1594.1563213178515,19574433.005709708,21 20,fail
828,16,12683597.991452044,2281447068.300693,1594.1563213178515,19574433.005709708,21 16,fail
829,16,12567629.991452044,2281447068.300693,1594.1563213178515,19574433.005709708,22 48,fail
830,16,12572901.264179315,2281447068.300693,1594.1563213178515,19574433.005709708,22 44,fail
831,16,12579226.791452045,2281447068.300693,1594.1563213178515,19574433.005709708,22 40,fail
832,16,12586957.991452044,2281447068.300693,1594.1563213178515,19574433.005709708,22 36,fail
833,16,12596621.991452044,2281447068.300693,1594.1563213178515,19574433.005709708,22 32,fail
834,16,12609047.134309186,2281447068.300693,1594.1563213178515,19574433.005709708,22 28,fail
835,16,12625613.991452044,2281447068.300693,1594.1563213178515,19574433.005709708,22 24,fail
836,16,12648807.591452042,2281447068.300693,1594.1563213178515,19574433.005709708,22 20,fail
837,16,12683597.991452044,2281447068.300693,1594.1563213178515,19574433.005709708,22 16,fail
838,16,12567629.991452044,2281447068.300693,1594.1563213178515,19574433.005709708,23 48,fail
839,16,12572901.264179315,2281447068.300693,1594.1563213178515,19574433.005709708,23 44,fail
840,16,12579226.791452045,2281447068.300693,1594.1563213178515,19574433.005709708,23 40,fail
841,16,12586957.991452044,2281447068.300693,1594.1563213178515,19574433.005709708,23 36,fail
842,16,12596621.991452044,2281447068.300693,1594.1563213178515,19574433.005709708,23 32,fail
843,16,12609047.134309186,2281447068.300693,1594.1563213178515,19574433.005709708,23 28,fail
844,16,12625613.991452044,2281447068.300693,1594.1563213178515,19574433.005709708,23 24,fail
845,16,12648807.591452042,2281447068.300693,1594.1563213178515,19574433.005709708,23 20,fail
846,16,12683597.991452044,2281447068.300693,1594.1563213178515,19574433.005709708,23 16,fail
847,16,12567629.991452044,2281447068.300693,1594.1563213178515,19574433.005709708,24 48,fail
848,16,12572901.264179315,2281447068.300693,1594.1563213178515,19574433.005709708,24 44,fail
849,16,12579226.791452045,2281447068.300693,1594.1563213178515,19574433.005709708,24 40,fail
850,16,12586957.991452044,2281447068.300693,1594.1563213178515,19574433.005709708,24 36,fail
851,16,12596621.991452044,2281447068.300693,1594.1563213178515,19574433.005709708,24 32,fail
852,16,12609047.134309186,2281447068.300693,1594.1563213178515,19574433.005709708,24 28,fail
853,16,12625613.991452044,2281447068.300693,1594.1563213178515,19574433.005709708,24 24,fail
854,16,12648807.591452042,2281447068.300693,1594.1563213178515,19574433.005709708,24 20,fail
855,16,12683597.991452044,2281447068.300693,1594.1563213178515,19574433.005709708,24 16,fail
856,0,0.0,0.0,0.0,0.0,6 48,fail
857,0,0.0,0.0,0.0,0.0,6 44,fail
858,0,0.0,0.0,0.0,0.0,6 40,fail
859,0,0.0,0.0,0.0,0.0,6 36,fail
860,0,0.0,0.0,0.0,0.0,6 32,fail
861,0,0.0,0.0,0.0,0.0,6 28,fail
862,0,0.0,0.0,0.0,0.0,6 24,fail
863,0,0.0,0.0,0.0,0.0,6 20,fail
864,0,0.0,0.0,0.0,0.0,6 16,fail
865,0,0.0,0.0,0.0,0.0,7 48,fail
866,0,0.0,0.0,0.0,0.0,7 44,fail
867,0,0.0,0.0,0.0,0.0,7 40,fail
868,0,0.0,0.0,0.0,0.0,7 36,fail
869,0,0.0,0.0,0.0,0.0,7 32,fail
870,0,0.0,0.0,0.0,0.0,7 28,fail
871,0,0.0,0.0,0.0,0.0,7 24,fail
872,0,0.0,0.0,0.0,0.0,7 20,fail
873,0,0.0,0.0,0.0,0.0,7 16,fail
874,0,0.0,0.0,0.0,0.0,8 48,fail
875,0,0.0,0.0,0.0,0.0,8 44,fail
876,0,0.0,0.0,0.0,0.0,8 40,fail
877,0,0.0,0.0,0.0,0.0,8 36,fail
878,0,0.0,0.0,0.0,0.0,8 32,fail
879,0,0.0,0.0,0.0,0.0,8 28,fail
880,0,0.0,0.0,0.0,0.0,8 24,fail
881,0,0.0,0.0,0.0,0.0,8 20,fail
882,0,0.0,0.0,0.0,0.0,8 16,fail
883,2,183201.04905342543,955477832.0233668,679.2252546214326,2911108.5167614887,9 48,pass
884,2,184876.6854170618,955477832.0233668,679.2252546214326,2911108.5167614887,9 44,pass
885,2,186887.44905342543,955477832.0233668,679.2252546214326,2911108.5167614887,9 40,pass
886,2,189345.04905342543,955477832.0233668,679.2252546214326,2911108.5167614887,9 36,pass
887,2,192417.04905342543,955477832.0233668,679.2252546214326,2911108.5167614887,9 32,pass
888,2,196366.76333913967,955477832.0233668,679.2252546214326,2911108.5167614887,9 28,pass
889,2,201633.04905342543,955477832.0233668,679.2252546214326,2911108.5167614887,9 24,pass
890,2,209005.84905342545,955477832.0233668,679.2252546214326,2911108.5167614887,9 20,pass
891,2,220065.04905342543,955477832.0233668,679.2252546214326,2911108.5167614887,9 16,pass
892,3,373048.62463312,1085474815.9721243,766.992962749932,4955564.531939677,10 48,pass
893,3,375143.1700876654,1085474815.9721243,766.992962749932,4955564.531939677,10 44,pass
894,3,377656.62463312,1085474815.9721243,766.992962749932,4955564.531939677,10 40,pass
895,3,380728.62463312,1085474815.9721243,766.992962749932,4955564.531939677,10 36,pass
896,3,384568.62463312,1085474815.9721243,766.992962749932,4955564.531939677,10 32,pass
897,3,389505.76749026286,1085474815.9721243,766.992962749932,4955564.531939677,10 28,pass
898,3,396088.62463312,1085474815.9721243,766.992962749932,4955564.531939677,10 24,pass
899,3,405304.62463312,1085474815.9721243,766.992962749932,4955564.531939677,10 20,pass
900,3,419128.62463312,1085474815.9721243,766.992962749932,4955564.531939677,10 16,pass
901,4,403737.09810685087,1501465164.608148,1062.7261174689477,5388948.237374164,11 48,pass
902,4,407472.3708341236,1501465164.608148,1062.7261174689477,5388948.237374164,11 44,pass
903,4,411954.6981068509,1501465164.608148,1062.7261174689477,5388948.237374164,11 40,pass
904,4,417433.09810685087,1501465164.608148,1062.7261174689477,5388948.237374164,11 36,pass
905,4,424281.09810685087,1501465164.608148,1062.7261174689477,5388948.237374164,11 32,pass
906,4,433085.6695354224,1501465164.608148,1062.7261174689477,5388948.237374164,11 28,pass
907,4,444825.09810685087,1501465164.608148,1062.7261174689477,5388948.237374164,11 24,pass
908,4,461260.2981068509,1501465164.608148,1062.7261174689477,5388948.237374164,11 20,pass
909,4,485913.09810685087,1501465164.608148,1062.7261174689477,5388948.237374164,11 16,pass
910,7,632236.4614763928,1813457926.085166,1284.432926353331,7488247.231193146,12 48,pass
911,7,635971.7342036654,1813457926.085166,1284.432926353331,7488247.231193146,12 44,pass
912,7,640454.0614763927,1813457926.085166,1284.432926353331,7488247.231193146,12 40,pass
913,7,645932.4614763928,1813457926.085166,1284.432926353331,7488247.231193146,12 36,pass
914,7,652780.4614763928,1813457926.085166,1284.432926353331,7488247.231193146,12 32,pass
915,7,661585.032904964,1813457926.085166,1284.432926353331,7488247.231193146,12 28,pass
916,7,673324.4614763928,1813457926.085166,1284.432926353331,7488247.231193146,12 24,pass
917,7,689759.6614763926,1813457926.085166,1284.432926353331,7488247.231193146,12 20,pass
918,7,714412.4614763928,1813457926.085166,1284.432926353331,7488247.231193146,12 16,pass
919,10,1954182.9600088724,2008453402.0083013,1418.3895529994102,12301574.502305536,13 48,pass
920,10,1958267.323645236,2008453402.0083013,1418.3895529994102,12301574.502305536,13 44,pass
921,10,1963168.5600088723,2008453402.0083013,1418.3895529994102,12301574.502305536,13 40,pass
922,10,1969158.9600088724,2008453402.0083013,1418.3895529994102,12301574.502305536,13 36,pass
923,10,1976646.9600088724,2008453402.0083013,1418.3895529994102,12301574.502305536,13 32,pass
924,10,1986274.388580301,2008453402.0083013,1418.3895529994102,12301574.502305536,13 28,pass
925,10,1999110.9600088724,2008453402.0083013,1418.3895529994102,12301574.502305536,13 24,pass
926,10,2017082.1600088724,2008453402.0083013,1418.3895529994102,12301574.502305536,13 20,pass
927,10,2044038.9600088724,2008453402.0083013,1418.3895529994102,12301574.502305536,13 16,pass
928,16,12567629.991452044,2281447068.300693,1594.1563213178515,19574433.005709708,14 48,fail
929,16,12572901.264179315,2281447068.300693,1594.1563213178515,19574433.005709708,14 44,fail
930,16,12579226.791452045,2281447068.300693,1594.1563213178515,19574433.005709708,14 40,fail
931,16,12586957.991452044,2281447068.300693,1594.1563213178515,19574433.005709708,14 36,fail
932,16,12596621.991452044,2281447068.300693,1594.1563213178515,19574433.005709708,14 32,fail
933,16,12609047.134309186,2281447068.300693,1594.1563213178515,19574433.005709708,14 28,fail
934,16,12625613.991452044,2281447068.300693,1594.1563213178515,19574433.005709708,14 24,fail
935,16,12648807.591452042,2281447068.300693,1594.1563213178515,19574433.005709708,14 20,fail
936,16,12683597.991452044,2281447068.300693,1594.1563213178515,19574433.005709708,14 16,fail
937,16,12567629.991452044,2281447068.300693,1594.1563213178515,19574433.005709708,15 48,fail
938,16,12572901.264179315,2281447068.300693,1594.1563213178515,19574433.005709708,15 44,fail
939,16,12579226.791452045,2281447068.300693,1594.1563213178515,19574433.005709708,15 40,fail
940,16,12586957.991452044,2281447068.300693,1594.1563213178515,19574433.005709708,15 36,fail
941,16,12596621.991452044,2281447068.300693,1594.1563213178515,19574433.005709708,15 32,fail
942,16,12609047.134309186,2281447068.300693,1594.1563213178515,19574433.005709708,15 28,fail
943,16,12625613.991452044,2281447068.300693,1594.1563213178515,19574433.005709708,15 24,fail
944,16,12648807.591452042,2281447068.300693,1594.1563213178515,19574433.005709708,15 20,fail
945,16,12683597.991452044,2281447068.300693,1594.1563213178515,19574433.005709708,15 16,fail
946,16,12567629.991452044,2281447068.300693,1594.1563213178515,19574433.005709708,16 48,fail
947,16,12572901.264179315,2281447068.300693,1594.1563213178515,19574433.005709708,16 44,fail
948,16,12579226.791452045,2281447068.300693,1594.1563213178515,19574433.005709708,16 40,fail
949,16,12586957.991452044,2281447068.300693,1594.1563213178515,19574433.005709708,16 36,fail
950,16,12596621.991452044,2281447068.300693,1594.1563213178515,19574433.005709708,16 32,fail
951,16,12609047.134309186,2281447068.300693,1594.1563213178515,19574433.005709708,16 28,fail
952,16,12625613.991452044,2281447068.300693,1594.1563213178515,19574433.005709708,16 24,fail
953,16,12648807.591452042,2281447068.300693,1594.1563213178515,19574433.005709708,16 20,fail
954,16,12683597.991452044,2281447068.300693,1594.1563213178515,19574433.005709708,16 16,fail
955,16,12567629.991452044,2281447068.300693,1594.1563213178515,19574433.005709708,17 48,fail
956,16,12572901.264179315,2281447068.300693,1594.1563213178515,19574433.005709708,17 44,fail
957,16,12579226.791452045,2281447068.300693,1594.1563213178515,19574433.005709708,17 40,fail
958,16,12586957.991452044,2281447068.300693,1594.1563213178515,19574433.005709708,17 36,fail
959,16,12596621.991452044,2281447068.300693,1594.1563213178515,19574433.005709708,17 32,fail
960,16,12609047.134309186,2281447068.300693,1594.1563213178515,19574433.005709708,17 28,fail
961,16,12625613.991452044,2281447068.300693,1594.1563213178515,19574433.005709708,17 24,fail
962,16,12648807.591452042,2281447068.300693,1594.1563213178515,19574433.005709708,17 20,fail
963,16,12683597.991452044,2281447068.300693,1594.1563213178515,19574433.005709708,17 16,fail
964,16,12567629.991452044,2281447068.300693,1594.1563213178515,19574433.005709708,18 48,fail
965,16,12572901.264179315,2281447068.300693,1594.1563213178515,19574433.005709708,18 44,fail
966,16,12579226.791452045,2281447068.300693,1594.1563213178515,19574433.005709708,18 40,fail
967,16,12586957.991452044,2281447068.300693,1594.1563213178515,19574433.005709708,18 36,fail
968,16,12596621.991452044,2281447068.300693,1594.1563213178515,19574433.005709708,18 32,fail
969,16,12609047.134309186,2281447068.300693,1594.1563213178515,19574433.005709708,18 28,fail
970,16,12625613.991452044,2281447068.300693,1594.1563213178515,19574433.005709708,18 24,fail
971,16,12648807.591452042,2281447068.300693,1594.1563213178515,19574433.005709708,18 20,fail
972,16,12683597.991452044,2281447068.300693,1594.1563213178515,19574433.005709708,18 16,fail
973,16,12567629.991452044,2281447068.300693,1594.1563213178515,19574433.005709708,19 48,fail
974,16,12572901.264179315,2281447068.300693,1594.1563213178515,19574433.005709708,19 44,fail
975,16,12579226.791452045,2281447068.300693,1594.1563213178515,19574433.005709708,19 40,fail
976,16,12586957.991452044,2281447068.300693,1594.1563213178515,19574433.005709708,19 36,fail
977,16,12596621.991452044,2281447068.300693,1594.1563213178515,19574433.005709708,19 32,fail
978,16,12609047.134309186,2281447068.300693,1594.1563213178515,19574433.005709708,19 28,fail
979,16,12625613.991452044,2281447068.300693,1594.1563213178515,19574433.005709708,19 24,fail
980,16,12648807.591452042,2281447068.300693,1594.1563213178515,19574433.005709708,19 20,fail
981,16,12683597.991452044,2281447068.300693,1594.1563213178515,19574433.005709708,19 16,fail
982,16,12567629.991452044,2281447068.300693,1594.1563213178515,19574433.005709708,20 48,fail
983,16,12572901.264179315,2281447068.300693,1594.1563213178515,19574433.005709708,20 44,fail
984,16,12579226.791452045,2281447068.300693,1594.1563213178515,19574433.005709708,20 40,fail
985,16,12586957.991452044,2281447068.300693,1594.1563213178515,19574433.005709708,20 36,fail
986,16,12596621.991452044,2281447068.300693,1594.1563213178515,19574433.005709708,20 32,fail
987,16,12609047.134309186,2281447068.300693,1594.1563213178515,19574433.005709708,20 28,fail
988,16,12625613.991452044,2281447068.300693,1594.1563213178515,19574433.005709708,20 24,fail
989,16,12648807.591452042,2281447068.300693,1594.1563213178515,19574433.005709708,20 20,fail
990,16,12683597.991452044,2281447068.300693,1594.1563213178515,19574433.005709708,20 16,fail
991,16,12567629.991452044,2281447068.300693,1594.1563213178515,19574433.005709708,21 48,fail
992,16,12572901.264179315,2281447068.300693,1594.1563213178515,19574433.005709708,21 44,fail
993,16,12579226.791452045,2281447068.300693,1594.1563213178515,19574433.005709708,21 40,fail
994,16,12586957.991452044,2281447068.300693,1594.1563213178515,19574433.005709708,21 36,fail
995,16,12596621.991452044,2281447068.300693,1594.1563213178515,19574433.005709708,21 32,fail
996,16,12609047.134309186,2281447068.300693,1594.1563213178515,19574433.005709708,21 28,fail
997,16,12625613.991452044,2281447068.300693,1594.1563213178515,19574433.005709708,21 24,fail
998,16,12648807.591452042,2281447068.300693,1594.1563213178515,19574433.005709708,21 20,fail
999,16,12683597.991452044,2281447068.300693,1594.1563213178515,19574433.005709708,21 16,fail
1000,16,12567629.991452044,2281447068.300693,1594.1563213178515,19574433.005709708,22 48,fail
1001,16,12572901.264179315,2281447068.300693,1594.1563213178515,19574433.005709708,22 44,fail
1002,16,12579226.791452045,2281447068.300693,1594.1563213178515,19574433.005709708,22 40,fail
1003,16,12586957.991452044,2281447068.300693,1594.1563213178515,19574433.005709708,22 36,fail
1004,16,12596621.991452044,2281447068.300693,1594.1563213178515,19574433.005709708,22 32,fail
1005,16,12609047.134309186,2281447068.300693,1594.1563213178515,19574433.005709708,22 28,fail
1006,16,12625613.991452044,2281447068.300693,1594.1563213178515,19574433.005709708,22 24,fail
1007,16,12648807.591452042,2281447068.300693,1594.1563213178515,19574433.005709708,22 20,fail
1008,16,12683597.991452044,2281447068.300693,1594.1563213178515,19574433.005709708,22 16,fail
1009,16,12567629.991452044,2281447068.300693,1594.1563213178515,19574433.005709708,23 48,fail
1010,16,12572901.264179315,2281447068.300693,1594.1563213178515,19574433.005709708,23 44,fail
1011,16,12579226.791452045,2281447068.300693,1594.1563213178515,19574433.005709708,23 40,fail
1012,16,12586957.991452044,2281447068.300693,1594.1563213178515,19574433.005709708,23 36,fail
1013,16,12596621.991452044,2281447068.300693,1594.1563213178515,19574433.005709708,23 32,fail
1014,16,12609047.134309186,2281447068.300693,1594.1563213178515,19574433.005709708,23 28,fail
1015,16,12625613.991452044,2281447068.300693,1594.1563213178515,19574433.005709708,23 24,fail
1016,16,12648807.591452042,2281447068.300693,1594.1563213178515,19574433.005709708,23 20,fail
1017,16,12683597.991452044,2281447068.300693,1594.1563213178515,19574433.005709708,23 16,fail
1018,16,12567629.991452044,2281447068.300693,1594.1563213178515,19574433.005709708,24 48,fail
1019,16,12572901.264179315,2281447068.300693,1594.1563213178515,19574433.005709708,24 44,fail
1020,16,12579226.791452045,2281447068.300693,1594.1563213178515,19574433.005709708,24 40,fail
1021,16,12586957.991452044,2281447068.300693,1594.1563213178515,19574433.005709708,24 36,fail
1022,16,12596621.991452044,2281447068.300693,1594.1563213178515,19574433.005709708,24 32,fail
1023,16,12609047.134309186,2281447068.300693,1594.1563213178515,19574433.005709708,24 28,fail
1024,16,12625613.991452044,2281447068.300693,1594.1563213178515,19574433.005709708,24 24,fail
1025,16,12648807.591452042,2281447068.300693,1594.1563213178515,19574433.005709708,24 20,fail
1026,16,12683597.991452044,2281447068.300693,1594.1563213178515,19574433.005709708,24 16,fail
1027,0,0.0,0.0,0.0,0.0,6 48,fail
1028,0,0.0,0.0,0.0,0.0,6 44,fail
1029,0,0.0,0.0,0.0,0.0,6 40,fail
1030,0,0.0,0.0,0.0,0.0,6 36,fail
1031,0,0.0,0.0,0.0,0.0,6 32,fail
1032,0,0.0,0.0,0.0,0.0,6 28,fail
1033,0,0.0,0.0,0.0,0.0,6 24,fail
1034,0,0.0,0.0,0.0,0.0,6 20,fail
1035,0,0.0,0.0,0.0,0.0,6 16,fail
1036,0,0.0,0.0,0.0,0.0,7 48,fail
1037,0,0.0,0.0,0.0,0.0,7 44,fail
1038,0,0.0,0.0,0.0,0.0,7 40,fail
1039,0,0.0,0.0,0.0,0.0,7 36,fail
1040,0,0.0,0.0,0.0,0.0,7 32,fail
1041,0,0.0,0.0,0.0,0.0,7 28,fail
1042,0,0.0,0.0,0.0,0.0,7 24,fail
1043,0,0.0,0.0,0.0,0.0,7 20,fail
1044,0,0.0,0.0,0.0,0.0,7 16,fail
1045,0,0.0,0.0,0.0,0.0,8 48,fail
1046,0,0.0,0.0,0.0,0.0,8 44,fail
1047,0,0.0,0.0,0.0,0.0,8 40,fail
1048,0,0.0,0.0,0.0,0.0,8 36,fail
1049,0,0.0,0.0,0.0,0.0,8 32,fail
1050,0,0.0,0.0,0.0,0.0,8 28,fail
1051,0,0.0,0.0,0.0,0.0,8 24,fail
1052,0,0.0,0.0,0.0,0.0,8 20,fail
1053,0,0.0,0.0,0.0,0.0,8 16,fail
1054,2,183201.04905342543,955477832.0233668,679.2252546214326,2911108.5167614887,9 48,pass
1055,2,184876.6854170618,955477832.0233668,679.2252546214326,2911108.5167614887,9 44,pass
1056,2,186887.44905342543,955477832.0233668,679.2252546214326,2911108.5167614887,9 40,pass
1057,2,189345.04905342543,955477832.0233668,679.2252546214326,2911108.5167614887,9 36,pass
1058,2,192417.04905342543,955477832.0233668,679.2252546214326,2911108.5167614887,9 32,pass
1059,2,196366.76333913967,955477832.0233668,679.2252546214326,2911108.5167614887,9 28,pass
1060,2,201633.04905342543,955477832.0233668,679.2252546214326,2911108.5167614887,9 24,pass
1061,2,209005.84905342545,955477832.0233668,679.2252546214326,2911108.5167614887,9 20,pass
1062,2,220065.04905342543,955477832.0233668,679.2252546214326,2911108.5167614887,9 16,pass
1063,3,373048.62463312,1085474815.9721243,766.992962749932,4955564.531939677,10 48,pass
1064,3,375143.1700876654,1085474815.9721243,766.992962749932,4955564.531939677,10 44,pass
1065,3,377656.62463312,1085474815.9721243,766.992962749932,4955564.531939677,10 40,pass
1066,3,380728.62463312,1085474815.9721243,766.992962749932,4955564.531939677,10 36,pass
1067,3,384568.62463312,1085474815.9721243,766.992962749932,4955564.531939677,10 32,pass
1068,3,389505.76749026286,1085474815.9721243,766.992962749932,4955564.531939677,10 28,pass
1069,3,396088.62463312,1085474815.9721243,766.992962749932,4955564.531939677,10 24,pass
1070,3,405304.62463312,1085474815.9721243,766.992962749932,4955564.531939677,10 20,pass
1071,3,419128.62463312,1085474815.9721243,766.992962749932,4955564.531939677,10 16,pass
1072,4,403737.09810685087,1501465164.608148,1062.7261174689477,5388948.237374164,11 48,pass
1073,4,407472.3708341236,1501465164.608148,1062.7261174689477,5388948.237374164,11 44,pass
1074,4,411954.6981068509,1501465164.608148,1062.7261174689477,5388948.237374164,11 40,pass
1075,4,417433.09810685087,1501465164.608148,1062.7261174689477,5388948.237374164,11 36,pass
1076,4,424281.09810685087,1501465164.608148,1062.7261174689477,5388948.237374164,11 32,pass
1077,4,433085.6695354224,1501465164.608148,1062.7261174689477,5388948.237374164,11 28,pass
1078,4,444825.09810685087,1501465164.608148,1062.7261174689477,5388948.237374164,11 24,pass
1079,4,461260.2981068509,1501465164.608148,1062.7261174689477,5388948.237374164,11 20,pass
1080,4,485913.09810685087,1501465164.608148,1062.7261174689477,5388948.237374164,11 16,pass
1081,7,632236.4614763928,1813457926.085166,1284.432926353331,7488247.231193146,12 48,pass
1082,7,635971.7342036654,1813457926.085166,1284.432926353331,7488247.231193146,12 44,pass
1083,7,640454.0614763927,1813457926.085166,1284.432926353331,7488247.231193146,12 40,pass
1084,7,645932.4614763928,1813457926.085166,1284.432926353331,7488247.231193146,12 36,pass
1085,7,652780.4614763928,1813457926.085166,1284.432926353331,7488247.231193146,12 32,pass
1086,7,661585.032904964,1813457926.085166,1284.432926353331,7488247.231193146,12 28,pass
1087,7,673324.4614763928,1813457926.085166,1284.432926353331,7488247.231193146,12 24,pass
1088,7,689759.6614763926,1813457926.085166,1284.432926353331,7488247.231193146,12 20,pass
1089,7,714412.4614763928,1813457926.085166,1284.432926353331,7488247.231193146,12 16,pass
1090,10,1954182.9600088724,2008453402.0083013,1418.3895529994102,12301574.502305536,13 48,pass
1091,10,1958267.323645236,2008453402.0083013,1418.3895529994102,12301574.502305536,13 44,pass
1092,10,1963168.5600088723,2008453402.0083013,1418.3895529994102,12301574.502305536,13 40,pass
1093,10,1969158.9600088724,2008453402.0083013,1418.3895529994102,12301574.502305536,13 36,pass
1094,10,1976646.9600088724,2008453402.0083013,1418.3895529994102,12301574.502305536,13 32,pass
1095,10,1986274.388580301,2008453402.0083013,1418.3895529994102,12301574.502305536,13 28,pass
1096,10,1999110.9600088724,2008453402.0083013,1418.3895529994102,12301574.502305536,13 24,pass
1097,10,2017082.1600088724,2008453402.0083013,1418.3895529994102,12301574.502305536,13 20,pass
1098,10,2044038.9600088724,2008453402.0083013,1418.3895529994102,12301574.502305536,13 16,pass
1099,16,12567629.991452044,2281447068.300693,1594.1563213178515,19574433.005709708,14 48,fail
1100,16,12572901.264179315,2281447068.300693,1594.1563213178515,19574433.005709708,14 44,fail
1101,16,12579226.791452045,2281447068.300693,1594.1563213178515,19574433.005709708,14 40,fail
1102,16,12586957.991452044,2281447068.300693,1594.1563213178515,19574433.005709708,14 36,fail
1103,16,12596621.991452044,2281447068.300693,1594.1563213178515,19574433.005709708,14 32,fail
1104,16,12609047.134309186,2281447068.300693,1594.1563213178515,19574433.005709708,14 28,fail
1105,16,12625613.991452044,2281447068.300693,1594.1563213178515,19574433.005709708,14 24,fail
1106,16,12648807.591452042,2281447068.300693,1594.1563213178515,19574433.005709708,14 20,fail
1107,16,12683597.991452044,2281447068.300693,1594.1563213178515,19574433.005709708,14 16,fail
1108,16,12567629.991452044,2281447068.300693,1594.1563213178515,19574433.005709708,15 48,fail
1109,16,12572901.264179315,2281447068.300693,1594.1563213178515,19574433.005709708,15 44,fail
1110,16,12579226.791452045,2281447068.300693,1594.1563213178515,19574433.005709708,15 40,fail
1111,16,12586957.991452044,2281447068.300693,1594.1563213178515,19574433.005709708,15 36,fail
1112,16,12596621.991452044,2281447068.300693,1594.1563213178515,19574433.005709708,15 32,fail
1113,16,12609047.134309186,2281447068.300693,1594.1563213178515,19574433.005709708,15 28,fail
1114,16,12625613.991452044,2281447068.300693,1594.1563213178515,19574433.005709708,15 24,fail
1115,16,12648807.591452042,2281447068.300693,1594.1563213178515,19574433.005709708,15 20,fail
1116,16,12683597.991452044,2281447068.300693,1594.1563213178515,19574433.005709708,15 16,fail
1117,16,12567629.991452044,2281447068.300693,1594.1563213178515,19574433.005709708,16 48,fail
1118,16,12572901.264179315,2281447068.300693,1594.1563213178515,19574433.005709708,16 44,fail
1119,16,12579226.791452045,2281447068.300693,1594.1563213178515,19574433.005709708,16 40,fail
1120,16,12586957.991452044,2281447068.300693,1594.1563213178515,19574433.005709708,16 36,fail
1121,16,12596621.991452044,2281447068.300693,1594.1563213178515,19574433.005709708,16 32,fail
1122,16,12609047.134309186,2281447068.300693,1594.1563213178515,19574433.005709708,16 28,fail
1123,16,12625613.991452044,2281447068.300693,1594.1563213178515,19574433.005709708,16 24,fail
1124,16,12648807.591452042,2281447068.300693,1594.1563213178515,19574433.005709708,16 20,fail
1125,16,12683597.991452044,2281447068.300693,1594.1563213178515,19574433.005709708,16 16,fail
1126,16,12567629.991452044,2281447068.300693,1594.1563213178515,19574433.005709708,17 48,fail
1127,16,12572901.264179315,2281447068.300693,1594.1563213178515,19574433.005709708,17 44,fail
1128,16,12579226.791452045,2281447068.300693,1594.1563213178515,19574433.005709708,17 40,fail
1129,16,12586957.991452044,2281447068.300693,1594.1563213178515,19574433.005709708,17 36,fail
1130,16,12596621.991452044,2281447068.300693,1594.1563213178515,19574433.005709708,17 32,fail
1131,16,12609047.134309186,2281447068.300693,1594.1563213178515,19574433.005709708,17 28,fail
1132,16,12625613.991452044,2281447068.300693,1594.1563213178515,19574433.005709708,17 24,fail
1133,16,12648807.591452042,2281447068.300693,1594.1563213178515,19574433.005709708,17 20,fail
1134,16,12683597.991452044,2281447068.300693,1594.1563213178515,19574433.005709708,17 16,fail
1135,16,12567629.991452044,2281447068.300693,1594.1563213178515,19574433.005709708,18 48,fail
1136,16,12572901.264179315,2281447068.300693,1594.1563213178515,19574433.005709708,18 44,fail
1137,16,12579226.791452045,2281447068.300693,1594.1563213178515,19574433.005709708,18 40,fail
1138,16,12586957.991452044,2281447068.300693,1594.1563213178515,19574433.005709708,18 36,fail
1139,16,12596621.991452044,2281447068.300693,1594.1563213178515,19574433.005709708,18 32,fail
1140,16,12609047.134309186,2281447068.300693,1594.1563213178515,19574433.005709708,18 28,fail
1141,16,12625613.991452044,2281447068.300693,1594.1563213178515,19574433.005709708,18 24,fail
1142,16,12648807.591452042,2281447068.300693,1594.1563213178515,19574433.005709708,18 20,fail
1143,16,12683597.991452044,2281447068.300693,1594.1563213178515,19574433.005709708,18 16,fail
1144,16,12567629.991452044,2281447068.300693,1594.1563213178515,19574433.005709708,19 48,fail
1145,16,12572901.264179315,2281447068.300693,1594.1563213178515,19574433.005709708,19 44,fail
1146,16,12579226.791452045,2281447068.300693,1594.1563213178515,19574433.005709708,19 40,fail
1147,16,12586957.991452044,2281447068.300693,1594.1563213178515,19574433.005709708,19 36,fail
1148,16,12596621.991452044,2281447068.300693,1594.1563213178515,19574433.005709708,19 32,fail
1149,16,12609047.134309186,2281447068.300693,1594.1563213178515,19574433.005709708,19 28,fail
1150,16,12625613.991452044,2281447068.300693,1594.1563213178515,19574433.005709708,19 24,fail
1151,16,12648807.591452042,2281447068.300693,1594.1563213178515,19574433.005709708,19 20,fail
1152,16,12683597.991452044,2281447068.300693,1594.1563213178515,19574433.005709708,19 16,fail
1153,16,12567629.991452044,2281447068.300693,1594.1563213178515,19574433.005709708,20 48,fail
1154,16,12572901.264179315,2281447068.300693,1594.1563213178515,19574433.005709708,20 44,fail
1155,16,12579226.791452045,2281447068.300693,1594.1563213178515,19574433.005709708,20 40,fail
1156,16,12586957.991452044,2281447068.300693,1594.1563213178515,19574433.005709708,20 36,fail
1157,16,12596621.991452044,2281447068.300693,1594.1563213178515,19574433.005709708,20 32,fail
1158,16,12609047.134309186,2281447068.300693,1594.1563213178515,19574433.005709708,20 28,fail
1159,16,12625613.991452044,2281447068.300693,1594.1563213178515,19574433.005709708,20 24,fail
1160,16,12648807.591452042,2281447068.300693,1594.1563213178515,19574433.005709708,20 20,fail
1161,16,12683597.991452044,2281447068.300693,1594.1563213178515,19574433.005709708,20 16,fail
1162,16,12567629.991452044,2281447068.300693,1594.1563213178515,19574433.005709708,21 48,fail
1163,16,12572901.264179315,2281447068.300693,1594.1563213178515,19574433.005709708,21 44,fail
1164,16,12579226.791452045,2281447068.300693,1594.1563213178515,19574433.005709708,21 40,fail
1165,16,12586957.991452044,2281447068.300693,1594.1563213178515,19574433.005709708,21 36,fail
1166,16,12596621.991452044,2281447068.300693,1594.1563213178515,19574433.005709708,21 32,fail
1167,16,12609047.134309186,2281447068.300693,1594.1563213178515,19574433.005709708,21 28,fail
1168,16,12625613.991452044,2281447068.300693,1594.1563213178515,19574433.005709708,21 24,fail
1169,16,12648807.591452042,2281447068.300693,1594.1563213178515,19574433.005709708,21 20,fail
1170,16,12683597.991452044,2281447068.300693,1594.1563213178515,19574433.005709708,21 16,fail
1171,16,12567629.991452044,2281447068.300693,1594.1563213178515,19574433.005709708,22 48,fail
1172,16,12572901.264179315,2281447068.300693,1594.1563213178515,19574433.005709708,22 44,fail
1173,16,12579226.791452045,2281447068.300693,1594.1563213178515,19574433.005709708,22 40,fail
1174,16,12586957.991452044,2281447068.300693,1594.1563213178515,19574433.005709708,22 36,fail
1175,16,12596621.991452044,2281447068.300693,1594.1563213178515,19574433.005709708,22 32,fail
1176,16,12609047.134309186,2281447068.300693,1594.1563213178515,19574433.005709708,22 28,fail
1177,16,12625613.991452044,2281447068.300693,1594.1563213178515,19574433.005709708,22 24,fail
1178,16,12648807.591452042,2281447068.300693,1594.1563213178515,19574433.005709708,22 20,fail
1179,16,12683597.991452044,2281447068.300693,1594.1563213178515,19574433.005709708,22 16,fail
1180,16,12567629.991452044,2281447068.300693,1594.1563213178515,19574433.005709708,23 48,fail
1181,16,12572901.264179315,2281447068.300693,1594.1563213178515,19574433.005709708,23 44,fail
1182,16,12579226.791452045,2281447068.300693,1594.1563213178515,19574433.005709708,23 40,fail
1183,16,12586957.991452044,2281447068.300693,1594.1563213178515,19574433.005709708,23 36,fail
1184,16,12596621.991452044,2281447068.300693,1594.1563213178515,19574433.005709708,23 32,fail
1185,16,12609047.134309186,2281447068.300693,1594.1563213178515,19574433.005709708,23 28,fail
1186,16,12625613.991452044,2281447068.300693,1594.1563213178515,19574433.005709708,23 24,fail
1187,16,12648807.591452042,2281447068.300693,1594.1563213178515,19574433.005709708,23 20,fail
1188,16,12683597.991452044,2281447068.300693,1594.1563213178515,19574433.005709708,23 16,fail
1189,16,12567629.991452044,2281447068.300693,1594.1563213178515,19574433.005709708,24 48,fail
1190,16,12572901.264179315,2281447068.300693,1594.1563213178515,19574433.005709708,24 44,fail
1191,16,12579226.791452045,2281447068.300693,1594.1563213178515,19574433.005709708,24 40,fail
1192,16,12586957.991452044,2281447068.300693,1594.1563213178515,19574433.005709708,24 36,fail
1193,16,12596621.991452044,2281447068.300693,1594.1563213178515,19574433.005709708,24 32,fail
1194,16,12609047.134309186,2281447068.300693,1594.1563213178515,19574433.005709708,24 28,fail
1195,16,12625613.991452044,2281447068.300693,1594.1563213178515,19574433.005709708,24 24,fail
1196,16,12648807.591452042,2281447068.300693,1594.1563213178515,19574433.005709708,24 20,fail
1197,16,12683597.991452044,2281447068.300693,1594.1563213178515,19574433.005709708,24 16,fail
